{"type":"FeatureCollection","meta":{"source":"Ayuntamiento de Madrid","resource":"300761-8-arbolado-especies","barrio":"EMBAJADORES","updated_dataset":"2026-07-27"},"features":[{"type":"Feature","id":"MAD-1653822","geometry":{"type":"Point","coordinates":[-3.7033452,40.4125223]},"properties":{"source":"madrid","assetnum":"1653822","district":"CENTRO","barrio":"EMBAJADORES","species_code":"CSI","species":"CERCIS SILIQUASTRUM","perimeter_cm":22.0,"height":6.0,"municipal_x":440325.267,"municipal_y":4473782.256}},{"type":"Feature","id":"MAD-1643907","geometry":{"type":"Point","coordinates":[-3.7040235,40.4066698]},"properties":{"source":"madrid","assetnum":"1643907","district":"CENTRO","barrio":"EMBAJADORES","species_code":"MEA","species":"MELIA AZEDARACH","perimeter_cm":60.0,"height":7.0,"municipal_x":440262.543,"municipal_y":4473133.088}},{"type":"Feature","id":"MAD-2053852","geometry":{"type":"Point","coordinates":[-3.705454,40.4139332]},"properties":{"source":"madrid","assetnum":"2053852","district":"CENTRO","barrio":"EMBAJADORES","species_code":"HSY","species":"HIBISCUS SYRIACUS","perimeter_cm":16.0,"height":3.0,"municipal_x":440147.592,"municipal_y":4473940.286}},{"type":"Feature","id":"MAD-1653136","geometry":{"type":"Point","coordinates":[-3.7034581,40.4073513]},"properties":{"source":"madrid","assetnum":"1653136","district":"CENTRO","barrio":"EMBAJADORES","species_code":"UJA","species":"ULMUS DAVIDIANA VAR. JAPONICA","perimeter_cm":80.0,"height":10.0,"municipal_x":440311.116,"municipal_y":4473208.353}},{"type":"Feature","id":"MAD-1650653","geometry":{"type":"Point","coordinates":[-3.7052033,40.4063624]},"properties":{"source":"madrid","assetnum":"1650653","district":"CENTRO","barrio":"EMBAJADORES","species_code":"CAU","species":"CELTIS AUSTRALIS","perimeter_cm":35.0,"height":6.0,"municipal_x":440162.161,"municipal_y":4473099.768}},{"type":"Feature","id":"MAD-1676789","geometry":{"type":"Point","coordinates":[-3.7083846,40.4086147]},"properties":{"source":"madrid","assetnum":"1676789","district":"CENTRO","barrio":"EMBAJADORES","species_code":"UPU","species":"ULMUS PUMILA","perimeter_cm":97.0,"height":14.0,"municipal_x":439894.216,"municipal_y":4473351.927}},{"type":"Feature","id":"MAD-1684545","geometry":{"type":"Point","coordinates":[-3.693822,40.4096387]},"properties":{"source":"madrid","assetnum":"1684545","district":"CENTRO","barrio":"EMBAJADORES","species_code":"LJV","species":"LIGUSTRUM JAPONICUM 'VARIEGATUM'","perimeter_cm":36.0,"height":6.5,"municipal_x":441130.748,"municipal_y":4473455.788}},{"type":"Feature","id":"MAD-1660541","geometry":{"type":"Point","coordinates":[-3.7064708,40.4104927]},"properties":{"source":"madrid","assetnum":"1660541","district":"CENTRO","barrio":"EMBAJADORES","species_code":"LJA","species":"LIGUSTRUM JAPONICUM","perimeter_cm":30.0,"height":9.0,"municipal_x":440058.27,"municipal_y":4473559.079}},{"type":"Feature","id":"MAD-1653266","geometry":{"type":"Point","coordinates":[-3.7020338,40.4054688]},"properties":{"source":"madrid","assetnum":"1653266","district":"CENTRO","barrio":"EMBAJADORES","species_code":"PDA","species":"PLATANUS X HISPANICA","perimeter_cm":211.0,"height":18.0,"municipal_x":440430.312,"municipal_y":4472998.432}},{"type":"Feature","id":"MAD-1643719","geometry":{"type":"Point","coordinates":[-3.7085632,40.4066534]},"properties":{"source":"madrid","assetnum":"1643719","district":"CENTRO","barrio":"EMBAJADORES","species_code":"RPS","species":"ROBINIA PSEUDOACACIA","perimeter_cm":137.0,"height":15.0,"municipal_x":439877.317,"municipal_y":4473134.347}},{"type":"Feature","id":"MAD-1672740","geometry":{"type":"Point","coordinates":[-3.7035846,40.4067033]},"properties":{"source":"madrid","assetnum":"1672740","district":"CENTRO","barrio":"EMBAJADORES","species_code":"RPS","species":"ROBINIA PSEUDOACACIA","perimeter_cm":80.0,"height":14.0,"municipal_x":440299.814,"municipal_y":4473136.504}},{"type":"Feature","id":"MAD-9345658","geometry":{"type":"Point","coordinates":[-3.6966139,40.4067934]},"properties":{"source":"madrid","assetnum":"9345658","district":"CENTRO","barrio":"EMBAJADORES","species_code":"LJV","species":"LIGUSTRUM JAPONICUM 'VARIEGATUM'","perimeter_cm":18.0,"height":4.0,"municipal_x":440891.366,"municipal_y":4473141.826}},{"type":"Feature","id":"MAD-1651693","geometry":{"type":"Point","coordinates":[-3.6983006,40.4116642]},"properties":{"source":"madrid","assetnum":"1651693","district":"CENTRO","barrio":"EMBAJADORES","species_code":"LJA","species":"LIGUSTRUM JAPONICUM","perimeter_cm":27.0,"height":7.0,"municipal_x":440752.522,"municipal_y":4473683.604}},{"type":"Feature","id":"MAD-1655117","geometry":{"type":"Point","coordinates":[-3.6968723,40.4076777]},"properties":{"source":"madrid","assetnum":"1655117","district":"CENTRO","barrio":"EMBAJADORES","species_code":"LJV","species":"LIGUSTRUM JAPONICUM 'VARIEGATUM'","perimeter_cm":16.0,"height":3.5,"municipal_x":440870.213,"municipal_y":4473240.15}},{"type":"Feature","id":"MAD-1649750","geometry":{"type":"Point","coordinates":[-3.703563,40.4084791]},"properties":{"source":"madrid","assetnum":"1649750","district":"CENTRO","barrio":"EMBAJADORES","species_code":"CAU","species":"CELTIS AUSTRALIS","perimeter_cm":39.0,"height":5.0,"municipal_x":440303.208,"municipal_y":4473333.601}},{"type":"Feature","id":"MAD-1635166","geometry":{"type":"Point","coordinates":[-3.7052383,40.4057607]},"properties":{"source":"madrid","assetnum":"1635166","district":"CENTRO","barrio":"EMBAJADORES","species_code":"SJA","species":"STYPHNOLOBIUM JAPONICUM","perimeter_cm":75.0,"height":9.0,"municipal_x":440158.655,"municipal_y":4473032.999}},{"type":"Feature","id":"MAD-1653147","geometry":{"type":"Point","coordinates":[-3.7083306,40.406169]},"properties":{"source":"madrid","assetnum":"1653147","district":"CENTRO","barrio":"EMBAJADORES","species_code":"SJA","species":"STYPHNOLOBIUM JAPONICUM","perimeter_cm":56.0,"height":7.0,"municipal_x":439896.625,"municipal_y":4473080.419}},{"type":"Feature","id":"MAD-1642722","geometry":{"type":"Point","coordinates":[-3.7090025,40.4065105]},"properties":{"source":"madrid","assetnum":"1642722","district":"CENTRO","barrio":"EMBAJADORES","species_code":"LIN","species":"LAGERSTROEMIA INDICA","perimeter_cm":24.0,"height":6.0,"municipal_x":439839.921,"municipal_y":4473118.781}},{"type":"Feature","id":"MAD-2054462","geometry":{"type":"Point","coordinates":[-3.6932873,40.4074669]},"properties":{"source":"madrid","assetnum":"2054462","district":"CENTRO","barrio":"EMBAJADORES","species_code":"QIL","species":"QUERCUS ILEX","perimeter_cm":118.0,"height":9.0,"municipal_x":441174.22,"municipal_y":4473214.362}},{"type":"Feature","id":"MAD-2060914","geometry":{"type":"Point","coordinates":[-3.6931828,40.4075233]},"properties":{"source":"madrid","assetnum":"2060914","district":"CENTRO","barrio":"EMBAJADORES","species_code":"LST","species":"LIQUIDAMBAR STYRACIFLUA","perimeter_cm":55.0,"height":6.0,"municipal_x":441183.141,"municipal_y":4473220.556}},{"type":"Feature","id":"MAD-1683991","geometry":{"type":"Point","coordinates":[-3.7016462,40.409103]},"properties":{"source":"madrid","assetnum":"1683991","district":"CENTRO","barrio":"EMBAJADORES","species_code":"RPS","species":"ROBINIA PSEUDOACACIA","perimeter_cm":43.0,"height":8.0,"municipal_x":440466.402,"municipal_y":4473401.561}},{"type":"Feature","id":"MAD-1671993","geometry":{"type":"Point","coordinates":[-3.7015499,40.4061178]},"properties":{"source":"madrid","assetnum":"1671993","district":"CENTRO","barrio":"EMBAJADORES","species_code":"LJA","species":"LIGUSTRUM JAPONICUM","perimeter_cm":69.0,"height":10.0,"municipal_x":440471.944,"municipal_y":4473070.15}},{"type":"Feature","id":"MAD-10202621","geometry":{"type":"Point","coordinates":[-3.7089095,40.4082863]},"properties":{"source":"madrid","assetnum":"10202621","district":"CENTRO","barrio":"EMBAJADORES","species_code":"AMO","species":"ACER MONSPESSULANUM","perimeter_cm":18.0,"height":4.0,"municipal_x":439849.393,"municipal_y":4473315.83}},{"type":"Feature","id":"MAD-1652479","geometry":{"type":"Point","coordinates":[-3.6990572,40.4061188]},"properties":{"source":"madrid","assetnum":"1652479","district":"CENTRO","barrio":"EMBAJADORES","species_code":"ANE","species":"ACER NEGUNDO","perimeter_cm":61.0,"height":10.0,"municipal_x":440683.455,"municipal_y":4473068.577}},{"type":"Feature","id":"MAD-1686350","geometry":{"type":"Point","coordinates":[-3.7085921,40.4109647]},"properties":{"source":"madrid","assetnum":"1686350","district":"CENTRO","barrio":"EMBAJADORES","species_code":"LJA","species":"LIGUSTRUM JAPONICUM","perimeter_cm":29.0,"height":6.0,"municipal_x":439878.702,"municipal_y":4473612.914}},{"type":"Feature","id":"MAD-1653321","geometry":{"type":"Point","coordinates":[-3.6994376,40.4118742]},"properties":{"source":"madrid","assetnum":"1653321","district":"CENTRO","barrio":"EMBAJADORES","species_code":"LJA","species":"LIGUSTRUM JAPONICUM","perimeter_cm":44.0,"height":8.0,"municipal_x":440656.234,"municipal_y":4473707.686}},{"type":"Feature","id":"MAD-1685262","geometry":{"type":"Point","coordinates":[-3.7004409,40.4077651]},"properties":{"source":"madrid","assetnum":"1685262","district":"CENTRO","barrio":"EMBAJADORES","species_code":"LJA","species":"LIGUSTRUM JAPONICUM","perimeter_cm":56.0,"height":8.0,"municipal_x":440567.497,"municipal_y":4473252.253}},{"type":"Feature","id":"MAD-5037490","geometry":{"type":"Point","coordinates":[-3.7043442,40.4080624]},"properties":{"source":"madrid","assetnum":"5037490","district":"CENTRO","barrio":"EMBAJADORES","species_code":"LJA","species":"LIGUSTRUM JAPONICUM","perimeter_cm":14.0,"height":3.7,"municipal_x":440236.556,"municipal_y":4473287.886}},{"type":"Feature","id":"MAD-1645714","geometry":{"type":"Point","coordinates":[-3.7038132,40.4097716]},"properties":{"source":"madrid","assetnum":"1645714","district":"CENTRO","barrio":"EMBAJADORES","species_code":"PCY","species":"PYRUS CALLERYANA","perimeter_cm":39.0,"height":5.5,"municipal_x":440283.124,"municipal_y":4473477.239}},{"type":"Feature","id":"MAD-2067544","geometry":{"type":"Point","coordinates":[-3.7021326,40.4094947]},"properties":{"source":"madrid","assetnum":"2067544","district":"CENTRO","barrio":"EMBAJADORES","species_code":"PYC","species":"PYRUS COMMUNIS","perimeter_cm":19.0,"height":5.5,"municipal_x":440425.478,"municipal_y":4473445.371}},{"type":"Feature","id":"MAD-1684498","geometry":{"type":"Point","coordinates":[-3.7069234,40.4107315]},"properties":{"source":"madrid","assetnum":"1684498","district":"CENTRO","barrio":"EMBAJADORES","species_code":"LJA","species":"LIGUSTRUM JAPONICUM","perimeter_cm":52.0,"height":7.0,"municipal_x":440020.082,"municipal_y":4473585.897}},{"type":"Feature","id":"MAD-7126820","geometry":{"type":"Point","coordinates":[-3.7057141,40.4119026]},"properties":{"source":"madrid","assetnum":"7126820","district":"CENTRO","barrio":"EMBAJADORES","species_code":"MEA","species":"MELIA AZEDARACH","perimeter_cm":36.0,"height":6.0,"municipal_x":440123.723,"municipal_y":4473715.068}},{"type":"Feature","id":"MAD-1671022","geometry":{"type":"Point","coordinates":[-3.7035443,40.4068414]},"properties":{"source":"madrid","assetnum":"1671022","district":"CENTRO","barrio":"EMBAJADORES","species_code":"SJA","species":"STYPHNOLOBIUM JAPONICUM","perimeter_cm":30.0,"height":8.0,"municipal_x":440303.355,"municipal_y":4473151.815}},{"type":"Feature","id":"MAD-1630030","geometry":{"type":"Point","coordinates":[-3.7054319,40.4064848]},"properties":{"source":"madrid","assetnum":"1630030","district":"CENTRO","barrio":"EMBAJADORES","species_code":"PDA","species":"PLATANUS X HISPANICA","perimeter_cm":47.0,"height":9.0,"municipal_x":440142.869,"municipal_y":4473113.5}},{"type":"Feature","id":"MAD-1683582","geometry":{"type":"Point","coordinates":[-3.696955,40.4078805]},"properties":{"source":"madrid","assetnum":"1683582","district":"CENTRO","barrio":"EMBAJADORES","species_code":"SJA","species":"STYPHNOLOBIUM JAPONICUM","perimeter_cm":32.0,"height":9.0,"municipal_x":440863.375,"municipal_y":4473262.716}},{"type":"Feature","id":"MAD-1673121","geometry":{"type":"Point","coordinates":[-3.7074097,40.4085593]},"properties":{"source":"madrid","assetnum":"1673121","district":"CENTRO","barrio":"EMBAJADORES","species_code":"PDA","species":"PLATANUS X HISPANICA","perimeter_cm":129.0,"height":18.0,"municipal_x":439976.888,"municipal_y":4473345.119}},{"type":"Feature","id":"MAD-9101094","geometry":{"type":"Point","coordinates":[-3.6961236,40.4101129]},"properties":{"source":"madrid","assetnum":"9101094","district":"CENTRO","barrio":"EMBAJADORES","species_code":"PCP","species":"PRUNUS CERASIFERA  SUBSP. PISSARDII","perimeter_cm":18.0,"height":5.0,"municipal_x":440935.875,"municipal_y":4473509.962}},{"type":"Feature","id":"MAD-1653133","geometry":{"type":"Point","coordinates":[-3.6983483,40.4079981]},"properties":{"source":"madrid","assetnum":"1653133","district":"CENTRO","barrio":"EMBAJADORES","species_code":"SJA","species":"STYPHNOLOBIUM JAPONICUM","perimeter_cm":117.0,"height":15.0,"municipal_x":440745.253,"municipal_y":4473276.709}},{"type":"Feature","id":"MAD-1682873","geometry":{"type":"Point","coordinates":[-3.6957126,40.4093838]},"properties":{"source":"madrid","assetnum":"1682873","district":"CENTRO","barrio":"EMBAJADORES","species_code":"AJU","species":"ALBIZIA JULIBRISSIN","perimeter_cm":54.0,"height":8.0,"municipal_x":440970.108,"municipal_y":4473428.757}},{"type":"Feature","id":"MAD-1656714","geometry":{"type":"Point","coordinates":[-3.7007119,40.4106609]},"properties":{"source":"madrid","assetnum":"1656714","district":"CENTRO","barrio":"EMBAJADORES","species_code":"RPS","species":"ROBINIA PSEUDOACACIA","perimeter_cm":69.0,"height":14.0,"municipal_x":440547.051,"municipal_y":4473573.868}},{"type":"Feature","id":"MAD-1676076","geometry":{"type":"Point","coordinates":[-3.7071264,40.4066073]},"properties":{"source":"madrid","assetnum":"1676076","district":"CENTRO","barrio":"EMBAJADORES","species_code":"PDA","species":"PLATANUS X HISPANICA","perimeter_cm":64.0,"height":12.0,"municipal_x":439999.193,"municipal_y":4473128.253}},{"type":"Feature","id":"MAD-9126612","geometry":{"type":"Point","coordinates":[-3.7016394,40.4127487]},"properties":{"source":"madrid","assetnum":"9126612","district":"CENTRO","barrio":"EMBAJADORES","species_code":"LJA","species":"LIGUSTRUM JAPONICUM","perimeter_cm":17.0,"height":3.8,"municipal_x":440470.194,"municipal_y":4473806.228}},{"type":"Feature","id":"MAD-9285531","geometry":{"type":"Point","coordinates":[-3.7028603,40.4081367]},"properties":{"source":"madrid","assetnum":"9285531","district":"CENTRO","barrio":"EMBAJADORES","species_code":"PCP","species":"PRUNUS CERASIFERA  SUBSP. PISSARDII","perimeter_cm":16.0,"height":3.5,"municipal_x":440362.534,"municipal_y":4473295.129}},{"type":"Feature","id":"MAD-9119993","geometry":{"type":"Point","coordinates":[-3.7004845,40.4078481]},"properties":{"source":"madrid","assetnum":"9119993","district":"CENTRO","barrio":"EMBAJADORES","species_code":"LJA","species":"LIGUSTRUM JAPONICUM","perimeter_cm":16.0,"height":3.8,"municipal_x":440563.871,"municipal_y":4473261.492}},{"type":"Feature","id":"MAD-1655279","geometry":{"type":"Point","coordinates":[-3.6971355,40.4076082]},"properties":{"source":"madrid","assetnum":"1655279","district":"CENTRO","barrio":"EMBAJADORES","species_code":"LJV","species":"LIGUSTRUM JAPONICUM 'VARIEGATUM'","perimeter_cm":29.0,"height":5.0,"municipal_x":440847.819,"municipal_y":4473232.619}},{"type":"Feature","id":"MAD-1689955","geometry":{"type":"Point","coordinates":[-3.7026035,40.4106659]},"properties":{"source":"madrid","assetnum":"1689955","district":"CENTRO","barrio":"EMBAJADORES","species_code":"MGR","species":"MAGNOLIA GRANDIFLORA","perimeter_cm":40.0,"height":9.0,"municipal_x":440386.556,"municipal_y":4473575.687}},{"type":"Feature","id":"MAD-1671809","geometry":{"type":"Point","coordinates":[-3.701153,40.4104718]},"properties":{"source":"madrid","assetnum":"1671809","district":"CENTRO","barrio":"EMBAJADORES","species_code":"LJA","species":"LIGUSTRUM JAPONICUM","perimeter_cm":30.0,"height":7.0,"municipal_x":440509.457,"municipal_y":4473553.164}},{"type":"Feature","id":"MAD-1686355","geometry":{"type":"Point","coordinates":[-3.7086073,40.4062206]},"properties":{"source":"madrid","assetnum":"1686355","district":"CENTRO","barrio":"EMBAJADORES","species_code":"SJA","species":"STYPHNOLOBIUM JAPONICUM","perimeter_cm":118.0,"height":15.0,"municipal_x":439873.195,"municipal_y":4473086.329}},{"type":"Feature","id":"MAD-5038436","geometry":{"type":"Point","coordinates":[-3.7084474,40.4064474]},"properties":{"source":"madrid","assetnum":"5038436","district":"CENTRO","barrio":"EMBAJADORES","species_code":"LIN","species":"LAGERSTROEMIA INDICA","perimeter_cm":14.0,"height":3.0,"municipal_x":439886.964,"municipal_y":4473111.399}},{"type":"Feature","id":"MAD-5127801","geometry":{"type":"Point","coordinates":[-3.6998306,40.4065622]},"properties":{"source":"madrid","assetnum":"5127801","district":"CENTRO","barrio":"EMBAJADORES","species_code":"LJA","species":"LIGUSTRUM JAPONICUM","perimeter_cm":14.0,"height":3.65,"municipal_x":440618.222,"municipal_y":4473118.321}},{"type":"Feature","id":"MAD-1629802","geometry":{"type":"Point","coordinates":[-3.7036315,40.4084469]},"properties":{"source":"madrid","assetnum":"1629802","district":"CENTRO","barrio":"EMBAJADORES","species_code":"SJA","species":"STYPHNOLOBIUM JAPONICUM","perimeter_cm":60.0,"height":8.0,"municipal_x":440297.37,"municipal_y":4473330.078}},{"type":"Feature","id":"MAD-1629560","geometry":{"type":"Point","coordinates":[-3.7049221,40.4122377]},"properties":{"source":"madrid","assetnum":"1629560","district":"CENTRO","barrio":"EMBAJADORES","species_code":"PDA","species":"PLATANUS X HISPANICA","perimeter_cm":180.0,"height":16.0,"municipal_x":440191.221,"municipal_y":4473751.726}},{"type":"Feature","id":"MAD-1660415","geometry":{"type":"Point","coordinates":[-3.7030252,40.4059404]},"properties":{"source":"madrid","assetnum":"1660415","district":"CENTRO","barrio":"EMBAJADORES","species_code":"LJV","species":"LIGUSTRUM JAPONICUM 'VARIEGATUM'","perimeter_cm":39.0,"height":8.0,"municipal_x":440346.603,"municipal_y":4473051.453}},{"type":"Feature","id":"MAD-1680736","geometry":{"type":"Point","coordinates":[-3.7014962,40.4061711]},"properties":{"source":"madrid","assetnum":"1680736","district":"CENTRO","barrio":"EMBAJADORES","species_code":"LJA","species":"LIGUSTRUM JAPONICUM","perimeter_cm":33.0,"height":7.0,"municipal_x":440476.55,"municipal_y":4473076.029}},{"type":"Feature","id":"MAD-1683538","geometry":{"type":"Point","coordinates":[-3.7077909,40.4121522]},"properties":{"source":"madrid","assetnum":"1683538","district":"CENTRO","barrio":"EMBAJADORES","species_code":"PDA","species":"PLATANUS X HISPANICA","perimeter_cm":170.0,"height":20.0,"municipal_x":439947.74,"municipal_y":4473744.187}},{"type":"Feature","id":"MAD-9345697","geometry":{"type":"Point","coordinates":[-3.6930361,40.4088577]},"properties":{"source":"madrid","assetnum":"9345697","district":"CENTRO","barrio":"EMBAJADORES","species_code":"LJV","species":"LIGUSTRUM JAPONICUM 'VARIEGATUM'","perimeter_cm":14.0,"height":2.8,"municipal_x":441196.752,"municipal_y":4473368.575}},{"type":"Feature","id":"MAD-1653182","geometry":{"type":"Point","coordinates":[-3.7024026,40.4129874]},"properties":{"source":"madrid","assetnum":"1653182","district":"CENTRO","barrio":"EMBAJADORES","species_code":"LJA","species":"LIGUSTRUM JAPONICUM","perimeter_cm":41.0,"height":7.5,"municipal_x":440405.645,"municipal_y":4473833.239}},{"type":"Feature","id":"MAD-1656633","geometry":{"type":"Point","coordinates":[-3.7002641,40.4060053]},"properties":{"source":"madrid","assetnum":"1656633","district":"CENTRO","barrio":"EMBAJADORES","species_code":"LJA","species":"LIGUSTRUM JAPONICUM","perimeter_cm":29.0,"height":7.0,"municipal_x":440580.949,"municipal_y":4473056.791}},{"type":"Feature","id":"MAD-1683532","geometry":{"type":"Point","coordinates":[-3.6979198,40.4065746]},"properties":{"source":"madrid","assetnum":"1683532","district":"CENTRO","barrio":"EMBAJADORES","species_code":"RPS","species":"ROBINIA PSEUDOACACIA","perimeter_cm":47.0,"height":13.0,"municipal_x":440780.372,"municipal_y":4473118.412}},{"type":"Feature","id":"MAD-1673147","geometry":{"type":"Point","coordinates":[-3.7072281,40.4096864]},"properties":{"source":"madrid","assetnum":"1673147","district":"CENTRO","barrio":"EMBAJADORES","species_code":"PDA","species":"PLATANUS X HISPANICA","perimeter_cm":130.0,"height":17.0,"municipal_x":439993.299,"municipal_y":4473470.1}},{"type":"Feature","id":"MAD-1652872","geometry":{"type":"Point","coordinates":[-3.7030139,40.40576]},"properties":{"source":"madrid","assetnum":"1652872","district":"CENTRO","barrio":"EMBAJADORES","species_code":"SJA","species":"STYPHNOLOBIUM JAPONICUM","perimeter_cm":34.0,"height":9.0,"municipal_x":440347.406,"municipal_y":4473031.412}},{"type":"Feature","id":"MAD-9119939","geometry":{"type":"Point","coordinates":[-3.7006074,40.4080477]},"properties":{"source":"madrid","assetnum":"9119939","district":"CENTRO","barrio":"EMBAJADORES","species_code":"LJA","species":"LIGUSTRUM JAPONICUM","perimeter_cm":16.0,"height":3.8,"municipal_x":440553.619,"municipal_y":4473283.733}},{"type":"Feature","id":"MAD-2075460","geometry":{"type":"Point","coordinates":[-3.7001596,40.40897]},"properties":{"source":"madrid","assetnum":"2075460","district":"CENTRO","barrio":"EMBAJADORES","species_code":"LJV","species":"LIGUSTRUM JAPONICUM 'VARIEGATUM'","perimeter_cm":17.0,"height":2.5,"municipal_x":440592.424,"municipal_y":4473385.798}},{"type":"Feature","id":"MAD-1658822","geometry":{"type":"Point","coordinates":[-3.7008322,40.4072669]},"properties":{"source":"madrid","assetnum":"1658822","district":"CENTRO","barrio":"EMBAJADORES","species_code":"PCP","species":"PRUNUS CERASIFERA  SUBSP. PISSARDII","perimeter_cm":29.0,"height":6.0,"municipal_x":440533.853,"municipal_y":4473197.212}},{"type":"Feature","id":"MAD-9394506","geometry":{"type":"Point","coordinates":[-3.6997242,40.4066006]},"properties":{"source":"madrid","assetnum":"9394506","district":"CENTRO","barrio":"EMBAJADORES","species_code":"LJA","species":"LIGUSTRUM JAPONICUM","perimeter_cm":18.0,"height":3.2,"municipal_x":440627.282,"municipal_y":4473122.51}},{"type":"Feature","id":"MAD-1683579","geometry":{"type":"Point","coordinates":[-3.6975096,40.4079862]},"properties":{"source":"madrid","assetnum":"1683579","district":"CENTRO","barrio":"EMBAJADORES","species_code":"SJA","species":"STYPHNOLOBIUM JAPONICUM","perimeter_cm":60.0,"height":11.0,"municipal_x":440816.413,"municipal_y":4473274.819}},{"type":"Feature","id":"MAD-1657927","geometry":{"type":"Point","coordinates":[-3.7008879,40.410411]},"properties":{"source":"madrid","assetnum":"1657927","district":"CENTRO","barrio":"EMBAJADORES","species_code":"MGR","species":"MAGNOLIA GRANDIFLORA","perimeter_cm":55.0,"height":12.0,"municipal_x":440531.891,"municipal_y":4473546.246}},{"type":"Feature","id":"MAD-10202494","geometry":{"type":"Point","coordinates":[-3.7047137,40.4137614]},"properties":{"source":"madrid","assetnum":"10202494","district":"CENTRO","barrio":"EMBAJADORES","species_code":"CAU","species":"CELTIS AUSTRALIS","perimeter_cm":25.0,"height":5.0,"municipal_x":440210.25,"municipal_y":4473920.716}},{"type":"Feature","id":"MAD-1660404","geometry":{"type":"Point","coordinates":[-3.7068391,40.4116568]},"properties":{"source":"madrid","assetnum":"1660404","district":"CENTRO","barrio":"EMBAJADORES","species_code":"PDA","species":"PLATANUS X HISPANICA","perimeter_cm":87.0,"height":17.0,"municipal_x":440028.06,"municipal_y":4473688.55}},{"type":"Feature","id":"MAD-1683610","geometry":{"type":"Point","coordinates":[-3.7014633,40.4088758]},"properties":{"source":"madrid","assetnum":"1683610","district":"CENTRO","barrio":"EMBAJADORES","species_code":"LJA","species":"LIGUSTRUM JAPONICUM","perimeter_cm":31.0,"height":5.0,"municipal_x":440481.723,"municipal_y":4473376.225}},{"type":"Feature","id":"MAD-9934793","geometry":{"type":"Point","coordinates":[-3.7080517,40.409299]},"properties":{"source":"madrid","assetnum":"9934793","district":"CENTRO","barrio":"EMBAJADORES","species_code":"AHI","species":"AESCULUS HIPPOCASTANUM","perimeter_cm":16.0,"height":2.7,"municipal_x":439923.073,"municipal_y":4473427.661}},{"type":"Feature","id":"MAD-1682922","geometry":{"type":"Point","coordinates":[-3.6978543,40.4080372]},"properties":{"source":"madrid","assetnum":"1682922","district":"CENTRO","barrio":"EMBAJADORES","species_code":"SJA","species":"STYPHNOLOBIUM JAPONICUM","perimeter_cm":109.0,"height":15.0,"municipal_x":440787.204,"municipal_y":4473280.713}},{"type":"Feature","id":"MAD-5037756","geometry":{"type":"Point","coordinates":[-3.6998405,40.4082396]},"properties":{"source":"madrid","assetnum":"5037756","district":"CENTRO","barrio":"EMBAJADORES","species_code":"SJA","species":"STYPHNOLOBIUM JAPONICUM","perimeter_cm":14.0,"height":3.8,"municipal_x":440618.856,"municipal_y":4473304.512}},{"type":"Feature","id":"MAD-1683739","geometry":{"type":"Point","coordinates":[-3.7000886,40.4083803]},"properties":{"source":"madrid","assetnum":"1683739","district":"CENTRO","barrio":"EMBAJADORES","species_code":"SJA","species":"STYPHNOLOBIUM JAPONICUM","perimeter_cm":45.0,"height":8.0,"municipal_x":440597.927,"municipal_y":4473320.3}},{"type":"Feature","id":"MAD-1660187","geometry":{"type":"Point","coordinates":[-3.7072092,40.4077147]},"properties":{"source":"madrid","assetnum":"1660187","district":"CENTRO","barrio":"EMBAJADORES","species_code":"PDA","species":"PLATANUS X HISPANICA","perimeter_cm":124.0,"height":18.0,"municipal_x":439993.157,"municipal_y":4473251.228}},{"type":"Feature","id":"MAD-1673768","geometry":{"type":"Point","coordinates":[-3.7072283,40.4094529]},"properties":{"source":"madrid","assetnum":"1673768","district":"CENTRO","barrio":"EMBAJADORES","species_code":"PDA","species":"PLATANUS X HISPANICA","perimeter_cm":54.0,"height":13.0,"municipal_x":439993.079,"municipal_y":4473444.179}},{"type":"Feature","id":"MAD-1675946","geometry":{"type":"Point","coordinates":[-3.7110551,40.4068753]},"properties":{"source":"madrid","assetnum":"1675946","district":"CENTRO","barrio":"EMBAJADORES","species_code":"PDA","species":"PLATANUS X HISPANICA","perimeter_cm":126.0,"height":15.0,"municipal_x":439666.077,"municipal_y":4473160.672}},{"type":"Feature","id":"MAD-1661326","geometry":{"type":"Point","coordinates":[-3.7072618,40.4105394]},"properties":{"source":"madrid","assetnum":"1661326","district":"CENTRO","barrio":"EMBAJADORES","species_code":"LJA","species":"LIGUSTRUM JAPONICUM","perimeter_cm":49.0,"height":7.0,"municipal_x":439991.199,"municipal_y":4473564.799}},{"type":"Feature","id":"MAD-10128673","geometry":{"type":"Point","coordinates":[-3.701588,40.4064664]},"properties":{"source":"madrid","assetnum":"10128673","district":"CENTRO","barrio":"EMBAJADORES","species_code":"PCP","species":"PRUNUS CERASIFERA  SUBSP. PISSARDII","perimeter_cm":16.0,"height":4.2,"municipal_x":440469.02,"municipal_y":4473108.867}},{"type":"Feature","id":"MAD-1651703","geometry":{"type":"Point","coordinates":[-3.6963891,40.4076761]},"properties":{"source":"madrid","assetnum":"1651703","district":"CENTRO","barrio":"EMBAJADORES","species_code":"SJA","species":"STYPHNOLOBIUM JAPONICUM","perimeter_cm":31.0,"height":6.0,"municipal_x":440911.212,"municipal_y":4473239.657}},{"type":"Feature","id":"MAD-1656254","geometry":{"type":"Point","coordinates":[-3.701698,40.4064178]},"properties":{"source":"madrid","assetnum":"1656254","district":"CENTRO","barrio":"EMBAJADORES","species_code":"LJA","species":"LIGUSTRUM JAPONICUM","perimeter_cm":69.0,"height":6.0,"municipal_x":440459.643,"municipal_y":4473103.541}},{"type":"Feature","id":"MAD-1670227","geometry":{"type":"Point","coordinates":[-3.6957276,40.4092676]},"properties":{"source":"madrid","assetnum":"1670227","district":"CENTRO","barrio":"EMBAJADORES","species_code":"AJU","species":"ALBIZIA JULIBRISSIN","perimeter_cm":70.0,"height":10.0,"municipal_x":440968.736,"municipal_y":4473415.864}},{"type":"Feature","id":"MAD-1661004","geometry":{"type":"Point","coordinates":[-3.7072529,40.4089181]},"properties":{"source":"madrid","assetnum":"1661004","district":"CENTRO","barrio":"EMBAJADORES","species_code":"PDA","species":"PLATANUS X HISPANICA","perimeter_cm":149.0,"height":18.0,"municipal_x":439990.518,"municipal_y":4473384.839}},{"type":"Feature","id":"MAD-6747355","geometry":{"type":"Point","coordinates":[-3.7049988,40.4059232]},"properties":{"source":"madrid","assetnum":"6747355","district":"CENTRO","barrio":"EMBAJADORES","species_code":"CAU","species":"CELTIS AUSTRALIS","perimeter_cm":16.0,"height":4.5,"municipal_x":440179.122,"municipal_y":4473050.868}},{"type":"Feature","id":"MAD-5037396","geometry":{"type":"Point","coordinates":[-3.70256,40.4099923]},"properties":{"source":"madrid","assetnum":"5037396","district":"CENTRO","barrio":"EMBAJADORES","species_code":"CAU","species":"CELTIS AUSTRALIS","perimeter_cm":17.0,"height":4.5,"municipal_x":440389.65,"municipal_y":4473500.896}},{"type":"Feature","id":"MAD-9101093","geometry":{"type":"Point","coordinates":[-3.6962852,40.4097717]},"properties":{"source":"madrid","assetnum":"9101093","district":"CENTRO","barrio":"EMBAJADORES","species_code":"PCP","species":"PRUNUS CERASIFERA  SUBSP. PISSARDII","perimeter_cm":18.0,"height":5.0,"municipal_x":440921.864,"municipal_y":4473472.195}},{"type":"Feature","id":"MAD-9101070","geometry":{"type":"Point","coordinates":[-3.6970985,40.4108442]},"properties":{"source":"madrid","assetnum":"9101070","district":"CENTRO","barrio":"EMBAJADORES","species_code":"PCP","species":"PRUNUS CERASIFERA  SUBSP. PISSARDII","perimeter_cm":18.0,"height":5.0,"municipal_x":440853.797,"municipal_y":4473591.779}},{"type":"Feature","id":"MAD-1660955","geometry":{"type":"Point","coordinates":[-3.7072486,40.4089733]},"properties":{"source":"madrid","assetnum":"1660955","district":"CENTRO","barrio":"EMBAJADORES","species_code":"PDA","species":"PLATANUS X HISPANICA","perimeter_cm":129.0,"height":18.0,"municipal_x":439990.928,"municipal_y":4473390.959}},{"type":"Feature","id":"MAD-1685080","geometry":{"type":"Point","coordinates":[-3.7039625,40.409488]},"properties":{"source":"madrid","assetnum":"1685080","district":"CENTRO","barrio":"EMBAJADORES","species_code":"AHI","species":"AESCULUS HIPPOCASTANUM","perimeter_cm":48.0,"height":5.0,"municipal_x":440270.206,"municipal_y":4473445.865}},{"type":"Feature","id":"MAD-6747353","geometry":{"type":"Point","coordinates":[-3.7050849,40.4059351]},"properties":{"source":"madrid","assetnum":"6747353","district":"CENTRO","barrio":"EMBAJADORES","species_code":"CAU","species":"CELTIS AUSTRALIS","perimeter_cm":16.0,"height":4.5,"municipal_x":440171.824,"municipal_y":4473052.249}},{"type":"Feature","id":"MAD-5037391","geometry":{"type":"Point","coordinates":[-3.6978758,40.4070353]},"properties":{"source":"madrid","assetnum":"5037391","district":"CENTRO","barrio":"EMBAJADORES","species_code":"FAN","species":"FRAXINUS ANGUSTIFOLIA","perimeter_cm":16.0,"height":4.7,"municipal_x":440784.503,"municipal_y":4473169.522}},{"type":"Feature","id":"MAD-1655051","geometry":{"type":"Point","coordinates":[-3.692591,40.4088224]},"properties":{"source":"madrid","assetnum":"1655051","district":"CENTRO","barrio":"EMBAJADORES","species_code":"PDA","species":"PLATANUS X HISPANICA","perimeter_cm":205.0,"height":20.0,"municipal_x":441234.48,"municipal_y":4473364.359}},{"type":"Feature","id":"MAD-1635687","geometry":{"type":"Point","coordinates":[-3.7035769,40.4083991]},"properties":{"source":"madrid","assetnum":"1635687","district":"CENTRO","barrio":"EMBAJADORES","species_code":"CAU","species":"CELTIS AUSTRALIS","perimeter_cm":26.0,"height":5.0,"municipal_x":440301.963,"municipal_y":4473324.739}},{"type":"Feature","id":"MAD-2053717","geometry":{"type":"Point","coordinates":[-3.69263,40.4081937]},"properties":{"source":"madrid","assetnum":"2053717","district":"CENTRO","barrio":"EMBAJADORES","species_code":"LST","species":"LIQUIDAMBAR STYRACIFLUA","perimeter_cm":71.0,"height":7.0,"municipal_x":441230.626,"municipal_y":4473294.595}},{"type":"Feature","id":"MAD-7129807","geometry":{"type":"Point","coordinates":[-3.7073217,40.4099416]},"properties":{"source":"madrid","assetnum":"7129807","district":"CENTRO","barrio":"EMBAJADORES","species_code":"LJA","species":"LIGUSTRUM JAPONICUM","perimeter_cm":22.0,"height":3.5,"municipal_x":439985.583,"municipal_y":4473498.489}},{"type":"Feature","id":"MAD-1650710","geometry":{"type":"Point","coordinates":[-3.7060836,40.4061597]},"properties":{"source":"madrid","assetnum":"1650710","district":"CENTRO","barrio":"EMBAJADORES","species_code":"SJA","species":"STYPHNOLOBIUM JAPONICUM","perimeter_cm":22.0,"height":4.5,"municipal_x":440087.286,"municipal_y":4473077.858}},{"type":"Feature","id":"MAD-1655033","geometry":{"type":"Point","coordinates":[-3.6988964,40.4071552]},"properties":{"source":"madrid","assetnum":"1655033","district":"CENTRO","barrio":"EMBAJADORES","species_code":"LTM","species":"LIGUSTRUM OVALIFOLIUM 'VARIEGATUM'","perimeter_cm":30.0,"height":5.0,"municipal_x":440698.013,"municipal_y":4473183.511}},{"type":"Feature","id":"MAD-1671838","geometry":{"type":"Point","coordinates":[-3.7010085,40.4103109]},"properties":{"source":"madrid","assetnum":"1671838","district":"CENTRO","barrio":"EMBAJADORES","species_code":"MGR","species":"MAGNOLIA GRANDIFLORA","perimeter_cm":57.0,"height":12.0,"municipal_x":440521.578,"municipal_y":4473535.213}},{"type":"Feature","id":"MAD-9345727","geometry":{"type":"Point","coordinates":[-3.7045831,40.4105597]},"properties":{"source":"madrid","assetnum":"9345727","district":"CENTRO","barrio":"EMBAJADORES","species_code":"LJA","species":"LIGUSTRUM JAPONICUM","perimeter_cm":18.0,"height":3.5,"municipal_x":440218.497,"municipal_y":4473565.239}},{"type":"Feature","id":"MAD-10202468","geometry":{"type":"Point","coordinates":[-3.7050334,40.4120678]},"properties":{"source":"madrid","assetnum":"10202468","district":"CENTRO","barrio":"EMBAJADORES","species_code":"CAU","species":"CELTIS AUSTRALIS","perimeter_cm":27.0,"height":5.0,"municipal_x":440181.626,"municipal_y":4473732.947}},{"type":"Feature","id":"MAD-1645793","geometry":{"type":"Point","coordinates":[-3.710468,40.4069893]},"properties":{"source":"madrid","assetnum":"1645793","district":"CENTRO","barrio":"EMBAJADORES","species_code":"APS","species":"ACER PSEUDOPLATANUS","perimeter_cm":48.0,"height":7.0,"municipal_x":439715.998,"municipal_y":4473172.926}},{"type":"Feature","id":"MAD-9047634","geometry":{"type":"Point","coordinates":[-3.7089292,40.4105615]},"properties":{"source":"madrid","assetnum":"9047634","district":"CENTRO","barrio":"EMBAJADORES","species_code":"LJA","species":"LIGUSTRUM JAPONICUM","perimeter_cm":16.0,"height":4.0,"municipal_x":439849.747,"municipal_y":4473568.391}},{"type":"Feature","id":"MAD-1660367","geometry":{"type":"Point","coordinates":[-3.7010832,40.4069502]},"properties":{"source":"madrid","assetnum":"1660367","district":"CENTRO","barrio":"EMBAJADORES","species_code":"PCP","species":"PRUNUS CERASIFERA  SUBSP. PISSARDII","perimeter_cm":63.0,"height":8.0,"municipal_x":440512.273,"municipal_y":4473162.232}},{"type":"Feature","id":"MAD-9101057","geometry":{"type":"Point","coordinates":[-3.6964782,40.4105246]},"properties":{"source":"madrid","assetnum":"9101057","district":"CENTRO","barrio":"EMBAJADORES","species_code":"PCP","species":"PRUNUS CERASIFERA  SUBSP. PISSARDII","perimeter_cm":18.0,"height":5.0,"municipal_x":440906.142,"municipal_y":4473555.894}},{"type":"Feature","id":"MAD-1653138","geometry":{"type":"Point","coordinates":[-3.7023635,40.4131727]},"properties":{"source":"madrid","assetnum":"1653138","district":"CENTRO","barrio":"EMBAJADORES","species_code":"LJA","species":"LIGUSTRUM JAPONICUM","perimeter_cm":35.0,"height":7.5,"municipal_x":440409.127,"municipal_y":4473853.781}},{"type":"Feature","id":"MAD-1671848","geometry":{"type":"Point","coordinates":[-3.7010703,40.4104761]},"properties":{"source":"madrid","assetnum":"1671848","district":"CENTRO","barrio":"EMBAJADORES","species_code":"LJA","species":"LIGUSTRUM JAPONICUM","perimeter_cm":60.0,"height":13.0,"municipal_x":440516.477,"municipal_y":4473553.594}},{"type":"Feature","id":"MAD-9389271","geometry":{"type":"Point","coordinates":[-3.7075745,40.4097125]},"properties":{"source":"madrid","assetnum":"9389271","district":"CENTRO","barrio":"EMBAJADORES","species_code":"AMO","species":"ACER MONSPESSULANUM","perimeter_cm":14.0,"height":3.0,"municipal_x":439963.929,"municipal_y":4473473.235}},{"type":"Feature","id":"MAD-6747347","geometry":{"type":"Point","coordinates":[-3.7051122,40.4060264]},"properties":{"source":"madrid","assetnum":"6747347","district":"CENTRO","barrio":"EMBAJADORES","species_code":"CAU","species":"CELTIS AUSTRALIS","perimeter_cm":20.0,"height":5.0,"municipal_x":440169.589,"municipal_y":4473062.403}},{"type":"Feature","id":"MAD-8902576","geometry":{"type":"Point","coordinates":[-3.7051471,40.4063729]},"properties":{"source":"madrid","assetnum":"8902576","district":"CENTRO","barrio":"EMBAJADORES","species_code":"CAU","species":"CELTIS AUSTRALIS","perimeter_cm":40.0,"height":7.0,"municipal_x":440166.937,"municipal_y":4473100.89}},{"type":"Feature","id":"MAD-1654003","geometry":{"type":"Point","coordinates":[-3.6994376,40.4117957]},"properties":{"source":"madrid","assetnum":"1654003","district":"CENTRO","barrio":"EMBAJADORES","species_code":"GBI","species":"GINKGO BILOBA","perimeter_cm":16.0,"height":6.0,"municipal_x":440656.168,"municipal_y":4473698.973}},{"type":"Feature","id":"MAD-1651495","geometry":{"type":"Point","coordinates":[-3.7027888,40.4092445]},"properties":{"source":"madrid","assetnum":"1651495","district":"CENTRO","barrio":"EMBAJADORES","species_code":"LJA","species":"LIGUSTRUM JAPONICUM","perimeter_cm":28.0,"height":7.0,"municipal_x":440369.582,"municipal_y":4473418.043}},{"type":"Feature","id":"MAD-2053850","geometry":{"type":"Point","coordinates":[-3.6929164,40.4078803]},"properties":{"source":"madrid","assetnum":"2053850","district":"CENTRO","barrio":"EMBAJADORES","species_code":"CSE","species":"CUPRESSUS SEMPERVIRENS","perimeter_cm":90.0,"height":8.0,"municipal_x":441206.05,"municipal_y":4473260.007}},{"type":"Feature","id":"MAD-1671973","geometry":{"type":"Point","coordinates":[-3.7004822,40.40652]},"properties":{"source":"madrid","assetnum":"1671973","district":"CENTRO","barrio":"EMBAJADORES","species_code":"LJA","species":"LIGUSTRUM JAPONICUM","perimeter_cm":31.0,"height":9.0,"municipal_x":440562.892,"municipal_y":4473114.071}},{"type":"Feature","id":"MAD-1661239","geometry":{"type":"Point","coordinates":[-3.707229,40.4097704]},"properties":{"source":"madrid","assetnum":"1661239","district":"CENTRO","barrio":"EMBAJADORES","species_code":"PDA","species":"PLATANUS X HISPANICA","perimeter_cm":148.0,"height":16.0,"municipal_x":439993.299,"municipal_y":4473479.42}},{"type":"Feature","id":"MAD-7126823","geometry":{"type":"Point","coordinates":[-3.7061112,40.4118353]},"properties":{"source":"madrid","assetnum":"7126823","district":"CENTRO","barrio":"EMBAJADORES","species_code":"MEA","species":"MELIA AZEDARACH","perimeter_cm":36.0,"height":6.0,"municipal_x":440089.978,"municipal_y":4473707.87}},{"type":"Feature","id":"MAD-5037652","geometry":{"type":"Point","coordinates":[-3.7073791,40.4110724]},"properties":{"source":"madrid","assetnum":"5037652","district":"CENTRO","barrio":"EMBAJADORES","species_code":"LJA","species":"LIGUSTRUM JAPONICUM","perimeter_cm":14.0,"height":2.7,"municipal_x":439981.717,"municipal_y":4473624.048}},{"type":"Feature","id":"MAD-10202487","geometry":{"type":"Point","coordinates":[-3.7049147,40.4132139]},"properties":{"source":"madrid","assetnum":"10202487","district":"CENTRO","barrio":"EMBAJADORES","species_code":"CAU","species":"CELTIS AUSTRALIS","perimeter_cm":25.0,"height":5.0,"municipal_x":440192.713,"municipal_y":4473860.079}},{"type":"Feature","id":"MAD-1653271","geometry":{"type":"Point","coordinates":[-3.7023906,40.4130412]},"properties":{"source":"madrid","assetnum":"1653271","district":"CENTRO","barrio":"EMBAJADORES","species_code":"LJA","species":"LIGUSTRUM JAPONICUM","perimeter_cm":44.0,"height":8.0,"municipal_x":440406.712,"municipal_y":4473839.208}},{"type":"Feature","id":"MAD-1661680","geometry":{"type":"Point","coordinates":[-3.7074427,40.4104756]},"properties":{"source":"madrid","assetnum":"1661680","district":"CENTRO","barrio":"EMBAJADORES","species_code":"LJA","species":"LIGUSTRUM JAPONICUM","perimeter_cm":45.0,"height":7.0,"municipal_x":439975.794,"municipal_y":4473557.846}},{"type":"Feature","id":"MAD-1677754","geometry":{"type":"Point","coordinates":[-3.6999568,40.4077366]},"properties":{"source":"madrid","assetnum":"1677754","district":"CENTRO","barrio":"EMBAJADORES","species_code":"HSY","species":"HIBISCUS SYRIACUS","perimeter_cm":20.0,"height":6.0,"municipal_x":440608.545,"municipal_y":4473248.762}},{"type":"Feature","id":"MAD-1661822","geometry":{"type":"Point","coordinates":[-3.7082255,40.4068994]},"properties":{"source":"madrid","assetnum":"1661822","district":"CENTRO","barrio":"EMBAJADORES","species_code":"LJA","species":"LIGUSTRUM JAPONICUM","perimeter_cm":42.0,"height":4.5,"municipal_x":439906.196,"municipal_y":4473161.418}},{"type":"Feature","id":"MAD-9968005","geometry":{"type":"Point","coordinates":[-3.7033863,40.4125273]},"properties":{"source":"madrid","assetnum":"9968005","district":"CENTRO","barrio":"EMBAJADORES","species_code":"CSI","species":"CERCIS SILIQUASTRUM","perimeter_cm":18.0,"height":3.2,"municipal_x":440321.779,"municipal_y":4473782.838}},{"type":"Feature","id":"MAD-9925364","geometry":{"type":"Point","coordinates":[-3.705346,40.4061182]},"properties":{"source":"madrid","assetnum":"9925364","district":"CENTRO","barrio":"EMBAJADORES","species_code":"LIN","species":"LAGERSTROEMIA INDICA","perimeter_cm":16.0,"height":2.5,"municipal_x":440149.831,"municipal_y":4473072.757}},{"type":"Feature","id":"MAD-5174468","geometry":{"type":"Point","coordinates":[-3.7085889,40.4066898]},"properties":{"source":"madrid","assetnum":"5174468","district":"CENTRO","barrio":"EMBAJADORES","species_code":"SJA","species":"STYPHNOLOBIUM JAPONICUM","perimeter_cm":16.0,"height":4.2,"municipal_x":439875.173,"municipal_y":4473138.399}},{"type":"Feature","id":"MAD-1659956","geometry":{"type":"Point","coordinates":[-3.7047637,40.4068598]},"properties":{"source":"madrid","assetnum":"1659956","district":"CENTRO","barrio":"EMBAJADORES","species_code":"CAU","species":"CELTIS AUSTRALIS","perimeter_cm":31.0,"height":6.0,"municipal_x":440199.902,"municipal_y":4473154.676}},{"type":"Feature","id":"MAD-9870874","geometry":{"type":"Point","coordinates":[-3.7046342,40.4085192]},"properties":{"source":"madrid","assetnum":"9870874","district":"CENTRO","barrio":"EMBAJADORES","species_code":"CAU","species":"CELTIS AUSTRALIS","perimeter_cm":16.0,"height":5.0,"municipal_x":440212.356,"municipal_y":4473338.786}},{"type":"Feature","id":"MAD-1635704","geometry":{"type":"Point","coordinates":[-3.704991,40.4063411]},"properties":{"source":"madrid","assetnum":"1635704","district":"CENTRO","barrio":"EMBAJADORES","species_code":"CAU","species":"CELTIS AUSTRALIS","perimeter_cm":69.0,"height":8.0,"municipal_x":440180.151,"municipal_y":4473097.251}},{"type":"Feature","id":"MAD-1683537","geometry":{"type":"Point","coordinates":[-3.7073056,40.410835]},"properties":{"source":"madrid","assetnum":"1683537","district":"CENTRO","barrio":"EMBAJADORES","species_code":"LJA","species":"LIGUSTRUM JAPONICUM","perimeter_cm":41.0,"height":5.0,"municipal_x":439987.744,"municipal_y":4473597.641}},{"type":"Feature","id":"MAD-9387183","geometry":{"type":"Point","coordinates":[-3.7010327,40.4071758]},"properties":{"source":"madrid","assetnum":"9387183","district":"CENTRO","barrio":"EMBAJADORES","species_code":"ACA","species":"ACER CAMPESTRE","perimeter_cm":18.0,"height":4.7,"municipal_x":440516.763,"municipal_y":4473187.232}},{"type":"Feature","id":"MAD-9126618","geometry":{"type":"Point","coordinates":[-3.6990146,40.4071257]},"properties":{"source":"madrid","assetnum":"9126618","district":"CENTRO","barrio":"EMBAJADORES","species_code":"LJV","species":"LIGUSTRUM JAPONICUM 'VARIEGATUM'","perimeter_cm":17.0,"height":4.0,"municipal_x":440687.959,"municipal_y":4473180.319}},{"type":"Feature","id":"MAD-9126644","geometry":{"type":"Point","coordinates":[-3.7037689,40.4105312]},"properties":{"source":"madrid","assetnum":"9126644","district":"CENTRO","barrio":"EMBAJADORES","species_code":"LJA","species":"LIGUSTRUM JAPONICUM","perimeter_cm":17.0,"height":3.8,"municipal_x":440287.552,"municipal_y":4473561.522}},{"type":"Feature","id":"MAD-1680337","geometry":{"type":"Point","coordinates":[-3.6957357,40.4105519]},"properties":{"source":"madrid","assetnum":"1680337","district":"CENTRO","barrio":"EMBAJADORES","species_code":"PDA","species":"PLATANUS X HISPANICA","perimeter_cm":118.0,"height":18.0,"municipal_x":440969.168,"municipal_y":4473558.428}},{"type":"Feature","id":"MAD-1644133","geometry":{"type":"Point","coordinates":[-3.7082728,40.4064127]},"properties":{"source":"madrid","assetnum":"1644133","district":"CENTRO","barrio":"EMBAJADORES","species_code":"LIN","species":"LAGERSTROEMIA INDICA","perimeter_cm":22.0,"height":6.0,"municipal_x":439901.751,"municipal_y":4473107.433}},{"type":"Feature","id":"MAD-2064192","geometry":{"type":"Point","coordinates":[-3.7075848,40.4114058]},"properties":{"source":"madrid","assetnum":"2064192","district":"CENTRO","barrio":"EMBAJADORES","species_code":"CAU","species":"CELTIS AUSTRALIS","perimeter_cm":18.0,"height":7.0,"municipal_x":439964.566,"municipal_y":4473661.195}},{"type":"Feature","id":"MAD-1675947","geometry":{"type":"Point","coordinates":[-3.7071176,40.406443]},"properties":{"source":"madrid","assetnum":"1675947","district":"CENTRO","barrio":"EMBAJADORES","species_code":"PDA","species":"PLATANUS X HISPANICA","perimeter_cm":53.0,"height":11.0,"municipal_x":439999.794,"municipal_y":4473110.008}},{"type":"Feature","id":"MAD-8800626","geometry":{"type":"Point","coordinates":[-3.7004462,40.4111761]},"properties":{"source":"madrid","assetnum":"8800626","district":"CENTRO","barrio":"EMBAJADORES","species_code":"RPS","species":"ROBINIA PSEUDOACACIA","perimeter_cm":20.0,"height":5.0,"municipal_x":440570.041,"municipal_y":4473630.868}},{"type":"Feature","id":"MAD-1657088","geometry":{"type":"Point","coordinates":[-3.7016498,40.4126964]},"properties":{"source":"madrid","assetnum":"1657088","district":"CENTRO","barrio":"EMBAJADORES","species_code":"LJA","species":"LIGUSTRUM JAPONICUM","perimeter_cm":51.0,"height":11.0,"municipal_x":440469.263,"municipal_y":4473800.431}},{"type":"Feature","id":"MAD-1643052","geometry":{"type":"Point","coordinates":[-3.7084179,40.4066036]},"properties":{"source":"madrid","assetnum":"1643052","district":"CENTRO","barrio":"EMBAJADORES","species_code":"RPS","species":"ROBINIA PSEUDOACACIA","perimeter_cm":130.0,"height":14.0,"municipal_x":439889.602,"municipal_y":4473128.721}},{"type":"Feature","id":"MAD-1673149","geometry":{"type":"Point","coordinates":[-3.7045236,40.4081113]},"properties":{"source":"madrid","assetnum":"1673149","district":"CENTRO","barrio":"EMBAJADORES","species_code":"SJA","species":"STYPHNOLOBIUM JAPONICUM","perimeter_cm":30.0,"height":6.0,"municipal_x":440221.384,"municipal_y":4473293.429}},{"type":"Feature","id":"MAD-1657079","geometry":{"type":"Point","coordinates":[-3.7030339,40.4076067]},"properties":{"source":"madrid","assetnum":"1657079","district":"CENTRO","barrio":"EMBAJADORES","species_code":"UPU","species":"ULMUS PUMILA","perimeter_cm":136.0,"height":16.0,"municipal_x":440347.334,"municipal_y":4473236.417}},{"type":"Feature","id":"MAD-5174462","geometry":{"type":"Point","coordinates":[-3.6989565,40.4061398]},"properties":{"source":"madrid","assetnum":"5174462","district":"CENTRO","barrio":"EMBAJADORES","species_code":"LJA","species":"LIGUSTRUM JAPONICUM","perimeter_cm":16.0,"height":3.0,"municipal_x":440692.018,"municipal_y":4473070.847}},{"type":"Feature","id":"MAD-7942772","geometry":{"type":"Point","coordinates":[-3.7036282,40.4083442]},"properties":{"source":"madrid","assetnum":"7942772","district":"CENTRO","barrio":"EMBAJADORES","species_code":"QIL","species":"QUERCUS ILEX","perimeter_cm":80.0,"height":3.0,"municipal_x":440297.557,"municipal_y":4473318.672}},{"type":"Feature","id":"MAD-1649650","geometry":{"type":"Point","coordinates":[-3.6952526,40.4084624]},"properties":{"source":"madrid","assetnum":"1649650","district":"CENTRO","barrio":"EMBAJADORES","species_code":"RPS","species":"ROBINIA PSEUDOACACIA","perimeter_cm":24.0,"height":7.0,"municipal_x":441008.333,"municipal_y":4473326.176}},{"type":"Feature","id":"MAD-1629122","geometry":{"type":"Point","coordinates":[-3.7030663,40.407593]},"properties":{"source":"madrid","assetnum":"1629122","district":"CENTRO","barrio":"EMBAJADORES","species_code":"LJA","species":"LIGUSTRUM JAPONICUM","perimeter_cm":23.0,"height":3.0,"municipal_x":440344.578,"municipal_y":4473234.911}},{"type":"Feature","id":"MAD-9047630","geometry":{"type":"Point","coordinates":[-3.7088359,40.4106846]},"properties":{"source":"madrid","assetnum":"9047630","district":"CENTRO","barrio":"EMBAJADORES","species_code":"LJA","species":"LIGUSTRUM JAPONICUM","perimeter_cm":16.0,"height":4.0,"municipal_x":439857.771,"municipal_y":4473581.989}},{"type":"Feature","id":"MAD-7901831","geometry":{"type":"Point","coordinates":[-3.6961974,40.4069046]},"properties":{"source":"madrid","assetnum":"7901831","district":"CENTRO","barrio":"EMBAJADORES","species_code":"SJA","species":"STYPHNOLOBIUM JAPONICUM","perimeter_cm":16.0,"height":3.0,"municipal_x":440926.805,"municipal_y":4473153.884}},{"type":"Feature","id":"MAD-1657714","geometry":{"type":"Point","coordinates":[-3.7056644,40.410741]},"properties":{"source":"madrid","assetnum":"1657714","district":"CENTRO","barrio":"EMBAJADORES","species_code":"LJA","species":"LIGUSTRUM JAPONICUM","perimeter_cm":36.0,"height":8.0,"municipal_x":440126.913,"municipal_y":4473586.102}},{"type":"Feature","id":"MAD-1650757","geometry":{"type":"Point","coordinates":[-3.70457,40.4060954]},"properties":{"source":"madrid","assetnum":"1650757","district":"CENTRO","barrio":"EMBAJADORES","species_code":"CAU","species":"CELTIS AUSTRALIS","perimeter_cm":51.0,"height":7.0,"municipal_x":440215.657,"municipal_y":4473069.699}},{"type":"Feature","id":"MAD-2060931","geometry":{"type":"Point","coordinates":[-3.7034182,40.4098214]},"properties":{"source":"madrid","assetnum":"2060931","district":"CENTRO","barrio":"EMBAJADORES","species_code":"KPA","species":"KOELREUTERIA PANICULATA","perimeter_cm":29.0,"height":5.0,"municipal_x":440316.68,"municipal_y":4473482.504}},{"type":"Feature","id":"MAD-7942778","geometry":{"type":"Point","coordinates":[-3.7034776,40.4082067]},"properties":{"source":"madrid","assetnum":"7942778","district":"CENTRO","barrio":"EMBAJADORES","species_code":"QURF","species":"QUERCUS ROBUR 'FASTIGIATA'","perimeter_cm":30.0,"height":4.0,"municipal_x":440310.217,"municipal_y":4473303.313}},{"type":"Feature","id":"MAD-6963385","geometry":{"type":"Point","coordinates":[-3.7045682,40.4084385]},"properties":{"source":"madrid","assetnum":"6963385","district":"CENTRO","barrio":"EMBAJADORES","species_code":"AUM","species":"ACER BUERGERIANUM","perimeter_cm":20.0,"height":4.0,"municipal_x":440217.886,"municipal_y":4473329.776}},{"type":"Feature","id":"MAD-5174481","geometry":{"type":"Point","coordinates":[-3.7062979,40.4064438]},"properties":{"source":"madrid","assetnum":"5174481","district":"CENTRO","barrio":"EMBAJADORES","species_code":"CAU","species":"CELTIS AUSTRALIS","perimeter_cm":20.0,"height":4.8,"municipal_x":440069.35,"municipal_y":4473109.544}},{"type":"Feature","id":"MAD-1642758","geometry":{"type":"Point","coordinates":[-3.7086403,40.4064387]},"properties":{"source":"madrid","assetnum":"1642758","district":"CENTRO","barrio":"EMBAJADORES","species_code":"LIN","species":"LAGERSTROEMIA INDICA","perimeter_cm":27.0,"height":5.0,"municipal_x":439870.591,"municipal_y":4473110.562}},{"type":"Feature","id":"MAD-1683749","geometry":{"type":"Point","coordinates":[-3.7014695,40.4115099]},"properties":{"source":"madrid","assetnum":"1683749","district":"CENTRO","barrio":"EMBAJADORES","species_code":"UMI","species":"ULMUS MINOR","perimeter_cm":70.0,"height":13.0,"municipal_x":440483.516,"municipal_y":4473668.616}},{"type":"Feature","id":"MAD-1629540","geometry":{"type":"Point","coordinates":[-3.7053471,40.4065157]},"properties":{"source":"madrid","assetnum":"1629540","district":"CENTRO","barrio":"EMBAJADORES","species_code":"PDA","species":"PLATANUS X HISPANICA","perimeter_cm":77.0,"height":12.0,"municipal_x":440150.091,"municipal_y":4473116.881}},{"type":"Feature","id":"MAD-1660071","geometry":{"type":"Point","coordinates":[-3.7080017,40.4063914]},"properties":{"source":"madrid","assetnum":"1660071","district":"CENTRO","barrio":"EMBAJADORES","species_code":"LJV","species":"LIGUSTRUM JAPONICUM 'VARIEGATUM'","perimeter_cm":39.0,"height":5.0,"municipal_x":439924.729,"municipal_y":4473104.881}},{"type":"Feature","id":"MAD-9101098","geometry":{"type":"Point","coordinates":[-3.6976974,40.4109481]},"properties":{"source":"madrid","assetnum":"9101098","district":"CENTRO","barrio":"EMBAJADORES","species_code":"PCP","species":"PRUNUS CERASIFERA  SUBSP. PISSARDII","perimeter_cm":18.0,"height":5.0,"municipal_x":440803.071,"municipal_y":4473603.717}},{"type":"Feature","id":"MAD-1629347","geometry":{"type":"Point","coordinates":[-3.7045627,40.4067515]},"properties":{"source":"madrid","assetnum":"1629347","district":"CENTRO","barrio":"EMBAJADORES","species_code":"CBI","species":"CATALPA BIGNONIOIDES","perimeter_cm":35.0,"height":7.0,"municipal_x":440216.863,"municipal_y":4473142.515}},{"type":"Feature","id":"MAD-1661259","geometry":{"type":"Point","coordinates":[-3.7074438,40.4079498]},"properties":{"source":"madrid","assetnum":"1661259","district":"CENTRO","barrio":"EMBAJADORES","species_code":"PDA","species":"PLATANUS X HISPANICA","perimeter_cm":138.0,"height":18.0,"municipal_x":439973.458,"municipal_y":4473277.483}},{"type":"Feature","id":"MAD-1683574","geometry":{"type":"Point","coordinates":[-3.7002932,40.4075262]},"properties":{"source":"madrid","assetnum":"1683574","district":"CENTRO","barrio":"EMBAJADORES","species_code":"LJA","species":"LIGUSTRUM JAPONICUM","perimeter_cm":44.0,"height":9.0,"municipal_x":440579.816,"municipal_y":4473225.631}},{"type":"Feature","id":"MAD-6747321","geometry":{"type":"Point","coordinates":[-3.705348,40.406026]},"properties":{"source":"madrid","assetnum":"6747321","district":"CENTRO","barrio":"EMBAJADORES","species_code":"CAU","species":"CELTIS AUSTRALIS","perimeter_cm":23.0,"height":4.0,"municipal_x":440149.581,"municipal_y":4473062.515}},{"type":"Feature","id":"MAD-1664685","geometry":{"type":"Point","coordinates":[-3.7059715,40.4112031]},"properties":{"source":"madrid","assetnum":"1664685","district":"CENTRO","barrio":"EMBAJADORES","species_code":"LJA","species":"LIGUSTRUM JAPONICUM","perimeter_cm":42.0,"height":8.0,"municipal_x":440101.268,"municipal_y":4473637.594}},{"type":"Feature","id":"MAD-1683509","geometry":{"type":"Point","coordinates":[-3.6975769,40.4065258]},"properties":{"source":"madrid","assetnum":"1683509","district":"CENTRO","barrio":"EMBAJADORES","species_code":"ANE","species":"ACER NEGUNDO","perimeter_cm":87.0,"height":11.0,"municipal_x":440809.422,"municipal_y":4473112.77}},{"type":"Feature","id":"MAD-7129938","geometry":{"type":"Point","coordinates":[-3.7069352,40.4070472]},"properties":{"source":"madrid","assetnum":"7129938","district":"CENTRO","barrio":"EMBAJADORES","species_code":"LJA","species":"LIGUSTRUM JAPONICUM","perimeter_cm":30.0,"height":3.5,"municipal_x":440015.807,"municipal_y":4473176.945}},{"type":"Feature","id":"MAD-1656250","geometry":{"type":"Point","coordinates":[-3.7045605,40.412544]},"properties":{"source":"madrid","assetnum":"1656250","district":"CENTRO","barrio":"EMBAJADORES","species_code":"RPS","species":"ROBINIA PSEUDOACACIA","perimeter_cm":36.0,"height":8.0,"municipal_x":440222.172,"municipal_y":4473785.486}},{"type":"Feature","id":"MAD-1685663","geometry":{"type":"Point","coordinates":[-3.7063169,40.4063937]},"properties":{"source":"madrid","assetnum":"1685663","district":"CENTRO","barrio":"EMBAJADORES","species_code":"UPU","species":"ULMUS PUMILA","perimeter_cm":86.0,"height":17.0,"municipal_x":440067.691,"municipal_y":4473103.99}},{"type":"Feature","id":"MAD-1684700","geometry":{"type":"Point","coordinates":[-3.7005626,40.4077547]},"properties":{"source":"madrid","assetnum":"1684700","district":"CENTRO","barrio":"EMBAJADORES","species_code":"LJA","species":"LIGUSTRUM JAPONICUM","perimeter_cm":69.0,"height":10.0,"municipal_x":440557.157,"municipal_y":4473251.173}},{"type":"Feature","id":"MAD-7129841","geometry":{"type":"Point","coordinates":[-3.7084986,40.4061936]},"properties":{"source":"madrid","assetnum":"7129841","district":"CENTRO","barrio":"EMBAJADORES","species_code":"SJA","species":"STYPHNOLOBIUM JAPONICUM","perimeter_cm":17.0,"height":4.0,"municipal_x":439882.395,"municipal_y":4473083.259}},{"type":"Feature","id":"MAD-1651579","geometry":{"type":"Point","coordinates":[-3.7013566,40.4058807]},"properties":{"source":"madrid","assetnum":"1651579","district":"CENTRO","barrio":"EMBAJADORES","species_code":"LJA","species":"LIGUSTRUM JAPONICUM","perimeter_cm":40.0,"height":9.0,"municipal_x":440488.139,"municipal_y":4473043.692}},{"type":"Feature","id":"MAD-1661005","geometry":{"type":"Point","coordinates":[-3.7045516,40.4085674]},"properties":{"source":"madrid","assetnum":"1661005","district":"CENTRO","barrio":"EMBAJADORES","species_code":"UPU","species":"ULMUS PUMILA","perimeter_cm":124.0,"height":16.0,"municipal_x":440219.406,"municipal_y":4473344.076}},{"type":"Feature","id":"MAD-7901823","geometry":{"type":"Point","coordinates":[-3.7043595,40.4125204]},"properties":{"source":"madrid","assetnum":"7901823","district":"CENTRO","barrio":"EMBAJADORES","species_code":"SJA","species":"STYPHNOLOBIUM JAPONICUM","perimeter_cm":16.0,"height":3.0,"municipal_x":440239.207,"municipal_y":4473782.731}},{"type":"Feature","id":"MAD-1678140","geometry":{"type":"Point","coordinates":[-3.6976312,40.4102819]},"properties":{"source":"madrid","assetnum":"1678140","district":"CENTRO","barrio":"EMBAJADORES","species_code":"AJU","species":"ALBIZIA JULIBRISSIN","perimeter_cm":15.0,"height":4.0,"municipal_x":440808.106,"municipal_y":4473529.73}},{"type":"Feature","id":"MAD-1630034","geometry":{"type":"Point","coordinates":[-3.7059373,40.4057338]},"properties":{"source":"madrid","assetnum":"1630034","district":"CENTRO","barrio":"EMBAJADORES","species_code":"UPU","species":"ULMUS PUMILA","perimeter_cm":240.0,"height":15.0,"municipal_x":440099.321,"municipal_y":4473030.491}},{"type":"Feature","id":"MAD-1672518","geometry":{"type":"Point","coordinates":[-3.7065633,40.4102413]},"properties":{"source":"madrid","assetnum":"1672518","district":"CENTRO","barrio":"EMBAJADORES","species_code":"LJA","species":"LIGUSTRUM JAPONICUM","perimeter_cm":36.0,"height":7.0,"municipal_x":440050.198,"municipal_y":4473531.235}},{"type":"Feature","id":"MAD-1661234","geometry":{"type":"Point","coordinates":[-3.7059422,40.4095983]},"properties":{"source":"madrid","assetnum":"1661234","district":"CENTRO","barrio":"EMBAJADORES","species_code":"LJA","species":"LIGUSTRUM JAPONICUM","perimeter_cm":45.0,"height":8.0,"municipal_x":440102.327,"municipal_y":4473459.451}},{"type":"Feature","id":"MAD-9923361","geometry":{"type":"Point","coordinates":[-3.6987381,40.4121438]},"properties":{"source":"madrid","assetnum":"9923361","district":"CENTRO","barrio":"EMBAJADORES","species_code":"CSE","species":"CUPRESSUS SEMPERVIRENS","perimeter_cm":14.0,"height":2.5,"municipal_x":440715.818,"municipal_y":4473737.141}},{"type":"Feature","id":"MAD-9875968","geometry":{"type":"Point","coordinates":[-3.7061687,40.4098466]},"properties":{"source":"madrid","assetnum":"9875968","district":"CENTRO","barrio":"EMBAJADORES","species_code":"LJA","species":"LIGUSTRUM JAPONICUM","perimeter_cm":13.0,"height":4.0,"municipal_x":440083.329,"municipal_y":4473487.159}},{"type":"Feature","id":"MAD-9329775","geometry":{"type":"Point","coordinates":[-3.7085076,40.4068994]},"properties":{"source":"madrid","assetnum":"9329775","district":"CENTRO","barrio":"EMBAJADORES","species_code":"LJA","species":"LIGUSTRUM JAPONICUM","perimeter_cm":16.0,"height":3.5,"municipal_x":439882.261,"municipal_y":4473161.611}},{"type":"Feature","id":"MAD-1651567","geometry":{"type":"Point","coordinates":[-3.7014021,40.4059343]},"properties":{"source":"madrid","assetnum":"1651567","district":"CENTRO","barrio":"EMBAJADORES","species_code":"LJA","species":"LIGUSTRUM JAPONICUM","perimeter_cm":60.0,"height":9.0,"municipal_x":440484.319,"municipal_y":4473049.675}},{"type":"Feature","id":"MAD-9345734","geometry":{"type":"Point","coordinates":[-3.7032757,40.4084945]},"properties":{"source":"madrid","assetnum":"9345734","district":"CENTRO","barrio":"EMBAJADORES","species_code":"LJA","species":"LIGUSTRUM JAPONICUM","perimeter_cm":18.0,"height":3.5,"municipal_x":440327.605,"municipal_y":4473335.119}},{"type":"Feature","id":"MAD-1629569","geometry":{"type":"Point","coordinates":[-3.7035964,40.4084358]},"properties":{"source":"madrid","assetnum":"1629569","district":"CENTRO","barrio":"EMBAJADORES","species_code":"GTR","species":"GLEDITSIA TRIACANTHOS","perimeter_cm":68.0,"height":9.0,"municipal_x":440300.337,"municipal_y":4473328.819}},{"type":"Feature","id":"MAD-1672520","geometry":{"type":"Point","coordinates":[-3.7074178,40.410919]},"properties":{"source":"madrid","assetnum":"1672520","district":"CENTRO","barrio":"EMBAJADORES","species_code":"LJA","species":"LIGUSTRUM JAPONICUM","perimeter_cm":28.0,"height":5.0,"municipal_x":439978.298,"municipal_y":4473607.039}},{"type":"Feature","id":"MAD-9101053","geometry":{"type":"Point","coordinates":[-3.6967615,40.4106701]},"properties":{"source":"madrid","assetnum":"9101053","district":"CENTRO","barrio":"EMBAJADORES","species_code":"PCP","species":"PRUNUS CERASIFERA  SUBSP. PISSARDII","perimeter_cm":18.0,"height":5.0,"municipal_x":440882.24,"municipal_y":4473572.233}},{"type":"Feature","id":"MAD-1652483","geometry":{"type":"Point","coordinates":[-3.7015328,40.4133378]},"properties":{"source":"madrid","assetnum":"1652483","district":"CENTRO","barrio":"EMBAJADORES","species_code":"LJA","species":"LIGUSTRUM JAPONICUM","perimeter_cm":40.0,"height":8.0,"municipal_x":440479.753,"municipal_y":4473871.546}},{"type":"Feature","id":"MAD-1672510","geometry":{"type":"Point","coordinates":[-3.7072284,40.4100002]},"properties":{"source":"madrid","assetnum":"1672510","district":"CENTRO","barrio":"EMBAJADORES","species_code":"LJA","species":"LIGUSTRUM JAPONICUM","perimeter_cm":45.0,"height":6.0,"municipal_x":439993.558,"municipal_y":4473504.929}},{"type":"Feature","id":"MAD-1643061","geometry":{"type":"Point","coordinates":[-3.7105661,40.4069708]},"properties":{"source":"madrid","assetnum":"1643061","district":"CENTRO","barrio":"EMBAJADORES","species_code":"CAU","species":"CELTIS AUSTRALIS","perimeter_cm":39.0,"height":7.0,"municipal_x":439707.655,"municipal_y":4473170.936}},{"type":"Feature","id":"MAD-1657305","geometry":{"type":"Point","coordinates":[-3.7033823,40.4063813]},"properties":{"source":"madrid","assetnum":"1657305","district":"CENTRO","barrio":"EMBAJADORES","species_code":"SJA","species":"STYPHNOLOBIUM JAPONICUM","perimeter_cm":115.0,"height":17.0,"municipal_x":440316.695,"municipal_y":4473100.625}},{"type":"Feature","id":"MAD-1662649","geometry":{"type":"Point","coordinates":[-3.7074566,40.4078353]},"properties":{"source":"madrid","assetnum":"1662649","district":"CENTRO","barrio":"EMBAJADORES","species_code":"PDA","species":"PLATANUS X HISPANICA","perimeter_cm":134.0,"height":18.0,"municipal_x":439972.267,"municipal_y":4473264.779}},{"type":"Feature","id":"MAD-6747303","geometry":{"type":"Point","coordinates":[-3.7060633,40.4059809]},"properties":{"source":"madrid","assetnum":"6747303","district":"CENTRO","barrio":"EMBAJADORES","species_code":"PAR","species":"PYRUS CALLERYANA 'CHANTICLEER'","perimeter_cm":18.0,"height":5.0,"municipal_x":440088.843,"municipal_y":4473058.0}},{"type":"Feature","id":"MAD-1642945","geometry":{"type":"Point","coordinates":[-3.7044204,40.4065951]},"properties":{"source":"madrid","assetnum":"1642945","district":"CENTRO","barrio":"EMBAJADORES","species_code":"MEA","species":"MELIA AZEDARACH","perimeter_cm":39.0,"height":6.0,"municipal_x":440228.794,"municipal_y":4473125.057}},{"type":"Feature","id":"MAD-9132646","geometry":{"type":"Point","coordinates":[-3.6958579,40.4084908]},"properties":{"source":"madrid","assetnum":"9132646","district":"CENTRO","barrio":"EMBAJADORES","species_code":"LJV","species":"LIGUSTRUM JAPONICUM 'VARIEGATUM'","perimeter_cm":17.0,"height":4.0,"municipal_x":440956.997,"municipal_y":4473329.727}},{"type":"Feature","id":"MAD-7925219","geometry":{"type":"Point","coordinates":[-3.7025763,40.4105906]},"properties":{"source":"madrid","assetnum":"7925219","district":"CENTRO","barrio":"EMBAJADORES","species_code":"MEA","species":"MELIA AZEDARACH","perimeter_cm":26.0,"height":5.0,"municipal_x":440388.797,"municipal_y":4473567.316}},{"type":"Feature","id":"MAD-1683521","geometry":{"type":"Point","coordinates":[-3.7023979,40.4071022]},"properties":{"source":"madrid","assetnum":"1683521","district":"CENTRO","barrio":"EMBAJADORES","species_code":"LJA","species":"LIGUSTRUM JAPONICUM","perimeter_cm":64.0,"height":9.0,"municipal_x":440400.857,"municipal_y":4473179.984}},{"type":"Feature","id":"MAD-9934812","geometry":{"type":"Point","coordinates":[-3.7081468,40.4093908]},"properties":{"source":"madrid","assetnum":"9934812","district":"CENTRO","barrio":"EMBAJADORES","species_code":"AHI","species":"AESCULUS HIPPOCASTANUM","perimeter_cm":16.0,"height":2.6,"municipal_x":439915.087,"municipal_y":4473437.915}},{"type":"Feature","id":"MAD-1683761","geometry":{"type":"Point","coordinates":[-3.6974416,40.4079693]},"properties":{"source":"madrid","assetnum":"1683761","district":"CENTRO","barrio":"EMBAJADORES","species_code":"SJA","species":"STYPHNOLOBIUM JAPONICUM","perimeter_cm":48.0,"height":11.0,"municipal_x":440822.163,"municipal_y":4473272.899}},{"type":"Feature","id":"MAD-1659742","geometry":{"type":"Point","coordinates":[-3.7063661,40.4064227]},"properties":{"source":"madrid","assetnum":"1659742","district":"CENTRO","barrio":"EMBAJADORES","species_code":"UPU","species":"ULMUS PUMILA","perimeter_cm":110.0,"height":17.0,"municipal_x":440063.549,"municipal_y":4473107.242}},{"type":"Feature","id":"MAD-1684520","geometry":{"type":"Point","coordinates":[-3.7086803,40.4108484]},"properties":{"source":"madrid","assetnum":"1684520","district":"CENTRO","barrio":"EMBAJADORES","species_code":"LJA","species":"LIGUSTRUM JAPONICUM","perimeter_cm":37.0,"height":6.5,"municipal_x":439871.122,"municipal_y":4473600.067}},{"type":"Feature","id":"MAD-10202485","geometry":{"type":"Point","coordinates":[-3.7048459,40.4131534]},"properties":{"source":"madrid","assetnum":"10202485","district":"CENTRO","barrio":"EMBAJADORES","species_code":"CAU","species":"CELTIS AUSTRALIS","perimeter_cm":25.0,"height":5.0,"municipal_x":440198.495,"municipal_y":4473853.318}},{"type":"Feature","id":"MAD-6747299","geometry":{"type":"Point","coordinates":[-3.7060734,40.4060162]},"properties":{"source":"madrid","assetnum":"6747299","district":"CENTRO","barrio":"EMBAJADORES","species_code":"PAR","species":"PYRUS CALLERYANA 'CHANTICLEER'","perimeter_cm":18.0,"height":5.0,"municipal_x":440088.022,"municipal_y":4473061.925}},{"type":"Feature","id":"MAD-9925368","geometry":{"type":"Point","coordinates":[-3.7041683,40.4067434]},"properties":{"source":"madrid","assetnum":"9925368","district":"CENTRO","barrio":"EMBAJADORES","species_code":"LIN","species":"LAGERSTROEMIA INDICA","perimeter_cm":16.0,"height":2.5,"municipal_x":440250.315,"municipal_y":4473141.355}},{"type":"Feature","id":"MAD-1682836","geometry":{"type":"Point","coordinates":[-3.7009441,40.4093598]},"properties":{"source":"madrid","assetnum":"1682836","district":"CENTRO","barrio":"EMBAJADORES","species_code":"RPS","species":"ROBINIA PSEUDOACACIA","perimeter_cm":43.0,"height":9.0,"municipal_x":440526.205,"municipal_y":4473429.603}},{"type":"Feature","id":"MAD-9119970","geometry":{"type":"Point","coordinates":[-3.7033038,40.4085337]},"properties":{"source":"madrid","assetnum":"9119970","district":"CENTRO","barrio":"EMBAJADORES","species_code":"LJA","species":"LIGUSTRUM JAPONICUM","perimeter_cm":16.0,"height":3.8,"municipal_x":440325.257,"municipal_y":4473339.492}},{"type":"Feature","id":"MAD-2009860","geometry":{"type":"Point","coordinates":[-3.7033934,40.4124358]},"properties":{"source":"madrid","assetnum":"2009860","district":"CENTRO","barrio":"EMBAJADORES","species_code":"CIA","species":"CITRUS X AURANTIUM","perimeter_cm":38.0,"height":5.0,"municipal_x":440321.097,"municipal_y":4473772.686}},{"type":"Feature","id":"MAD-1656907","geometry":{"type":"Point","coordinates":[-3.7008184,40.4105112]},"properties":{"source":"madrid","assetnum":"1656907","district":"CENTRO","barrio":"EMBAJADORES","species_code":"MGR","species":"MAGNOLIA GRANDIFLORA","perimeter_cm":40.0,"height":6.0,"municipal_x":440537.877,"municipal_y":4473557.313}},{"type":"Feature","id":"MAD-1682914","geometry":{"type":"Point","coordinates":[-3.6979074,40.4067025]},"properties":{"source":"madrid","assetnum":"1682914","district":"CENTRO","barrio":"EMBAJADORES","species_code":"SJA","species":"STYPHNOLOBIUM JAPONICUM","perimeter_cm":42.0,"height":9.0,"municipal_x":440781.532,"municipal_y":4473132.602}},{"type":"Feature","id":"MAD-8797584","geometry":{"type":"Point","coordinates":[-3.6979164,40.4066157]},"properties":{"source":"madrid","assetnum":"8797584","district":"CENTRO","barrio":"EMBAJADORES","species_code":"SJA","species":"STYPHNOLOBIUM JAPONICUM","perimeter_cm":14.0,"height":4.0,"municipal_x":440780.692,"municipal_y":4473122.972}},{"type":"Feature","id":"MAD-10124378","geometry":{"type":"Point","coordinates":[-3.7087572,40.4064621]},"properties":{"source":"madrid","assetnum":"10124378","district":"CENTRO","barrio":"EMBAJADORES","species_code":"LIN","species":"LAGERSTROEMIA INDICA","perimeter_cm":15.0,"height":2.0,"municipal_x":439860.693,"municipal_y":4473113.242}},{"type":"Feature","id":"MAD-9285532","geometry":{"type":"Point","coordinates":[-3.7026278,40.4079313]},"properties":{"source":"madrid","assetnum":"9285532","district":"CENTRO","barrio":"EMBAJADORES","species_code":"PCP","species":"PRUNUS CERASIFERA  SUBSP. PISSARDII","perimeter_cm":16.0,"height":3.5,"municipal_x":440382.08,"municipal_y":4473272.17}},{"type":"Feature","id":"MAD-1691612","geometry":{"type":"Point","coordinates":[-3.7024886,40.4106162]},"properties":{"source":"madrid","assetnum":"1691612","district":"CENTRO","barrio":"EMBAJADORES","species_code":"MEA","species":"MELIA AZEDARACH","perimeter_cm":30.0,"height":7.0,"municipal_x":440396.264,"municipal_y":4473570.094}},{"type":"Feature","id":"MAD-1653063","geometry":{"type":"Point","coordinates":[-3.7048136,40.4083246]},"properties":{"source":"madrid","assetnum":"1653063","district":"CENTRO","barrio":"EMBAJADORES","species_code":"LJA","species":"LIGUSTRUM JAPONICUM","perimeter_cm":24.0,"height":6.0,"municipal_x":440196.966,"municipal_y":4473317.306}},{"type":"Feature","id":"MAD-1661310","geometry":{"type":"Point","coordinates":[-3.7074109,40.4095149]},"properties":{"source":"madrid","assetnum":"1661310","district":"CENTRO","barrio":"EMBAJADORES","species_code":"PDA","species":"PLATANUS X HISPANICA","perimeter_cm":137.0,"height":19.0,"municipal_x":439977.639,"municipal_y":4473451.18}},{"type":"Feature","id":"MAD-1676802","geometry":{"type":"Point","coordinates":[-3.7057663,40.4065249]},"properties":{"source":"madrid","assetnum":"1676802","district":"CENTRO","barrio":"EMBAJADORES","species_code":"UPU","species":"ULMUS PUMILA","perimeter_cm":74.0,"height":12.0,"municipal_x":440114.532,"municipal_y":4473118.186}},{"type":"Feature","id":"MAD-1660166","geometry":{"type":"Point","coordinates":[-3.7084796,40.4067116]},"properties":{"source":"madrid","assetnum":"1660166","district":"CENTRO","barrio":"EMBAJADORES","species_code":"SJA","species":"STYPHNOLOBIUM JAPONICUM","perimeter_cm":127.0,"height":14.0,"municipal_x":439884.468,"municipal_y":4473140.749}},{"type":"Feature","id":"MAD-1670138","geometry":{"type":"Point","coordinates":[-3.6958368,40.4093232]},"properties":{"source":"madrid","assetnum":"1670138","district":"CENTRO","barrio":"EMBAJADORES","species_code":"AJU","species":"ALBIZIA JULIBRISSIN","perimeter_cm":69.0,"height":11.0,"municipal_x":440959.514,"municipal_y":4473422.11}},{"type":"Feature","id":"MAD-1683740","geometry":{"type":"Point","coordinates":[-3.7027775,40.4109347]},"properties":{"source":"madrid","assetnum":"1683740","district":"CENTRO","barrio":"EMBAJADORES","species_code":"PCY","species":"PYRUS CALLERYANA","perimeter_cm":17.0,"height":6.0,"municipal_x":440372.033,"municipal_y":4473605.648}},{"type":"Feature","id":"MAD-1651588","geometry":{"type":"Point","coordinates":[-3.7031688,40.4059912]},"properties":{"source":"madrid","assetnum":"1651588","district":"CENTRO","barrio":"EMBAJADORES","species_code":"SJA","species":"STYPHNOLOBIUM JAPONICUM","perimeter_cm":25.0,"height":8.0,"municipal_x":440334.463,"municipal_y":4473057.183}},{"type":"Feature","id":"MAD-1646036","geometry":{"type":"Point","coordinates":[-3.7039295,40.4096355]},"properties":{"source":"madrid","assetnum":"1646036","district":"CENTRO","barrio":"EMBAJADORES","species_code":"PCY","species":"PYRUS CALLERYANA","perimeter_cm":48.0,"height":6.0,"municipal_x":440273.138,"municipal_y":4473462.208}},{"type":"Feature","id":"MAD-1657926","geometry":{"type":"Point","coordinates":[-3.6997929,40.4064923]},"properties":{"source":"madrid","assetnum":"1657926","district":"CENTRO","barrio":"EMBAJADORES","species_code":"LJA","species":"LIGUSTRUM JAPONICUM","perimeter_cm":45.0,"height":9.0,"municipal_x":440621.362,"municipal_y":4473110.534}},{"type":"Feature","id":"MAD-1653898","geometry":{"type":"Point","coordinates":[-3.6972491,40.4100194]},"properties":{"source":"madrid","assetnum":"1653898","district":"CENTRO","barrio":"EMBAJADORES","species_code":"AJU","species":"ALBIZIA JULIBRISSIN","perimeter_cm":53.0,"height":7.5,"municipal_x":440840.293,"municipal_y":4473500.335}},{"type":"Feature","id":"MAD-1656196","geometry":{"type":"Point","coordinates":[-3.7004553,40.4129698]},"properties":{"source":"madrid","assetnum":"1656196","district":"CENTRO","barrio":"EMBAJADORES","species_code":"AXA","species":"AESCULUS X CARNEA","perimeter_cm":28.0,"height":7.0,"municipal_x":440570.848,"municipal_y":4473829.977}},{"type":"Feature","id":"MAD-1660421","geometry":{"type":"Point","coordinates":[-3.707505,40.4126634]},"properties":{"source":"madrid","assetnum":"1660421","district":"CENTRO","barrio":"EMBAJADORES","species_code":"LJA","species":"LIGUSTRUM JAPONICUM","perimeter_cm":46.0,"height":4.5,"municipal_x":439972.455,"municipal_y":4473800.731}},{"type":"Feature","id":"MAD-1661821","geometry":{"type":"Point","coordinates":[-3.7083588,40.406865]},"properties":{"source":"madrid","assetnum":"1661821","district":"CENTRO","barrio":"EMBAJADORES","species_code":"LJA","species":"LIGUSTRUM JAPONICUM","perimeter_cm":27.0,"height":4.5,"municipal_x":439894.852,"municipal_y":4473157.696}},{"type":"Feature","id":"MAD-1680781","geometry":{"type":"Point","coordinates":[-3.6965763,40.4078333]},"properties":{"source":"madrid","assetnum":"1680781","district":"CENTRO","barrio":"EMBAJADORES","species_code":"SJA","species":"STYPHNOLOBIUM JAPONICUM","perimeter_cm":48.0,"height":8.0,"municipal_x":440895.47,"municipal_y":4473257.228}},{"type":"Feature","id":"MAD-1677616","geometry":{"type":"Point","coordinates":[-3.7059474,40.4064701]},"properties":{"source":"madrid","assetnum":"1677616","district":"CENTRO","barrio":"EMBAJADORES","species_code":"UPU","species":"ULMUS PUMILA","perimeter_cm":57.0,"height":11.0,"municipal_x":440099.117,"municipal_y":4473112.219}},{"type":"Feature","id":"MAD-1629542","geometry":{"type":"Point","coordinates":[-3.7050138,40.4057091]},"properties":{"source":"madrid","assetnum":"1629542","district":"CENTRO","barrio":"EMBAJADORES","species_code":"BRP","species":"BROUSSONETIA PAPYRIFERA","perimeter_cm":48.0,"height":8.0,"municipal_x":440177.658,"municipal_y":4473027.117}},{"type":"Feature","id":"MAD-1672453","geometry":{"type":"Point","coordinates":[-3.7066104,40.41029]},"properties":{"source":"madrid","assetnum":"1672453","district":"CENTRO","barrio":"EMBAJADORES","species_code":"LJA","species":"LIGUSTRUM JAPONICUM","perimeter_cm":47.0,"height":9.0,"municipal_x":440046.248,"municipal_y":4473536.678}},{"type":"Feature","id":"MAD-1685168","geometry":{"type":"Point","coordinates":[-3.7053078,40.4066784]},"properties":{"source":"madrid","assetnum":"1685168","district":"CENTRO","barrio":"EMBAJADORES","species_code":"UPU","species":"ULMUS PUMILA","perimeter_cm":66.0,"height":10.0,"municipal_x":440153.575,"municipal_y":4473134.91}},{"type":"Feature","id":"MAD-1656715","geometry":{"type":"Point","coordinates":[-3.701593,40.4132889]},"properties":{"source":"madrid","assetnum":"1656715","district":"CENTRO","barrio":"EMBAJADORES","species_code":"LJA","species":"LIGUSTRUM JAPONICUM","perimeter_cm":74.0,"height":10.0,"municipal_x":440474.605,"municipal_y":4473866.166}},{"type":"Feature","id":"MAD-1643418","geometry":{"type":"Point","coordinates":[-3.7043704,40.4067285]},"properties":{"source":"madrid","assetnum":"1643418","district":"CENTRO","barrio":"EMBAJADORES","species_code":"MEA","species":"MELIA AZEDARACH","perimeter_cm":53.0,"height":6.5,"municipal_x":440233.152,"municipal_y":4473139.838}},{"type":"Feature","id":"MAD-2068223","geometry":{"type":"Point","coordinates":[-3.6995742,40.4122683]},"properties":{"source":"madrid","assetnum":"2068223","district":"CENTRO","barrio":"EMBAJADORES","species_code":"PAR","species":"PYRUS CALLERYANA 'CHANTICLEER'","perimeter_cm":16.0,"height":3.5,"municipal_x":440644.991,"municipal_y":4473751.518}},{"type":"Feature","id":"MAD-1655232","geometry":{"type":"Point","coordinates":[-3.699126,40.4076609]},"properties":{"source":"madrid","assetnum":"1655232","district":"CENTRO","barrio":"EMBAJADORES","species_code":"HSY","species":"HIBISCUS SYRIACUS","perimeter_cm":25.0,"height":7.0,"municipal_x":440678.973,"municipal_y":4473239.794}},{"type":"Feature","id":"MAD-6747326","geometry":{"type":"Point","coordinates":[-3.7052767,40.4061165]},"properties":{"source":"madrid","assetnum":"6747326","district":"CENTRO","barrio":"EMBAJADORES","species_code":"CAU","species":"CELTIS AUSTRALIS","perimeter_cm":28.0,"height":4.0,"municipal_x":440155.71,"municipal_y":4473072.514}},{"type":"Feature","id":"MAD-1657013","geometry":{"type":"Point","coordinates":[-3.703261,40.4061538]},"properties":{"source":"madrid","assetnum":"1657013","district":"CENTRO","barrio":"EMBAJADORES","species_code":"SJA","species":"STYPHNOLOBIUM JAPONICUM","perimeter_cm":60.0,"height":13.0,"municipal_x":440326.783,"municipal_y":4473075.293}},{"type":"Feature","id":"MAD-1656801","geometry":{"type":"Point","coordinates":[-3.6982841,40.4081037]},"properties":{"source":"madrid","assetnum":"1656801","district":"CENTRO","barrio":"EMBAJADORES","species_code":"SJA","species":"STYPHNOLOBIUM JAPONICUM","perimeter_cm":39.0,"height":8.0,"municipal_x":440750.793,"municipal_y":4473288.389}},{"type":"Feature","id":"MAD-1671986","geometry":{"type":"Point","coordinates":[-3.7030242,40.4134585]},"properties":{"source":"madrid","assetnum":"1671986","district":"CENTRO","barrio":"EMBAJADORES","species_code":"LJA","species":"LIGUSTRUM JAPONICUM","perimeter_cm":35.0,"height":8.0,"municipal_x":440353.326,"municipal_y":4473885.954}},{"type":"Feature","id":"MAD-9126650","geometry":{"type":"Point","coordinates":[-3.7027286,40.4103044]},"properties":{"source":"madrid","assetnum":"9126650","district":"CENTRO","barrio":"EMBAJADORES","species_code":"LJA","species":"LIGUSTRUM JAPONICUM","perimeter_cm":17.0,"height":3.8,"municipal_x":440375.623,"municipal_y":4473535.645}},{"type":"Feature","id":"MAD-1657872","geometry":{"type":"Point","coordinates":[-3.7032451,40.4129426]},"properties":{"source":"madrid","assetnum":"1657872","district":"CENTRO","barrio":"EMBAJADORES","species_code":"LJA","species":"LIGUSTRUM JAPONICUM","perimeter_cm":49.0,"height":8.0,"municipal_x":440334.126,"municipal_y":4473828.843}},{"type":"Feature","id":"MAD-1672450","geometry":{"type":"Point","coordinates":[-3.701194,40.405687]},"properties":{"source":"madrid","assetnum":"1672450","district":"CENTRO","barrio":"EMBAJADORES","species_code":"LJA","species":"LIGUSTRUM JAPONICUM","perimeter_cm":59.0,"height":10.5,"municipal_x":440501.763,"municipal_y":4473022.089}},{"type":"Feature","id":"MAD-1653169","geometry":{"type":"Point","coordinates":[-3.7024414,40.4128504]},"properties":{"source":"madrid","assetnum":"1653169","district":"CENTRO","barrio":"EMBAJADORES","species_code":"LJA","species":"LIGUSTRUM JAPONICUM","perimeter_cm":27.0,"height":5.0,"municipal_x":440402.24,"municipal_y":4473818.059}},{"type":"Feature","id":"MAD-1660272","geometry":{"type":"Point","coordinates":[-3.7067668,40.4116767]},"properties":{"source":"madrid","assetnum":"1660272","district":"CENTRO","barrio":"EMBAJADORES","species_code":"PDA","species":"PLATANUS X HISPANICA","perimeter_cm":117.0,"height":19.0,"municipal_x":440034.211,"municipal_y":4473690.71}},{"type":"Feature","id":"MAD-1685257","geometry":{"type":"Point","coordinates":[-3.7017032,40.409157]},"properties":{"source":"madrid","assetnum":"1685257","district":"CENTRO","barrio":"EMBAJADORES","species_code":"RPS","species":"ROBINIA PSEUDOACACIA","perimeter_cm":47.0,"height":8.0,"municipal_x":440461.613,"municipal_y":4473407.603}},{"type":"Feature","id":"MAD-9389269","geometry":{"type":"Point","coordinates":[-3.7074942,40.4098015]},"properties":{"source":"madrid","assetnum":"9389269","district":"CENTRO","barrio":"EMBAJADORES","species_code":"AMO","species":"ACER MONSPESSULANUM","perimeter_cm":14.0,"height":3.0,"municipal_x":439970.824,"municipal_y":4473483.056}},{"type":"Feature","id":"MAD-1656313","geometry":{"type":"Point","coordinates":[-3.702769,40.4055741]},"properties":{"source":"madrid","assetnum":"1656313","district":"CENTRO","barrio":"EMBAJADORES","species_code":"SJA","species":"STYPHNOLOBIUM JAPONICUM","perimeter_cm":44.0,"height":7.0,"municipal_x":440368.022,"municipal_y":4473010.613}},{"type":"Feature","id":"MAD-5037796","geometry":{"type":"Point","coordinates":[-3.6979179,40.4080483]},"properties":{"source":"madrid","assetnum":"5037796","district":"CENTRO","barrio":"EMBAJADORES","species_code":"SJA","species":"STYPHNOLOBIUM JAPONICUM","perimeter_cm":22.0,"height":3.8,"municipal_x":440781.823,"municipal_y":4473281.989}},{"type":"Feature","id":"MAD-5174461","geometry":{"type":"Point","coordinates":[-3.6992613,40.4060636]},"properties":{"source":"madrid","assetnum":"5174461","district":"CENTRO","barrio":"EMBAJADORES","species_code":"LJA","species":"LIGUSTRUM JAPONICUM","perimeter_cm":16.0,"height":3.0,"municipal_x":440666.089,"municipal_y":4473062.586}},{"type":"Feature","id":"MAD-8800622","geometry":{"type":"Point","coordinates":[-3.702866,40.4056521]},"properties":{"source":"madrid","assetnum":"8800622","district":"CENTRO","barrio":"EMBAJADORES","species_code":"SJA","species":"STYPHNOLOBIUM JAPONICUM","perimeter_cm":16.0,"height":5.0,"municipal_x":440359.855,"municipal_y":4473019.344}},{"type":"Feature","id":"MAD-8800637","geometry":{"type":"Point","coordinates":[-3.7002874,40.4113495]},"properties":{"source":"madrid","assetnum":"8800637","district":"CENTRO","barrio":"EMBAJADORES","species_code":"RPS","species":"ROBINIA PSEUDOACACIA","perimeter_cm":20.0,"height":5.0,"municipal_x":440583.673,"municipal_y":4473650.015}},{"type":"Feature","id":"MAD-1643412","geometry":{"type":"Point","coordinates":[-3.7042785,40.4066028]},"properties":{"source":"madrid","assetnum":"1643412","district":"CENTRO","barrio":"EMBAJADORES","species_code":"MEA","species":"MELIA AZEDARACH","perimeter_cm":52.0,"height":7.5,"municipal_x":440240.841,"municipal_y":4473125.826}},{"type":"Feature","id":"MAD-1653189","geometry":{"type":"Point","coordinates":[-3.6999588,40.4067608]},"properties":{"source":"madrid","assetnum":"1653189","district":"CENTRO","barrio":"EMBAJADORES","species_code":"LJA","species":"LIGUSTRUM JAPONICUM","perimeter_cm":45.0,"height":8.0,"municipal_x":440607.52,"municipal_y":4473140.45}},{"type":"Feature","id":"MAD-1668929","geometry":{"type":"Point","coordinates":[-3.7054419,40.4074444]},"properties":{"source":"madrid","assetnum":"1668929","district":"CENTRO","barrio":"EMBAJADORES","species_code":"LJA","species":"LIGUSTRUM JAPONICUM","perimeter_cm":72.0,"height":12.0,"municipal_x":440142.875,"municipal_y":4473220.026}},{"type":"Feature","id":"MAD-1650624","geometry":{"type":"Point","coordinates":[-3.7055589,40.4063297]},"properties":{"source":"madrid","assetnum":"1650624","district":"CENTRO","barrio":"EMBAJADORES","species_code":"PDA","species":"PLATANUS X HISPANICA","perimeter_cm":50.0,"height":8.0,"municipal_x":440131.957,"municipal_y":4473096.374}},{"type":"Feature","id":"MAD-1651529","geometry":{"type":"Point","coordinates":[-3.7031103,40.4058761]},"properties":{"source":"madrid","assetnum":"1651529","district":"CENTRO","barrio":"EMBAJADORES","species_code":"SJA","species":"STYPHNOLOBIUM JAPONICUM","perimeter_cm":36.0,"height":11.0,"municipal_x":440339.323,"municipal_y":4473044.373}},{"type":"Feature","id":"MAD-9387193","geometry":{"type":"Point","coordinates":[-3.7038844,40.4125168]},"properties":{"source":"madrid","assetnum":"9387193","district":"CENTRO","barrio":"EMBAJADORES","species_code":"RGE","species":"ROBINIA X MARGARETTA 'CASQUE ROUGE'","perimeter_cm":20.0,"height":6.0,"municipal_x":440279.512,"municipal_y":4473782.001}},{"type":"Feature","id":"MAD-9926059","geometry":{"type":"Point","coordinates":[-3.7047948,40.4063082]},"properties":{"source":"madrid","assetnum":"9926059","district":"CENTRO","barrio":"EMBAJADORES","species_code":"LIN","species":"LAGERSTROEMIA INDICA","perimeter_cm":16.0,"height":2.5,"municipal_x":440196.773,"municipal_y":4473093.471}},{"type":"Feature","id":"MAD-10202435","geometry":{"type":"Point","coordinates":[-3.7042077,40.4124935]},"properties":{"source":"madrid","assetnum":"10202435","district":"CENTRO","barrio":"EMBAJADORES","species_code":"SJA","species":"STYPHNOLOBIUM JAPONICUM","perimeter_cm":25.0,"height":5.0,"municipal_x":440252.06,"municipal_y":4473779.634}},{"type":"Feature","id":"MAD-1659823","geometry":{"type":"Point","coordinates":[-3.7068136,40.4070759]},"properties":{"source":"madrid","assetnum":"1659823","district":"CENTRO","barrio":"EMBAJADORES","species_code":"AHI","species":"AESCULUS HIPPOCASTANUM","perimeter_cm":78.0,"height":10.0,"municipal_x":440026.155,"municipal_y":4473180.049}},{"type":"Feature","id":"MAD-1648010","geometry":{"type":"Point","coordinates":[-3.6987299,40.4071932]},"properties":{"source":"madrid","assetnum":"1648010","district":"CENTRO","barrio":"EMBAJADORES","species_code":"LJV","species":"LIGUSTRUM JAPONICUM 'VARIEGATUM'","perimeter_cm":20.0,"height":4.0,"municipal_x":440712.172,"municipal_y":4473187.619}},{"type":"Feature","id":"MAD-1690634","geometry":{"type":"Point","coordinates":[-3.7055942,40.4059001]},"properties":{"source":"madrid","assetnum":"1690634","district":"CENTRO","barrio":"EMBAJADORES","species_code":"SJA","species":"STYPHNOLOBIUM JAPONICUM","perimeter_cm":49.0,"height":7.0,"municipal_x":440128.578,"municipal_y":4473048.71}},{"type":"Feature","id":"MAD-1656279","geometry":{"type":"Point","coordinates":[-3.7015139,40.4065594]},"properties":{"source":"madrid","assetnum":"1656279","district":"CENTRO","barrio":"EMBAJADORES","species_code":"PCP","species":"PRUNUS CERASIFERA  SUBSP. PISSARDII","perimeter_cm":42.0,"height":7.0,"municipal_x":440475.39,"municipal_y":4473119.138}},{"type":"Feature","id":"MAD-1679504","geometry":{"type":"Point","coordinates":[-3.6972879,40.4078367]},"properties":{"source":"madrid","assetnum":"1679504","district":"CENTRO","barrio":"EMBAJADORES","species_code":"SJA","species":"STYPHNOLOBIUM JAPONICUM","perimeter_cm":42.0,"height":9.0,"municipal_x":440835.092,"municipal_y":4473258.078}},{"type":"Feature","id":"MAD-1677388","geometry":{"type":"Point","coordinates":[-3.7006327,40.4090183]},"properties":{"source":"madrid","assetnum":"1677388","district":"CENTRO","barrio":"EMBAJADORES","species_code":"LJV","species":"LIGUSTRUM JAPONICUM 'VARIEGATUM'","perimeter_cm":19.0,"height":4.0,"municipal_x":440552.323,"municipal_y":4473391.486}},{"type":"Feature","id":"MAD-1635821","geometry":{"type":"Point","coordinates":[-3.7058078,40.4060803]},"properties":{"source":"madrid","assetnum":"1635821","district":"CENTRO","barrio":"EMBAJADORES","species_code":"OEU","species":"OLEA EUROPAEA","perimeter_cm":130.0,"height":6.0,"municipal_x":440110.611,"municipal_y":4473068.863}},{"type":"Feature","id":"MAD-1657083","geometry":{"type":"Point","coordinates":[-3.6960433,40.4094242]},"properties":{"source":"madrid","assetnum":"1657083","district":"CENTRO","barrio":"EMBAJADORES","species_code":"AJU","species":"ALBIZIA JULIBRISSIN","perimeter_cm":28.0,"height":6.0,"municipal_x":440942.08,"municipal_y":4473433.461}},{"type":"Feature","id":"MAD-10202479","geometry":{"type":"Point","coordinates":[-3.7049571,40.412859]},"properties":{"source":"madrid","assetnum":"10202479","district":"CENTRO","barrio":"EMBAJADORES","species_code":"CAU","species":"CELTIS AUSTRALIS","perimeter_cm":25.0,"height":5.0,"municipal_x":440188.804,"municipal_y":4473820.711}},{"type":"Feature","id":"MAD-1653947","geometry":{"type":"Point","coordinates":[-3.6976693,40.4079724]},"properties":{"source":"madrid","assetnum":"1653947","district":"CENTRO","barrio":"EMBAJADORES","species_code":"SJA","species":"STYPHNOLOBIUM JAPONICUM","perimeter_cm":50.0,"height":9.0,"municipal_x":440802.845,"municipal_y":4473273.401}},{"type":"Feature","id":"MAD-1657068","geometry":{"type":"Point","coordinates":[-3.6941934,40.4092965]},"properties":{"source":"madrid","assetnum":"1657068","district":"CENTRO","barrio":"EMBAJADORES","species_code":"LJV","species":"LIGUSTRUM JAPONICUM 'VARIEGATUM'","perimeter_cm":36.0,"height":5.0,"municipal_x":441098.933,"municipal_y":4473418.055}},{"type":"Feature","id":"MAD-1668465","geometry":{"type":"Point","coordinates":[-3.7072984,40.4066018]},"properties":{"source":"madrid","assetnum":"1668465","district":"CENTRO","barrio":"EMBAJADORES","species_code":"PDA","species":"PLATANUS X HISPANICA","perimeter_cm":58.0,"height":12.0,"municipal_x":439984.599,"municipal_y":4473127.754}},{"type":"Feature","id":"MAD-1630084","geometry":{"type":"Point","coordinates":[-3.7039521,40.4083987]},"properties":{"source":"madrid","assetnum":"1630084","district":"CENTRO","barrio":"EMBAJADORES","species_code":"MGR","species":"MAGNOLIA GRANDIFLORA","perimeter_cm":50.0,"height":7.0,"municipal_x":440270.123,"municipal_y":4473324.939}},{"type":"Feature","id":"MAD-1651595","geometry":{"type":"Point","coordinates":[-3.6982194,40.4117617]},"properties":{"source":"madrid","assetnum":"1651595","district":"CENTRO","barrio":"EMBAJADORES","species_code":"LJA","species":"LIGUSTRUM JAPONICUM","perimeter_cm":43.0,"height":8.0,"municipal_x":440759.495,"municipal_y":4473694.379}},{"type":"Feature","id":"MAD-1629633","geometry":{"type":"Point","coordinates":[-3.7050112,40.4056957]},"properties":{"source":"madrid","assetnum":"1629633","district":"CENTRO","barrio":"EMBAJADORES","species_code":"BRP","species":"BROUSSONETIA PAPYRIFERA","perimeter_cm":38.0,"height":7.0,"municipal_x":440177.869,"municipal_y":4473025.63}},{"type":"Feature","id":"MAD-1660534","geometry":{"type":"Point","coordinates":[-3.7079854,40.4117521]},"properties":{"source":"madrid","assetnum":"1660534","district":"CENTRO","barrio":"EMBAJADORES","species_code":"PDA","species":"PLATANUS X HISPANICA","perimeter_cm":146.0,"height":20.0,"municipal_x":439930.882,"municipal_y":4473699.902}},{"type":"Feature","id":"MAD-1661282","geometry":{"type":"Point","coordinates":[-3.7070925,40.4099005]},"properties":{"source":"madrid","assetnum":"1661282","district":"CENTRO","barrio":"EMBAJADORES","species_code":"LJA","species":"LIGUSTRUM JAPONICUM","perimeter_cm":18.0,"height":6.0,"municipal_x":440004.999,"municipal_y":4473493.77}},{"type":"Feature","id":"MAD-1628562","geometry":{"type":"Point","coordinates":[-3.7036816,40.408505]},"properties":{"source":"madrid","assetnum":"1628562","district":"CENTRO","barrio":"EMBAJADORES","species_code":"MGR","species":"MAGNOLIA GRANDIFLORA","perimeter_cm":51.0,"height":6.0,"municipal_x":440293.175,"municipal_y":4473336.559}},{"type":"Feature","id":"MAD-1657067","geometry":{"type":"Point","coordinates":[-3.6961533,40.4073908]},"properties":{"source":"madrid","assetnum":"1657067","district":"CENTRO","barrio":"EMBAJADORES","species_code":"SJA","species":"STYPHNOLOBIUM JAPONICUM","perimeter_cm":65.0,"height":11.0,"municipal_x":440930.976,"municipal_y":4473207.825}},{"type":"Feature","id":"MAD-1683525","geometry":{"type":"Point","coordinates":[-3.7015709,40.4115095]},"properties":{"source":"madrid","assetnum":"1683525","district":"CENTRO","barrio":"EMBAJADORES","species_code":"UMI","species":"ULMUS MINOR","perimeter_cm":67.0,"height":13.0,"municipal_x":440474.911,"municipal_y":4473668.637}},{"type":"Feature","id":"MAD-1689976","geometry":{"type":"Point","coordinates":[-3.7025603,40.4107449]},"properties":{"source":"madrid","assetnum":"1689976","district":"CENTRO","barrio":"EMBAJADORES","species_code":"MGR","species":"MAGNOLIA GRANDIFLORA","perimeter_cm":32.0,"height":7.0,"municipal_x":440390.289,"municipal_y":4473584.428}},{"type":"Feature","id":"MAD-9101075","geometry":{"type":"Point","coordinates":[-3.6972115,40.4109031]},"properties":{"source":"madrid","assetnum":"9101075","district":"CENTRO","barrio":"EMBAJADORES","species_code":"PCP","species":"PRUNUS CERASIFERA  SUBSP. PISSARDII","perimeter_cm":18.0,"height":5.0,"municipal_x":440844.261,"municipal_y":4473598.4}},{"type":"Feature","id":"MAD-1651696","geometry":{"type":"Point","coordinates":[-3.701076,40.4086694]},"properties":{"source":"madrid","assetnum":"1651696","district":"CENTRO","barrio":"EMBAJADORES","species_code":"LJA","species":"LIGUSTRUM JAPONICUM","perimeter_cm":71.0,"height":10.0,"municipal_x":440514.4,"municipal_y":4473353.048}},{"type":"Feature","id":"MAD-1655108","geometry":{"type":"Point","coordinates":[-3.7058647,40.4077405]},"properties":{"source":"madrid","assetnum":"1655108","district":"CENTRO","barrio":"EMBAJADORES","species_code":"LJA","species":"LIGUSTRUM JAPONICUM","perimeter_cm":36.0,"height":10.0,"municipal_x":440107.26,"municipal_y":4473253.183}},{"type":"Feature","id":"MAD-1643036","geometry":{"type":"Point","coordinates":[-3.7103798,40.4071631]},"properties":{"source":"madrid","assetnum":"1643036","district":"CENTRO","barrio":"EMBAJADORES","species_code":"PCP","species":"PRUNUS CERASIFERA  SUBSP. PISSARDII","perimeter_cm":130.0,"height":9.0,"municipal_x":439723.635,"municipal_y":4473192.159}},{"type":"Feature","id":"MAD-1661251","geometry":{"type":"Point","coordinates":[-3.7071558,40.4099176]},"properties":{"source":"madrid","assetnum":"1661251","district":"CENTRO","barrio":"EMBAJADORES","species_code":"PDA","species":"PLATANUS X HISPANICA","perimeter_cm":82.0,"height":16.0,"municipal_x":439999.644,"municipal_y":4473495.716}},{"type":"Feature","id":"MAD-9331233","geometry":{"type":"Point","coordinates":[-3.7015814,40.4100499]},"properties":{"source":"madrid","assetnum":"9331233","district":"CENTRO","barrio":"EMBAJADORES","species_code":"LJA","species":"LIGUSTRUM JAPONICUM","perimeter_cm":16.0,"height":4.0,"municipal_x":440472.733,"municipal_y":4473506.628}},{"type":"Feature","id":"MAD-1682882","geometry":{"type":"Point","coordinates":[-3.6981456,40.4080787]},"properties":{"source":"madrid","assetnum":"1682882","district":"CENTRO","barrio":"EMBAJADORES","species_code":"UPU","species":"ULMUS PUMILA","perimeter_cm":120.0,"height":15.0,"municipal_x":440762.529,"municipal_y":4473285.518}},{"type":"Feature","id":"MAD-1683606","geometry":{"type":"Point","coordinates":[-3.695641,40.4087566]},"properties":{"source":"madrid","assetnum":"1683606","district":"CENTRO","barrio":"EMBAJADORES","species_code":"LJV","species":"LIGUSTRUM JAPONICUM 'VARIEGATUM'","perimeter_cm":42.0,"height":8.0,"municipal_x":440975.633,"municipal_y":4473359.086}},{"type":"Feature","id":"MAD-7126828","geometry":{"type":"Point","coordinates":[-3.7064707,40.4116804]},"properties":{"source":"madrid","assetnum":"7126828","district":"CENTRO","barrio":"EMBAJADORES","species_code":"MEA","species":"MELIA AZEDARACH","perimeter_cm":36.0,"height":6.0,"municipal_x":440059.338,"municipal_y":4473690.912}},{"type":"Feature","id":"MAD-1679569","geometry":{"type":"Point","coordinates":[-3.6966535,40.411024]},"properties":{"source":"madrid","assetnum":"1679569","district":"CENTRO","barrio":"EMBAJADORES","species_code":"PDA","species":"PLATANUS X HISPANICA","perimeter_cm":95.0,"height":16.0,"municipal_x":440891.713,"municipal_y":4473611.442}},{"type":"Feature","id":"MAD-1672751","geometry":{"type":"Point","coordinates":[-3.7055813,40.4078973]},"properties":{"source":"madrid","assetnum":"1672751","district":"CENTRO","barrio":"EMBAJADORES","species_code":"LJA","species":"LIGUSTRUM JAPONICUM","perimeter_cm":20.0,"height":5.0,"municipal_x":440131.441,"municipal_y":4473270.389}},{"type":"Feature","id":"MAD-10202470","geometry":{"type":"Point","coordinates":[-3.7048668,40.412114]},"properties":{"source":"madrid","assetnum":"10202470","district":"CENTRO","barrio":"EMBAJADORES","species_code":"CAU","species":"CELTIS AUSTRALIS","perimeter_cm":27.0,"height":5.0,"municipal_x":440195.802,"municipal_y":4473737.961}},{"type":"Feature","id":"MAD-1653268","geometry":{"type":"Point","coordinates":[-3.6991086,40.4081187]},"properties":{"source":"madrid","assetnum":"1653268","district":"CENTRO","barrio":"EMBAJADORES","species_code":"SJA","species":"STYPHNOLOBIUM JAPONICUM","perimeter_cm":39.0,"height":7.0,"municipal_x":440680.854,"municipal_y":4473290.6}},{"type":"Feature","id":"MAD-1659878","geometry":{"type":"Point","coordinates":[-3.7025763,40.4103743]},"properties":{"source":"madrid","assetnum":"1659878","district":"CENTRO","barrio":"EMBAJADORES","species_code":"PCY","species":"PYRUS CALLERYANA","perimeter_cm":21.0,"height":8.0,"municipal_x":440388.605,"municipal_y":4473543.303}},{"type":"Feature","id":"MAD-1650637","geometry":{"type":"Point","coordinates":[-3.7059726,40.4060498]},"properties":{"source":"madrid","assetnum":"1650637","district":"CENTRO","barrio":"EMBAJADORES","species_code":"SJA","species":"STYPHNOLOBIUM JAPONICUM","perimeter_cm":62.0,"height":7.5,"municipal_x":440096.601,"municipal_y":4473065.59}},{"type":"Feature","id":"MAD-1629790","geometry":{"type":"Point","coordinates":[-3.7052626,40.406435]},"properties":{"source":"madrid","assetnum":"1629790","district":"CENTRO","barrio":"EMBAJADORES","species_code":"PDA","species":"PLATANUS X HISPANICA","perimeter_cm":65.0,"height":12.0,"municipal_x":440157.187,"municipal_y":4473107.86}},{"type":"Feature","id":"MAD-1635164","geometry":{"type":"Point","coordinates":[-3.706065,40.4061947]},"properties":{"source":"madrid","assetnum":"1635164","district":"CENTRO","barrio":"EMBAJADORES","species_code":"BRP","species":"BROUSSONETIA PAPYRIFERA","perimeter_cm":82.0,"height":9.0,"municipal_x":440088.893,"municipal_y":4473081.732}},{"type":"Feature","id":"MAD-1627564","geometry":{"type":"Point","coordinates":[-3.7043892,40.406655]},"properties":{"source":"madrid","assetnum":"1627564","district":"CENTRO","barrio":"EMBAJADORES","species_code":"MEA","species":"MELIA AZEDARACH","perimeter_cm":43.0,"height":7.0,"municipal_x":440231.493,"municipal_y":4473131.693}},{"type":"Feature","id":"MAD-1685131","geometry":{"type":"Point","coordinates":[-3.7045192,40.40929]},"properties":{"source":"madrid","assetnum":"1685131","district":"CENTRO","barrio":"EMBAJADORES","species_code":"LJA","species":"LIGUSTRUM JAPONICUM","perimeter_cm":45.0,"height":10.0,"municipal_x":440222.796,"municipal_y":4473424.258}},{"type":"Feature","id":"MAD-8797712","geometry":{"type":"Point","coordinates":[-3.703512,40.4068273]},"properties":{"source":"madrid","assetnum":"8797712","district":"CENTRO","barrio":"EMBAJADORES","species_code":"AUM","species":"ACER BUERGERIANUM","perimeter_cm":16.0,"height":5.0,"municipal_x":440306.078,"municipal_y":4473150.228}},{"type":"Feature","id":"MAD-1673227","geometry":{"type":"Point","coordinates":[-3.7039201,40.4128651]},"properties":{"source":"madrid","assetnum":"1673227","district":"CENTRO","barrio":"EMBAJADORES","species_code":"LJA","species":"LIGUSTRUM JAPONICUM","perimeter_cm":17.0,"height":3.5,"municipal_x":440276.792,"municipal_y":4473820.686}},{"type":"Feature","id":"MAD-1683993","geometry":{"type":"Point","coordinates":[-3.7012725,40.4066916]},"properties":{"source":"madrid","assetnum":"1683993","district":"CENTRO","barrio":"EMBAJADORES","species_code":"PCP","species":"PRUNUS CERASIFERA  SUBSP. PISSARDII","perimeter_cm":48.0,"height":8.0,"municipal_x":440495.983,"municipal_y":4473133.652}},{"type":"Feature","id":"MAD-1680702","geometry":{"type":"Point","coordinates":[-3.7018551,40.4059048]},"properties":{"source":"madrid","assetnum":"1680702","district":"CENTRO","barrio":"EMBAJADORES","species_code":"PCP","species":"PRUNUS CERASIFERA  SUBSP. PISSARDII","perimeter_cm":57.0,"height":8.0,"municipal_x":440445.862,"municipal_y":4473046.712}},{"type":"Feature","id":"MAD-5037886","geometry":{"type":"Point","coordinates":[-3.7033453,40.4098465]},"properties":{"source":"madrid","assetnum":"5037886","district":"CENTRO","barrio":"EMBAJADORES","species_code":"KPA","species":"KOELREUTERIA PANICULATA","perimeter_cm":33.0,"height":4.5,"municipal_x":440322.896,"municipal_y":4473485.242}},{"type":"Feature","id":"MAD-1671797","geometry":{"type":"Point","coordinates":[-3.6966089,40.4097063]},"properties":{"source":"madrid","assetnum":"1671797","district":"CENTRO","barrio":"EMBAJADORES","species_code":"AJU","species":"ALBIZIA JULIBRISSIN","perimeter_cm":79.0,"height":10.0,"municipal_x":440894.338,"municipal_y":4473465.154}},{"type":"Feature","id":"MAD-6963361","geometry":{"type":"Point","coordinates":[-3.7036392,40.4070044]},"properties":{"source":"madrid","assetnum":"6963361","district":"CENTRO","barrio":"EMBAJADORES","species_code":"AUM","species":"ACER BUERGERIANUM","perimeter_cm":16.0,"height":4.0,"municipal_x":440295.444,"municipal_y":4473169.964}},{"type":"Feature","id":"MAD-1680207","geometry":{"type":"Point","coordinates":[-3.6924476,40.4090625]},"properties":{"source":"madrid","assetnum":"1680207","district":"CENTRO","barrio":"EMBAJADORES","species_code":"PDA","species":"PLATANUS X HISPANICA","perimeter_cm":169.0,"height":18.0,"municipal_x":441246.86,"municipal_y":4473390.919}},{"type":"Feature","id":"MAD-10202471","geometry":{"type":"Point","coordinates":[-3.7047987,40.4121278]},"properties":{"source":"madrid","assetnum":"10202471","district":"CENTRO","barrio":"EMBAJADORES","species_code":"CAU","species":"CELTIS AUSTRALIS","perimeter_cm":27.0,"height":5.0,"municipal_x":440201.593,"municipal_y":4473739.448}},{"type":"Feature","id":"MAD-1685121","geometry":{"type":"Point","coordinates":[-3.7072588,40.4084408]},"properties":{"source":"madrid","assetnum":"1685121","district":"CENTRO","barrio":"EMBAJADORES","species_code":"PDA","species":"PLATANUS X HISPANICA","perimeter_cm":140.0,"height":18.0,"municipal_x":439989.588,"municipal_y":4473331.859}},{"type":"Feature","id":"MAD-1682884","geometry":{"type":"Point","coordinates":[-3.6948103,40.4089802]},"properties":{"source":"madrid","assetnum":"1682884","district":"CENTRO","barrio":"EMBAJADORES","species_code":"CBI","species":"CATALPA BIGNONIOIDES","perimeter_cm":90.0,"height":10.0,"municipal_x":441046.318,"municipal_y":4473383.349}},{"type":"Feature","id":"MAD-2009352","geometry":{"type":"Point","coordinates":[-3.7035151,40.4124432]},"properties":{"source":"madrid","assetnum":"2009352","district":"CENTRO","barrio":"EMBAJADORES","species_code":"CIA","species":"CITRUS X AURANTIUM","perimeter_cm":36.0,"height":5.0,"municipal_x":440310.778,"municipal_y":4473773.59}},{"type":"Feature","id":"MAD-1668368","geometry":{"type":"Point","coordinates":[-3.7073216,40.4067451]},"properties":{"source":"madrid","assetnum":"1668368","district":"CENTRO","barrio":"EMBAJADORES","species_code":"PDA","species":"PLATANUS X HISPANICA","perimeter_cm":70.0,"height":15.0,"municipal_x":439982.757,"municipal_y":4473143.677}},{"type":"Feature","id":"MAD-9132625","geometry":{"type":"Point","coordinates":[-3.7019321,40.4067051]},"properties":{"source":"madrid","assetnum":"9132625","district":"CENTRO","barrio":"EMBAJADORES","species_code":"LJA","species":"LIGUSTRUM JAPONICUM","perimeter_cm":17.0,"height":4.0,"municipal_x":440440.028,"municipal_y":4473135.59}},{"type":"Feature","id":"MAD-1657914","geometry":{"type":"Point","coordinates":[-3.7013887,40.4067225]},"properties":{"source":"madrid","assetnum":"1657914","district":"CENTRO","barrio":"EMBAJADORES","species_code":"PCP","species":"PRUNUS CERASIFERA  SUBSP. PISSARDII","perimeter_cm":40.0,"height":7.0,"municipal_x":440486.157,"municipal_y":4473137.156}},{"type":"Feature","id":"MAD-1668467","geometry":{"type":"Point","coordinates":[-3.7071428,40.4067208]},"properties":{"source":"madrid","assetnum":"1668467","district":"CENTRO","barrio":"EMBAJADORES","species_code":"PDA","species":"PLATANUS X HISPANICA","perimeter_cm":52.0,"height":14.0,"municipal_x":439997.903,"municipal_y":4473140.863}},{"type":"Feature","id":"MAD-1683024","geometry":{"type":"Point","coordinates":[-3.6946194,40.4088983]},"properties":{"source":"madrid","assetnum":"1683024","district":"CENTRO","barrio":"EMBAJADORES","species_code":"CBI","species":"CATALPA BIGNONIOIDES","perimeter_cm":65.0,"height":7.0,"municipal_x":441062.443,"municipal_y":4473374.139}},{"type":"Feature","id":"MAD-1683524","geometry":{"type":"Point","coordinates":[-3.7029136,40.4112482]},"properties":{"source":"madrid","assetnum":"1683524","district":"CENTRO","barrio":"EMBAJADORES","species_code":"RPS","species":"ROBINIA PSEUDOACACIA","perimeter_cm":54.0,"height":8.0,"municipal_x":440360.761,"municipal_y":4473640.541}},{"type":"Feature","id":"MAD-1683760","geometry":{"type":"Point","coordinates":[-3.702535,40.4070419]},"properties":{"source":"madrid","assetnum":"1683760","district":"CENTRO","barrio":"EMBAJADORES","species_code":"LJA","species":"LIGUSTRUM JAPONICUM","perimeter_cm":26.0,"height":6.0,"municipal_x":440389.166,"municipal_y":4473173.387}},{"type":"Feature","id":"MAD-1661629","geometry":{"type":"Point","coordinates":[-3.7071708,40.4069316]},"properties":{"source":"madrid","assetnum":"1661629","district":"CENTRO","barrio":"EMBAJADORES","species_code":"PDA","species":"PLATANUS X HISPANICA","perimeter_cm":105.0,"height":13.0,"municipal_x":439995.713,"municipal_y":4473164.283}},{"type":"Feature","id":"MAD-1660420","geometry":{"type":"Point","coordinates":[-3.707726,40.4113829]},"properties":{"source":"madrid","assetnum":"1660420","district":"CENTRO","barrio":"EMBAJADORES","species_code":"CAU","species":"CELTIS AUSTRALIS","perimeter_cm":34.0,"height":8.0,"municipal_x":439952.56,"municipal_y":4473658.749}},{"type":"Feature","id":"MAD-1682832","geometry":{"type":"Point","coordinates":[-3.6954731,40.4092656]},"properties":{"source":"madrid","assetnum":"1682832","district":"CENTRO","barrio":"EMBAJADORES","species_code":"AJU","species":"ALBIZIA JULIBRISSIN","perimeter_cm":68.0,"height":8.5,"municipal_x":440990.327,"municipal_y":4473415.477}},{"type":"Feature","id":"MAD-1653512","geometry":{"type":"Point","coordinates":[-3.6960341,40.4106898]},"properties":{"source":"madrid","assetnum":"1653512","district":"CENTRO","barrio":"EMBAJADORES","species_code":"PDA","species":"PLATANUS X HISPANICA","perimeter_cm":74.0,"height":17.0,"municipal_x":440943.972,"municipal_y":4473573.939}},{"type":"Feature","id":"MAD-1675839","geometry":{"type":"Point","coordinates":[-3.6984648,40.4109872]},"properties":{"source":"madrid","assetnum":"1675839","district":"CENTRO","barrio":"EMBAJADORES","species_code":"AJU","species":"ALBIZIA JULIBRISSIN","perimeter_cm":16.0,"height":4.0,"municipal_x":440737.99,"municipal_y":4473608.578}},{"type":"Feature","id":"MAD-1685700","geometry":{"type":"Point","coordinates":[-3.7083648,40.409259]},"properties":{"source":"madrid","assetnum":"1685700","district":"CENTRO","barrio":"EMBAJADORES","species_code":"AHI","species":"AESCULUS HIPPOCASTANUM","perimeter_cm":88.0,"height":8.5,"municipal_x":439896.474,"municipal_y":4473423.427}},{"type":"Feature","id":"MAD-9329799","geometry":{"type":"Point","coordinates":[-3.7068536,40.4106754]},"properties":{"source":"madrid","assetnum":"9329799","district":"CENTRO","barrio":"EMBAJADORES","species_code":"LJA","species":"LIGUSTRUM JAPONICUM","perimeter_cm":16.0,"height":3.5,"municipal_x":440025.955,"municipal_y":4473579.621}},{"type":"Feature","id":"MAD-2009473","geometry":{"type":"Point","coordinates":[-3.7032761,40.4124277]},"properties":{"source":"madrid","assetnum":"2009473","district":"CENTRO","barrio":"EMBAJADORES","species_code":"CIA","species":"CITRUS X AURANTIUM","perimeter_cm":28.0,"height":5.0,"municipal_x":440331.045,"municipal_y":4473771.709}},{"type":"Feature","id":"MAD-10202642","geometry":{"type":"Point","coordinates":[-3.7005921,40.4102265]},"properties":{"source":"madrid","assetnum":"10202642","district":"CENTRO","barrio":"EMBAJADORES","species_code":"AMO","species":"ACER MONSPESSULANUM","perimeter_cm":18.0,"height":4.0,"municipal_x":440556.827,"municipal_y":4473525.569}},{"type":"Feature","id":"MAD-1683531","geometry":{"type":"Point","coordinates":[-3.695709,40.4086729]},"properties":{"source":"madrid","assetnum":"1683531","district":"CENTRO","barrio":"EMBAJADORES","species_code":"LJV","species":"LIGUSTRUM JAPONICUM 'VARIEGATUM'","perimeter_cm":41.0,"height":8.0,"municipal_x":440969.79,"municipal_y":4473349.844}},{"type":"Feature","id":"MAD-10126837","geometry":{"type":"Point","coordinates":[-3.7038441,40.4068743]},"properties":{"source":"madrid","assetnum":"10126837","district":"CENTRO","barrio":"EMBAJADORES","species_code":"PAR","species":"PYRUS CALLERYANA 'CHANTICLEER'","perimeter_cm":16.0,"height":3.0,"municipal_x":440277.944,"municipal_y":4473155.659}},{"type":"Feature","id":"MAD-1676876","geometry":{"type":"Point","coordinates":[-3.6950731,40.4086804]},"properties":{"source":"madrid","assetnum":"1676876","district":"CENTRO","barrio":"EMBAJADORES","species_code":"RPS","species":"ROBINIA PSEUDOACACIA","perimeter_cm":32.0,"height":9.0,"municipal_x":441023.758,"municipal_y":4473350.247}},{"type":"Feature","id":"MAD-10150207","geometry":{"type":"Point","coordinates":[-3.7105703,40.4071989]},"properties":{"source":"madrid","assetnum":"10150207","district":"CENTRO","barrio":"EMBAJADORES","species_code":"LTU","species":"LIRIODENDRON TULIPIFERA","perimeter_cm":15.0,"height":4.0,"municipal_x":439707.5,"municipal_y":4473196.263}},{"type":"Feature","id":"MAD-1653201","geometry":{"type":"Point","coordinates":[-3.6933513,40.4088587]},"properties":{"source":"madrid","assetnum":"1653201","district":"CENTRO","barrio":"EMBAJADORES","species_code":"LST","species":"LIQUIDAMBAR STYRACIFLUA","perimeter_cm":61.0,"height":10.0,"municipal_x":441170.005,"municipal_y":4473368.894}},{"type":"Feature","id":"MAD-1657306","geometry":{"type":"Point","coordinates":[-3.6964257,40.4075249]},"properties":{"source":"madrid","assetnum":"1657306","district":"CENTRO","barrio":"EMBAJADORES","species_code":"SJA","species":"STYPHNOLOBIUM JAPONICUM","perimeter_cm":21.0,"height":7.0,"municipal_x":440907.973,"municipal_y":4473222.897}},{"type":"Feature","id":"MAD-10202439","geometry":{"type":"Point","coordinates":[-3.704845,40.4125772]},"properties":{"source":"madrid","assetnum":"10202439","district":"CENTRO","barrio":"EMBAJADORES","species_code":"SJA","species":"STYPHNOLOBIUM JAPONICUM","perimeter_cm":25.0,"height":5.0,"municipal_x":440198.065,"municipal_y":4473789.355}},{"type":"Feature","id":"MAD-9371103","geometry":{"type":"Point","coordinates":[-3.7037654,40.4096961]},"properties":{"source":"madrid","assetnum":"9371103","district":"CENTRO","barrio":"EMBAJADORES","species_code":"PAR","species":"PYRUS CALLERYANA 'CHANTICLEER'","perimeter_cm":18.0,"height":4.0,"municipal_x":440287.118,"municipal_y":4473468.83}},{"type":"Feature","id":"MAD-10132764","geometry":{"type":"Point","coordinates":[-3.704453,40.4067895]},"properties":{"source":"madrid","assetnum":"10132764","district":"CENTRO","barrio":"EMBAJADORES","species_code":"KPA","species":"KOELREUTERIA PANICULATA","perimeter_cm":14.0,"height":3.0,"municipal_x":440226.203,"municipal_y":4473146.661}},{"type":"Feature","id":"MAD-9101100","geometry":{"type":"Point","coordinates":[-3.6956109,40.4100772]},"properties":{"source":"madrid","assetnum":"9101100","district":"CENTRO","barrio":"EMBAJADORES","species_code":"PCP","species":"PRUNUS CERASIFERA  SUBSP. PISSARDII","perimeter_cm":18.0,"height":5.0,"municipal_x":440979.347,"municipal_y":4473505.651}},{"type":"Feature","id":"MAD-1680159","geometry":{"type":"Point","coordinates":[-3.7009113,40.4105885]},"properties":{"source":"madrid","assetnum":"1680159","district":"CENTRO","barrio":"EMBAJADORES","species_code":"RPS","species":"ROBINIA PSEUDOACACIA","perimeter_cm":30.0,"height":7.0,"municipal_x":440530.065,"municipal_y":4473565.955}},{"type":"Feature","id":"MAD-1673127","geometry":{"type":"Point","coordinates":[-3.7072322,40.4094072]},"properties":{"source":"madrid","assetnum":"1673127","district":"CENTRO","barrio":"EMBAJADORES","species_code":"PDA","species":"PLATANUS X HISPANICA","perimeter_cm":183.0,"height":19.0,"municipal_x":439992.709,"municipal_y":4473439.11}},{"type":"Feature","id":"MAD-9101087","geometry":{"type":"Point","coordinates":[-3.6962453,40.4098558]},"properties":{"source":"madrid","assetnum":"9101087","district":"CENTRO","barrio":"EMBAJADORES","species_code":"PCP","species":"PRUNUS CERASIFERA  SUBSP. PISSARDII","perimeter_cm":18.0,"height":5.0,"municipal_x":440925.321,"municipal_y":4473481.503}},{"type":"Feature","id":"MAD-1656862","geometry":{"type":"Point","coordinates":[-3.6967896,40.4099196]},"properties":{"source":"madrid","assetnum":"1656862","district":"CENTRO","barrio":"EMBAJADORES","species_code":"AJU","species":"ALBIZIA JULIBRISSIN","perimeter_cm":43.0,"height":8.0,"municipal_x":440879.195,"municipal_y":4473488.949}},{"type":"Feature","id":"MAD-1631265","geometry":{"type":"Point","coordinates":[-3.7061019,40.4057843]},"properties":{"source":"madrid","assetnum":"1631265","district":"CENTRO","barrio":"EMBAJADORES","species_code":"SJA","species":"STYPHNOLOBIUM JAPONICUM","perimeter_cm":72.0,"height":7.0,"municipal_x":440085.401,"municipal_y":4473036.206}},{"type":"Feature","id":"MAD-1651658","geometry":{"type":"Point","coordinates":[-3.7009246,40.4088621]},"properties":{"source":"madrid","assetnum":"1651658","district":"CENTRO","barrio":"EMBAJADORES","species_code":"LJA","species":"LIGUSTRUM JAPONICUM","perimeter_cm":75.0,"height":9.0,"municipal_x":440527.415,"municipal_y":4473374.336}},{"type":"Feature","id":"MAD-1654006","geometry":{"type":"Point","coordinates":[-3.7031937,40.4060377]},"properties":{"source":"madrid","assetnum":"1654006","district":"CENTRO","barrio":"EMBAJADORES","species_code":"SJA","species":"STYPHNOLOBIUM JAPONICUM","perimeter_cm":46.0,"height":10.0,"municipal_x":440332.393,"municipal_y":4473062.363}},{"type":"Feature","id":"MAD-9870873","geometry":{"type":"Point","coordinates":[-3.6978944,40.4079247]},"properties":{"source":"madrid","assetnum":"9870873","district":"CENTRO","barrio":"EMBAJADORES","species_code":"SJA","species":"STYPHNOLOBIUM JAPONICUM","perimeter_cm":16.0,"height":4.5,"municipal_x":440783.703,"municipal_y":4473268.259}},{"type":"Feature","id":"MAD-9119983","geometry":{"type":"Point","coordinates":[-3.7020952,40.4069091]},"properties":{"source":"madrid","assetnum":"9119983","district":"CENTRO","barrio":"EMBAJADORES","species_code":"LJA","species":"LIGUSTRUM JAPONICUM","perimeter_cm":16.0,"height":3.8,"municipal_x":440426.368,"municipal_y":4473158.352}},{"type":"Feature","id":"MAD-1660267","geometry":{"type":"Point","coordinates":[-3.6927333,40.4085975]},"properties":{"source":"madrid","assetnum":"1660267","district":"CENTRO","barrio":"EMBAJADORES","species_code":"PDA","species":"PLATANUS X HISPANICA","perimeter_cm":144.0,"height":18.0,"municipal_x":441222.212,"municipal_y":4473339.493}},{"type":"Feature","id":"MAD-1653151","geometry":{"type":"Point","coordinates":[-3.7021035,40.4095753]},"properties":{"source":"madrid","assetnum":"1653151","district":"CENTRO","barrio":"EMBAJADORES","species_code":"RPS","species":"ROBINIA PSEUDOACACIA","perimeter_cm":35.0,"height":7.0,"municipal_x":440428.017,"municipal_y":4473454.304}},{"type":"Feature","id":"MAD-1636297","geometry":{"type":"Point","coordinates":[-3.705076,40.4062972]},"properties":{"source":"madrid","assetnum":"1636297","district":"CENTRO","barrio":"EMBAJADORES","species_code":"CAU","species":"CELTIS AUSTRALIS","perimeter_cm":270.0,"height":20.0,"municipal_x":440172.9,"municipal_y":4473092.443}},{"type":"Feature","id":"MAD-1656625","geometry":{"type":"Point","coordinates":[-3.6994728,40.4082832]},"properties":{"source":"madrid","assetnum":"1656625","district":"CENTRO","barrio":"EMBAJADORES","species_code":"SJA","species":"STYPHNOLOBIUM JAPONICUM","perimeter_cm":42.0,"height":9.0,"municipal_x":440650.094,"municipal_y":4473309.101}},{"type":"Feature","id":"MAD-1671178","geometry":{"type":"Point","coordinates":[-3.7054472,40.4079768]},"properties":{"source":"madrid","assetnum":"1671178","district":"CENTRO","barrio":"EMBAJADORES","species_code":"LJA","species":"LIGUSTRUM JAPONICUM","perimeter_cm":28.0,"height":7.0,"municipal_x":440142.896,"municipal_y":4473279.129}},{"type":"Feature","id":"MAD-1668468","geometry":{"type":"Point","coordinates":[-3.705845,40.407329]},"properties":{"source":"madrid","assetnum":"1668468","district":"CENTRO","barrio":"EMBAJADORES","species_code":"LJA","species":"LIGUSTRUM JAPONICUM","perimeter_cm":66.0,"height":13.0,"municipal_x":440108.566,"municipal_y":4473207.487}},{"type":"Feature","id":"MAD-1672559","geometry":{"type":"Point","coordinates":[-3.6967097,40.4067633]},"properties":{"source":"madrid","assetnum":"1672559","district":"CENTRO","barrio":"EMBAJADORES","species_code":"LJV","species":"LIGUSTRUM JAPONICUM 'VARIEGATUM'","perimeter_cm":18.0,"height":2.5,"municipal_x":440883.214,"municipal_y":4473138.55}},{"type":"Feature","id":"MAD-6747334","geometry":{"type":"Point","coordinates":[-3.7051495,40.4061049]},"properties":{"source":"madrid","assetnum":"6747334","district":"CENTRO","barrio":"EMBAJADORES","species_code":"BRP","species":"BROUSSONETIA PAPYRIFERA","perimeter_cm":24.0,"height":4.0,"municipal_x":440166.493,"municipal_y":4473071.14}},{"type":"Feature","id":"MAD-1656809","geometry":{"type":"Point","coordinates":[-3.7015888,40.4133232]},"properties":{"source":"madrid","assetnum":"1656809","district":"CENTRO","barrio":"EMBAJADORES","species_code":"LJA","species":"LIGUSTRUM JAPONICUM","perimeter_cm":67.0,"height":12.0,"municipal_x":440474.988,"municipal_y":4473869.966}},{"type":"Feature","id":"MAD-10202639","geometry":{"type":"Point","coordinates":[-3.6998591,40.4102004]},"properties":{"source":"madrid","assetnum":"10202639","district":"CENTRO","barrio":"EMBAJADORES","species_code":"AMO","species":"ACER MONSPESSULANUM","perimeter_cm":18.0,"height":4.0,"municipal_x":440619.004,"municipal_y":4473522.178}},{"type":"Feature","id":"MAD-7126821","geometry":{"type":"Point","coordinates":[-3.7064939,40.4117371]},"properties":{"source":"madrid","assetnum":"7126821","district":"CENTRO","barrio":"EMBAJADORES","species_code":"MEA","species":"MELIA AZEDARACH","perimeter_cm":36.0,"height":6.0,"municipal_x":440057.42,"municipal_y":4473697.231}},{"type":"Feature","id":"MAD-1680157","geometry":{"type":"Point","coordinates":[-3.6936504,40.4077246]},"properties":{"source":"madrid","assetnum":"1680157","district":"CENTRO","barrio":"EMBAJADORES","species_code":"PDA","species":"PLATANUS X HISPANICA","perimeter_cm":125.0,"height":17.0,"municipal_x":441143.641,"municipal_y":4473243.214}},{"type":"Feature","id":"MAD-1657090","geometry":{"type":"Point","coordinates":[-3.6961305,40.4069204]},"properties":{"source":"madrid","assetnum":"1657090","district":"CENTRO","barrio":"EMBAJADORES","species_code":"ANE","species":"ACER NEGUNDO","perimeter_cm":81.0,"height":9.0,"municipal_x":440932.495,"municipal_y":4473155.594}},{"type":"Feature","id":"MAD-1651660","geometry":{"type":"Point","coordinates":[-3.7012155,40.408805]},"properties":{"source":"madrid","assetnum":"1651660","district":"CENTRO","barrio":"EMBAJADORES","species_code":"LJA","species":"LIGUSTRUM JAPONICUM","perimeter_cm":64.0,"height":7.0,"municipal_x":440502.683,"municipal_y":4473368.199}},{"type":"Feature","id":"MAD-1657282","geometry":{"type":"Point","coordinates":[-3.6934008,40.4088803]},"properties":{"source":"madrid","assetnum":"1657282","district":"CENTRO","barrio":"EMBAJADORES","species_code":"LST","species":"LIQUIDAMBAR STYRACIFLUA","perimeter_cm":50.0,"height":10.0,"municipal_x":441165.825,"municipal_y":4473371.324}},{"type":"Feature","id":"MAD-1631727","geometry":{"type":"Point","coordinates":[-3.7024574,40.4114088]},"properties":{"source":"madrid","assetnum":"1631727","district":"CENTRO","barrio":"EMBAJADORES","species_code":"LJA","species":"LIGUSTRUM JAPONICUM","perimeter_cm":31.0,"height":6.0,"municipal_x":440399.604,"municipal_y":4473658.056}},{"type":"Feature","id":"MAD-1671058","geometry":{"type":"Point","coordinates":[-3.7049838,40.408235]},"properties":{"source":"madrid","assetnum":"1671058","district":"CENTRO","barrio":"EMBAJADORES","species_code":"LJA","species":"LIGUSTRUM JAPONICUM","perimeter_cm":28.0,"height":8.0,"municipal_x":440182.442,"municipal_y":4473307.472}},{"type":"Feature","id":"MAD-1659814","geometry":{"type":"Point","coordinates":[-3.7093335,40.4063427]},"properties":{"source":"madrid","assetnum":"1659814","district":"CENTRO","barrio":"EMBAJADORES","species_code":"UPU","species":"ULMUS PUMILA","perimeter_cm":199.0,"height":16.0,"municipal_x":439811.686,"municipal_y":4473100.38}},{"type":"Feature","id":"MAD-2060913","geometry":{"type":"Point","coordinates":[-3.7029264,40.4112987]},"properties":{"source":"madrid","assetnum":"2060913","district":"CENTRO","barrio":"EMBAJADORES","species_code":"PCY","species":"PYRUS CALLERYANA","perimeter_cm":18.0,"height":7.0,"municipal_x":440359.72,"municipal_y":4473646.153}},{"type":"Feature","id":"MAD-2069821","geometry":{"type":"Point","coordinates":[-3.702804,40.4104157]},"properties":{"source":"madrid","assetnum":"2069821","district":"CENTRO","barrio":"EMBAJADORES","species_code":"LJA","species":"LIGUSTRUM JAPONICUM","perimeter_cm":26.0,"height":3.5,"municipal_x":440369.323,"municipal_y":4473548.055}},{"type":"Feature","id":"MAD-6963370","geometry":{"type":"Point","coordinates":[-3.7044428,40.4080017]},"properties":{"source":"madrid","assetnum":"6963370","district":"CENTRO","barrio":"EMBAJADORES","species_code":"AUM","species":"ACER BUERGERIANUM","perimeter_cm":15.0,"height":3.5,"municipal_x":440228.136,"municipal_y":4473281.206}},{"type":"Feature","id":"MAD-1657309","geometry":{"type":"Point","coordinates":[-3.7004474,40.4075589]},"properties":{"source":"madrid","assetnum":"1657309","district":"CENTRO","barrio":"EMBAJADORES","species_code":"LJA","species":"LIGUSTRUM JAPONICUM","perimeter_cm":50.0,"height":9.0,"municipal_x":440566.758,"municipal_y":4473229.366}},{"type":"Feature","id":"MAD-1683018","geometry":{"type":"Point","coordinates":[-3.6995617,40.4063377]},"properties":{"source":"madrid","assetnum":"1683018","district":"CENTRO","barrio":"EMBAJADORES","species_code":"LJA","species":"LIGUSTRUM JAPONICUM","perimeter_cm":59.0,"height":8.0,"municipal_x":440640.842,"municipal_y":4473093.22}},{"type":"Feature","id":"MAD-10202677","geometry":{"type":"Point","coordinates":[-3.7047422,40.4138142]},"properties":{"source":"madrid","assetnum":"10202677","district":"CENTRO","barrio":"EMBAJADORES","species_code":"PAR","species":"PYRUS CALLERYANA 'CHANTICLEER'","perimeter_cm":25.0,"height":5.0,"municipal_x":440207.882,"municipal_y":4473926.599}},{"type":"Feature","id":"MAD-1664230","geometry":{"type":"Point","coordinates":[-3.7047008,40.4107422]},"properties":{"source":"madrid","assetnum":"1664230","district":"CENTRO","barrio":"EMBAJADORES","species_code":"LJA","species":"LIGUSTRUM JAPONICUM","perimeter_cm":45.0,"height":10.0,"municipal_x":440208.67,"municipal_y":4473585.58}},{"type":"Feature","id":"MAD-1672458","geometry":{"type":"Point","coordinates":[-3.7070922,40.4100696]},"properties":{"source":"madrid","assetnum":"1672458","district":"CENTRO","barrio":"EMBAJADORES","species_code":"LJA","species":"LIGUSTRUM JAPONICUM","perimeter_cm":23.0,"height":6.0,"municipal_x":440005.175,"municipal_y":4473512.54}},{"type":"Feature","id":"MAD-1660368","geometry":{"type":"Point","coordinates":[-3.7017695,40.4053706]},"properties":{"source":"madrid","assetnum":"1660368","district":"CENTRO","barrio":"EMBAJADORES","species_code":"ANE","species":"ACER NEGUNDO","perimeter_cm":51.0,"height":8.0,"municipal_x":440452.654,"municipal_y":4472987.352}},{"type":"Feature","id":"MAD-9394438","geometry":{"type":"Point","coordinates":[-3.7016918,40.4061301]},"properties":{"source":"madrid","assetnum":"9394438","district":"CENTRO","barrio":"EMBAJADORES","species_code":"ACA","species":"ACER CAMPESTRE","perimeter_cm":20.0,"height":5.2,"municipal_x":440459.912,"municipal_y":4473071.602}},{"type":"Feature","id":"MAD-1659766","geometry":{"type":"Point","coordinates":[-3.7107502,40.4082873]},"properties":{"source":"madrid","assetnum":"1659766","district":"CENTRO","barrio":"EMBAJADORES","species_code":"LJA","species":"LIGUSTRUM JAPONICUM","perimeter_cm":39.0,"height":6.5,"municipal_x":439693.208,"municipal_y":4473317.195}},{"type":"Feature","id":"MAD-7901856","geometry":{"type":"Point","coordinates":[-3.7035821,40.4125174]},"properties":{"source":"madrid","assetnum":"7901856","district":"CENTRO","barrio":"EMBAJADORES","species_code":"SJA","species":"STYPHNOLOBIUM JAPONICUM","perimeter_cm":16.0,"height":3.0,"municipal_x":440305.162,"municipal_y":4473781.864}},{"type":"Feature","id":"MAD-1651590","geometry":{"type":"Point","coordinates":[-3.6960253,40.4075454]},"properties":{"source":"madrid","assetnum":"1651590","district":"CENTRO","barrio":"EMBAJADORES","species_code":"RPS","species":"ROBINIA PSEUDOACACIA","perimeter_cm":28.0,"height":6.0,"municipal_x":440941.971,"municipal_y":4473224.897}},{"type":"Feature","id":"MAD-1683121","geometry":{"type":"Point","coordinates":[-3.7006222,40.4078336]},"properties":{"source":"madrid","assetnum":"1683121","district":"CENTRO","barrio":"EMBAJADORES","species_code":"LJA","species":"LIGUSTRUM JAPONICUM","perimeter_cm":56.0,"height":9.0,"municipal_x":440552.169,"municipal_y":4473259.975}},{"type":"Feature","id":"MAD-7501922","geometry":{"type":"Point","coordinates":[-3.7034226,40.409726]},"properties":{"source":"madrid","assetnum":"7501922","district":"CENTRO","barrio":"EMBAJADORES","species_code":"OEU","species":"OLEA EUROPAEA","perimeter_cm":200.0,"height":3.0,"municipal_x":440316.223,"municipal_y":4473471.911}},{"type":"Feature","id":"MAD-10202482","geometry":{"type":"Point","coordinates":[-3.7048872,40.4130428]},"properties":{"source":"madrid","assetnum":"10202482","district":"CENTRO","barrio":"EMBAJADORES","species_code":"CAU","species":"CELTIS AUSTRALIS","perimeter_cm":25.0,"height":5.0,"municipal_x":440194.898,"municipal_y":4473841.07}},{"type":"Feature","id":"MAD-1660453","geometry":{"type":"Point","coordinates":[-3.7069116,40.4105782]},"properties":{"source":"madrid","assetnum":"1660453","district":"CENTRO","barrio":"EMBAJADORES","species_code":"LJA","species":"LIGUSTRUM JAPONICUM","perimeter_cm":34.0,"height":7.0,"municipal_x":440020.946,"municipal_y":4473568.877}},{"type":"Feature","id":"MAD-1684374","geometry":{"type":"Point","coordinates":[-3.7031537,40.4074832]},"properties":{"source":"madrid","assetnum":"1684374","district":"CENTRO","barrio":"EMBAJADORES","species_code":"UJA","species":"ULMUS DAVIDIANA VAR. JAPONICA","perimeter_cm":45.0,"height":7.0,"municipal_x":440337.06,"municipal_y":4473222.784}},{"type":"Feature","id":"MAD-1675945","geometry":{"type":"Point","coordinates":[-3.7111849,40.4070722]},"properties":{"source":"madrid","assetnum":"1675945","district":"CENTRO","barrio":"EMBAJADORES","species_code":"PDA","species":"PLATANUS X HISPANICA","perimeter_cm":63.0,"height":10.0,"municipal_x":439655.239,"municipal_y":4473182.618}},{"type":"Feature","id":"MAD-5037760","geometry":{"type":"Point","coordinates":[-3.6993221,40.4081505]},"properties":{"source":"madrid","assetnum":"5037760","district":"CENTRO","barrio":"EMBAJADORES","species_code":"SJA","species":"STYPHNOLOBIUM JAPONICUM","perimeter_cm":14.0,"height":3.8,"municipal_x":440662.764,"municipal_y":4473294.271}},{"type":"Feature","id":"MAD-1659770","geometry":{"type":"Point","coordinates":[-3.706456,40.4063469]},"properties":{"source":"madrid","assetnum":"1659770","district":"CENTRO","barrio":"EMBAJADORES","species_code":"UPU","species":"ULMUS PUMILA","perimeter_cm":108.0,"height":17.0,"municipal_x":440055.85,"municipal_y":4473098.889}},{"type":"Feature","id":"MAD-1660419","geometry":{"type":"Point","coordinates":[-3.7068228,40.4117475]},"properties":{"source":"madrid","assetnum":"1660419","district":"CENTRO","barrio":"EMBAJADORES","species_code":"PDA","species":"PLATANUS X HISPANICA","perimeter_cm":135.0,"height":19.0,"municipal_x":440029.521,"municipal_y":4473698.6}},{"type":"Feature","id":"MAD-1651614","geometry":{"type":"Point","coordinates":[-3.6989295,40.4122388]},"properties":{"source":"madrid","assetnum":"1651614","district":"CENTRO","barrio":"EMBAJADORES","species_code":"CSE","species":"CUPRESSUS SEMPERVIRENS","perimeter_cm":25.0,"height":5.0,"municipal_x":440699.662,"municipal_y":4473747.816}},{"type":"Feature","id":"MAD-9101058","geometry":{"type":"Point","coordinates":[-3.6972677,40.4109323]},"properties":{"source":"madrid","assetnum":"9101058","district":"CENTRO","barrio":"EMBAJADORES","species_code":"PCP","species":"PRUNUS CERASIFERA  SUBSP. PISSARDII","perimeter_cm":18.0,"height":5.0,"municipal_x":440839.516,"municipal_y":4473601.682}},{"type":"Feature","id":"MAD-1647791","geometry":{"type":"Point","coordinates":[-3.6984763,40.4072542]},"properties":{"source":"madrid","assetnum":"1647791","district":"CENTRO","barrio":"EMBAJADORES","species_code":"LJV","species":"LIGUSTRUM JAPONICUM 'VARIEGATUM'","perimeter_cm":19.0,"height":4.0,"municipal_x":440733.742,"municipal_y":4473194.219}},{"type":"Feature","id":"MAD-1660135","geometry":{"type":"Point","coordinates":[-3.7067236,40.4062662]},"properties":{"source":"madrid","assetnum":"1660135","district":"CENTRO","barrio":"EMBAJADORES","species_code":"PDA","species":"PLATANUS X HISPANICA","perimeter_cm":64.0,"height":13.0,"municipal_x":440033.068,"municipal_y":4473090.111}},{"type":"Feature","id":"MAD-10202472","geometry":{"type":"Point","coordinates":[-3.7047303,40.4121404]},"properties":{"source":"madrid","assetnum":"10202472","district":"CENTRO","barrio":"EMBAJADORES","species_code":"CAU","species":"CELTIS AUSTRALIS","perimeter_cm":27.0,"height":5.0,"municipal_x":440207.405,"municipal_y":4473740.801}},{"type":"Feature","id":"MAD-1683476","geometry":{"type":"Point","coordinates":[-3.7028372,40.4076934]},"properties":{"source":"madrid","assetnum":"1683476","district":"CENTRO","barrio":"EMBAJADORES","species_code":"CAU","species":"CELTIS AUSTRALIS","perimeter_cm":75.0,"height":12.0,"municipal_x":440364.105,"municipal_y":4473245.901}},{"type":"Feature","id":"MAD-1683105","geometry":{"type":"Point","coordinates":[-3.7031265,40.4075664]},"properties":{"source":"madrid","assetnum":"1683105","district":"CENTRO","barrio":"EMBAJADORES","species_code":"UPU","species":"ULMUS PUMILA","perimeter_cm":132.0,"height":16.0,"municipal_x":440339.445,"municipal_y":4473232.004}},{"type":"Feature","id":"MAD-6747400","geometry":{"type":"Point","coordinates":[-3.7041432,40.4069204]},"properties":{"source":"madrid","assetnum":"6747400","district":"CENTRO","barrio":"EMBAJADORES","species_code":"KPA","species":"KOELREUTERIA PANICULATA","perimeter_cm":26.0,"height":4.5,"municipal_x":440252.603,"municipal_y":4473160.979}},{"type":"Feature","id":"MAD-10140155","geometry":{"type":"Point","coordinates":[-3.7073524,40.4111708]},"properties":{"source":"madrid","assetnum":"10140155","district":"CENTRO","barrio":"EMBAJADORES","species_code":"LJA","species":"LIGUSTRUM JAPONICUM","perimeter_cm":20.0,"height":4.2,"municipal_x":439984.072,"municipal_y":4473634.954}},{"type":"Feature","id":"MAD-1662029","geometry":{"type":"Point","coordinates":[-3.7045176,40.4084918]},"properties":{"source":"madrid","assetnum":"1662029","district":"CENTRO","barrio":"EMBAJADORES","species_code":"UPU","species":"ULMUS PUMILA","perimeter_cm":42.0,"height":8.0,"municipal_x":440222.226,"municipal_y":4473335.666}},{"type":"Feature","id":"MAD-1679579","geometry":{"type":"Point","coordinates":[-3.701695,40.412001]},"properties":{"source":"madrid","assetnum":"1679579","district":"CENTRO","barrio":"EMBAJADORES","species_code":"LJA","species":"LIGUSTRUM JAPONICUM","perimeter_cm":29.0,"height":6.0,"municipal_x":440464.812,"municipal_y":4473723.275}},{"type":"Feature","id":"MAD-1652391","geometry":{"type":"Point","coordinates":[-3.6963224,40.4108588]},"properties":{"source":"madrid","assetnum":"1652391","district":"CENTRO","barrio":"EMBAJADORES","species_code":"PDA","species":"PLATANUS X HISPANICA","perimeter_cm":116.0,"height":18.0,"municipal_x":440919.656,"municipal_y":4473592.883}},{"type":"Feature","id":"MAD-2068339","geometry":{"type":"Point","coordinates":[-3.6971606,40.4078095]},"properties":{"source":"madrid","assetnum":"2068339","district":"CENTRO","barrio":"EMBAJADORES","species_code":"SJA","species":"STYPHNOLOBIUM JAPONICUM","perimeter_cm":17.0,"height":5.0,"municipal_x":440845.872,"municipal_y":4473254.978}},{"type":"Feature","id":"MAD-1686516","geometry":{"type":"Point","coordinates":[-3.7060998,40.4071831]},"properties":{"source":"madrid","assetnum":"1686516","district":"CENTRO","barrio":"EMBAJADORES","species_code":"AHI","species":"AESCULUS HIPPOCASTANUM","perimeter_cm":52.0,"height":8.0,"municipal_x":440086.818,"municipal_y":4473191.465}},{"type":"Feature","id":"MAD-1657082","geometry":{"type":"Point","coordinates":[-3.7016086,40.4131943]},"properties":{"source":"madrid","assetnum":"1657082","district":"CENTRO","barrio":"EMBAJADORES","species_code":"LJA","species":"LIGUSTRUM JAPONICUM","perimeter_cm":45.0,"height":8.0,"municipal_x":440473.196,"municipal_y":4473855.671}},{"type":"Feature","id":"MAD-1661984","geometry":{"type":"Point","coordinates":[-3.7072592,40.4062384]},"properties":{"source":"madrid","assetnum":"1661984","district":"CENTRO","barrio":"EMBAJADORES","species_code":"PDA","species":"PLATANUS X HISPANICA","perimeter_cm":49.0,"height":10.0,"municipal_x":439987.599,"municipal_y":4473087.39}},{"type":"Feature","id":"MAD-9947000","geometry":{"type":"Point","coordinates":[-3.6993877,40.4075951]},"properties":{"source":"madrid","assetnum":"9947000","district":"CENTRO","barrio":"EMBAJADORES","species_code":"HSY","species":"HIBISCUS SYRIACUS","perimeter_cm":16.0,"height":2.5,"municipal_x":440656.707,"municipal_y":4473232.668}},{"type":"Feature","id":"MAD-1643024","geometry":{"type":"Point","coordinates":[-3.7084171,40.4063256]},"properties":{"source":"madrid","assetnum":"1643024","district":"CENTRO","barrio":"EMBAJADORES","species_code":"LIN","species":"LAGERSTROEMIA INDICA","perimeter_cm":24.0,"height":6.0,"municipal_x":439889.424,"municipal_y":4473097.856}},{"type":"Feature","id":"MAD-1660163","geometry":{"type":"Point","coordinates":[-3.707006,40.4061908]},"properties":{"source":"madrid","assetnum":"1660163","district":"CENTRO","barrio":"EMBAJADORES","species_code":"PDA","species":"PLATANUS X HISPANICA","perimeter_cm":86.0,"height":14.0,"municipal_x":440009.044,"municipal_y":4473081.941}},{"type":"Feature","id":"MAD-1630155","geometry":{"type":"Point","coordinates":[-3.710643,40.4070409]},"properties":{"source":"madrid","assetnum":"1630155","district":"CENTRO","barrio":"EMBAJADORES","species_code":"ANE","species":"ACER NEGUNDO","perimeter_cm":180.0,"height":10.0,"municipal_x":439701.191,"municipal_y":4473178.769}},{"type":"Feature","id":"MAD-1649724","geometry":{"type":"Point","coordinates":[-3.7047338,40.4063452]},"properties":{"source":"madrid","assetnum":"1649724","district":"CENTRO","barrio":"EMBAJADORES","species_code":"CAU","species":"CELTIS AUSTRALIS","perimeter_cm":52.0,"height":7.0,"municipal_x":440201.979,"municipal_y":4473097.535}},{"type":"Feature","id":"MAD-1668856","geometry":{"type":"Point","coordinates":[-3.7070703,40.4066866]},"properties":{"source":"madrid","assetnum":"1668856","district":"CENTRO","barrio":"EMBAJADORES","species_code":"PDA","species":"PLATANUS X HISPANICA","perimeter_cm":59.0,"height":14.0,"municipal_x":440004.023,"municipal_y":4473137.013}},{"type":"Feature","id":"MAD-9345699","geometry":{"type":"Point","coordinates":[-3.7060626,40.4111924]},"properties":{"source":"madrid","assetnum":"9345699","district":"CENTRO","barrio":"EMBAJADORES","species_code":"LJA","species":"LIGUSTRUM JAPONICUM","perimeter_cm":18.0,"height":3.5,"municipal_x":440093.523,"municipal_y":4473636.472}},{"type":"Feature","id":"MAD-10202582","geometry":{"type":"Point","coordinates":[-3.7048454,40.4137847]},"properties":{"source":"madrid","assetnum":"10202582","district":"CENTRO","barrio":"EMBAJADORES","species_code":"PAR","species":"PYRUS CALLERYANA 'CHANTICLEER'","perimeter_cm":25.0,"height":5.0,"municipal_x":440199.101,"municipal_y":4473923.388}},{"type":"Feature","id":"MAD-1642886","geometry":{"type":"Point","coordinates":[-3.7043399,40.4065001]},"properties":{"source":"madrid","assetnum":"1642886","district":"CENTRO","barrio":"EMBAJADORES","species_code":"KPA","species":"KOELREUTERIA PANICULATA","perimeter_cm":49.0,"height":7.0,"municipal_x":440235.544,"municipal_y":4473114.462}},{"type":"Feature","id":"MAD-1629191","geometry":{"type":"Point","coordinates":[-3.7030959,40.4075793]},"properties":{"source":"madrid","assetnum":"1629191","district":"CENTRO","barrio":"EMBAJADORES","species_code":"LJA","species":"LIGUSTRUM JAPONICUM","perimeter_cm":24.0,"height":3.0,"municipal_x":440342.051,"municipal_y":4473233.417}},{"type":"Feature","id":"MAD-1671985","geometry":{"type":"Point","coordinates":[-3.7016196,40.4128526]},"properties":{"source":"madrid","assetnum":"1671985","district":"CENTRO","barrio":"EMBAJADORES","species_code":"LJA","species":"LIGUSTRUM JAPONICUM","perimeter_cm":31.0,"height":7.0,"municipal_x":440471.967,"municipal_y":4473817.748}},{"type":"Feature","id":"MAD-1662647","geometry":{"type":"Point","coordinates":[-3.7074036,40.4089677]},"properties":{"source":"madrid","assetnum":"1662647","district":"CENTRO","barrio":"EMBAJADORES","species_code":"PDA","species":"PLATANUS X HISPANICA","perimeter_cm":125.0,"height":17.0,"municipal_x":439977.768,"municipal_y":4473390.439}},{"type":"Feature","id":"MAD-1676798","geometry":{"type":"Point","coordinates":[-3.6981678,40.4107043]},"properties":{"source":"madrid","assetnum":"1676798","district":"CENTRO","barrio":"EMBAJADORES","species_code":"AJU","species":"ALBIZIA JULIBRISSIN","perimeter_cm":15.0,"height":4.0,"municipal_x":440762.946,"municipal_y":4473576.971}},{"type":"Feature","id":"MAD-1681942","geometry":{"type":"Point","coordinates":[-3.6937942,40.4076382]},"properties":{"source":"madrid","assetnum":"1681942","district":"CENTRO","barrio":"EMBAJADORES","species_code":"PDA","species":"PLATANUS X HISPANICA","perimeter_cm":22.0,"height":6.0,"municipal_x":441131.364,"municipal_y":4473233.715}},{"type":"Feature","id":"MAD-1653838","geometry":{"type":"Point","coordinates":[-3.7031234,40.4053271]},"properties":{"source":"madrid","assetnum":"1653838","district":"CENTRO","barrio":"EMBAJADORES","species_code":"PDA","species":"PLATANUS X HISPANICA","perimeter_cm":58.0,"height":9.0,"municipal_x":440337.732,"municipal_y":4472983.443}},{"type":"Feature","id":"MAD-1682845","geometry":{"type":"Point","coordinates":[-3.7000768,40.4069668]},"properties":{"source":"madrid","assetnum":"1682845","district":"CENTRO","barrio":"EMBAJADORES","species_code":"LJA","species":"LIGUSTRUM JAPONICUM","perimeter_cm":61.0,"height":9.0,"municipal_x":440597.69,"municipal_y":4473163.39}},{"type":"Feature","id":"MAD-1653378","geometry":{"type":"Point","coordinates":[-3.7013329,40.4087879]},"properties":{"source":"madrid","assetnum":"1653378","district":"CENTRO","barrio":"EMBAJADORES","species_code":"LJA","species":"LIGUSTRUM JAPONICUM","perimeter_cm":21.0,"height":4.0,"municipal_x":440492.707,"municipal_y":4473366.383}},{"type":"Feature","id":"MAD-1645757","geometry":{"type":"Point","coordinates":[-3.7037583,40.4068313]},"properties":{"source":"madrid","assetnum":"1645757","district":"CENTRO","barrio":"EMBAJADORES","species_code":"PCP","species":"PRUNUS CERASIFERA  SUBSP. PISSARDII","perimeter_cm":31.0,"height":5.0,"municipal_x":440285.185,"municipal_y":4473150.832}},{"type":"Feature","id":"MAD-1659914","geometry":{"type":"Point","coordinates":[-3.7069996,40.4061086]},"properties":{"source":"madrid","assetnum":"1659914","district":"CENTRO","barrio":"EMBAJADORES","species_code":"PDA","species":"PLATANUS X HISPANICA","perimeter_cm":99.0,"height":17.0,"municipal_x":440009.514,"municipal_y":4473072.807}},{"type":"Feature","id":"MAD-1682862","geometry":{"type":"Point","coordinates":[-3.6994134,40.406098]},"properties":{"source":"madrid","assetnum":"1682862","district":"CENTRO","barrio":"EMBAJADORES","species_code":"LJA","species":"LIGUSTRUM JAPONICUM","perimeter_cm":59.0,"height":8.0,"municipal_x":440653.211,"municipal_y":4473066.509}},{"type":"Feature","id":"MAD-8902863","geometry":{"type":"Point","coordinates":[-3.7040477,40.4067902]},"properties":{"source":"madrid","assetnum":"8902863","district":"CENTRO","barrio":"EMBAJADORES","species_code":"KPA","species":"KOELREUTERIA PANICULATA","perimeter_cm":22.0,"height":5.0,"municipal_x":440260.593,"municipal_y":4473146.471}},{"type":"Feature","id":"MAD-1635735","geometry":{"type":"Point","coordinates":[-3.7054648,40.4059703]},"properties":{"source":"madrid","assetnum":"1635735","district":"CENTRO","barrio":"EMBAJADORES","species_code":"SJA","species":"STYPHNOLOBIUM JAPONICUM","perimeter_cm":86.0,"height":10.0,"municipal_x":440139.624,"municipal_y":4473056.414}},{"type":"Feature","id":"MAD-1680160","geometry":{"type":"Point","coordinates":[-3.6955685,40.4104802]},"properties":{"source":"madrid","assetnum":"1680160","district":"CENTRO","barrio":"EMBAJADORES","species_code":"SJA","species":"STYPHNOLOBIUM JAPONICUM","perimeter_cm":111.0,"height":13.0,"municipal_x":440983.295,"municipal_y":4473550.353}},{"type":"Feature","id":"MAD-1657919","geometry":{"type":"Point","coordinates":[-3.7023045,40.4137011]},"properties":{"source":"madrid","assetnum":"1657919","district":"CENTRO","barrio":"EMBAJADORES","species_code":"AHI","species":"AESCULUS HIPPOCASTANUM","perimeter_cm":50.0,"height":7.0,"municipal_x":440414.6,"municipal_y":4473912.394}},{"type":"Feature","id":"MAD-1661260","geometry":{"type":"Point","coordinates":[-3.7049781,40.4087105]},"properties":{"source":"madrid","assetnum":"1661260","district":"CENTRO","barrio":"EMBAJADORES","species_code":"SJA","species":"STYPHNOLOBIUM JAPONICUM","perimeter_cm":23.0,"height":6.0,"municipal_x":440183.347,"municipal_y":4473360.247}},{"type":"Feature","id":"MAD-1673228","geometry":{"type":"Point","coordinates":[-3.7071078,40.4101818]},"properties":{"source":"madrid","assetnum":"1673228","district":"CENTRO","barrio":"EMBAJADORES","species_code":"LJA","species":"LIGUSTRUM JAPONICUM","perimeter_cm":51.0,"height":6.0,"municipal_x":440003.952,"municipal_y":4473525.01}},{"type":"Feature","id":"MAD-1651694","geometry":{"type":"Point","coordinates":[-3.6976242,40.4103794]},"properties":{"source":"madrid","assetnum":"1651694","district":"CENTRO","barrio":"EMBAJADORES","species_code":"AJU","species":"ALBIZIA JULIBRISSIN","perimeter_cm":41.0,"height":8.0,"municipal_x":440808.788,"municipal_y":4473540.546}},{"type":"Feature","id":"MAD-1683106","geometry":{"type":"Point","coordinates":[-3.6999083,40.4083563]},"properties":{"source":"madrid","assetnum":"1683106","district":"CENTRO","barrio":"EMBAJADORES","species_code":"SJA","species":"STYPHNOLOBIUM JAPONICUM","perimeter_cm":47.0,"height":9.0,"municipal_x":440613.204,"municipal_y":4473317.511}},{"type":"Feature","id":"MAD-9132621","geometry":{"type":"Point","coordinates":[-3.696994,40.4075986]},"properties":{"source":"madrid","assetnum":"9132621","district":"CENTRO","barrio":"EMBAJADORES","species_code":"LJV","species":"LIGUSTRUM JAPONICUM 'VARIEGATUM'","perimeter_cm":17.0,"height":4.0,"municipal_x":440859.821,"municipal_y":4473231.46}},{"type":"Feature","id":"MAD-1683397","geometry":{"type":"Point","coordinates":[-3.7031464,40.4131757]},"properties":{"source":"madrid","assetnum":"1683397","district":"CENTRO","barrio":"EMBAJADORES","species_code":"LJA","species":"LIGUSTRUM JAPONICUM","perimeter_cm":51.0,"height":8.0,"municipal_x":440342.712,"municipal_y":4473854.648}},{"type":"Feature","id":"MAD-1672456","geometry":{"type":"Point","coordinates":[-3.7074027,40.4109713]},"properties":{"source":"madrid","assetnum":"1672456","district":"CENTRO","barrio":"EMBAJADORES","species_code":"LJA","species":"LIGUSTRUM JAPONICUM","perimeter_cm":21.0,"height":5.0,"municipal_x":439979.63,"municipal_y":4473612.838}},{"type":"Feature","id":"MAD-5174474","geometry":{"type":"Point","coordinates":[-3.7073878,40.4110155]},"properties":{"source":"madrid","assetnum":"5174474","district":"CENTRO","barrio":"EMBAJADORES","species_code":"LJA","species":"LIGUSTRUM JAPONICUM","perimeter_cm":18.0,"height":4.0,"municipal_x":439980.932,"municipal_y":4473617.738}},{"type":"Feature","id":"MAD-1671228","geometry":{"type":"Point","coordinates":[-3.7071973,40.4136421]},"properties":{"source":"madrid","assetnum":"1671228","district":"CENTRO","barrio":"EMBAJADORES","species_code":"HSY","species":"HIBISCUS SYRIACUS","perimeter_cm":23.0,"height":4.0,"municipal_x":439999.424,"municipal_y":4473909.162}},{"type":"Feature","id":"MAD-1672183","geometry":{"type":"Point","coordinates":[-3.698881,40.4077232]},"properties":{"source":"madrid","assetnum":"1672183","district":"CENTRO","barrio":"EMBAJADORES","species_code":"HSY","species":"HIBISCUS SYRIACUS","perimeter_cm":22.0,"height":5.0,"municipal_x":440699.813,"municipal_y":4473246.554}},{"type":"Feature","id":"MAD-1683745","geometry":{"type":"Point","coordinates":[-3.7032871,40.4098226]},"properties":{"source":"madrid","assetnum":"1683745","district":"CENTRO","barrio":"EMBAJADORES","species_code":"LJA","species":"LIGUSTRUM JAPONICUM","perimeter_cm":58.0,"height":10.0,"municipal_x":440327.805,"municipal_y":4473482.549}},{"type":"Feature","id":"MAD-1680699","geometry":{"type":"Point","coordinates":[-3.7002533,40.4118556]},"properties":{"source":"madrid","assetnum":"1680699","district":"CENTRO","barrio":"EMBAJADORES","species_code":"RRA","species":"ROBINIA PSEUDOACACIA 'UMBRACULIFERA'","perimeter_cm":42.0,"height":8.0,"municipal_x":440587.006,"municipal_y":4473706.166}},{"type":"Feature","id":"MAD-5174564","geometry":{"type":"Point","coordinates":[-3.7016625,40.4054017]},"properties":{"source":"madrid","assetnum":"5174564","district":"CENTRO","barrio":"EMBAJADORES","species_code":"LJA","species":"LIGUSTRUM JAPONICUM","perimeter_cm":16.0,"height":3.0,"municipal_x":440461.761,"municipal_y":4472990.729}},{"type":"Feature","id":"MAD-2062733","geometry":{"type":"Point","coordinates":[-3.706698,40.4137953]},"properties":{"source":"madrid","assetnum":"2062733","district":"CENTRO","barrio":"EMBAJADORES","species_code":"HSY","species":"HIBISCUS SYRIACUS","perimeter_cm":15.0,"height":4.0,"municipal_x":440041.924,"municipal_y":4473925.822}},{"type":"Feature","id":"MAD-1672515","geometry":{"type":"Point","coordinates":[-3.7022454,40.4135584]},"properties":{"source":"madrid","assetnum":"1672515","district":"CENTRO","barrio":"EMBAJADORES","species_code":"LJA","species":"LIGUSTRUM JAPONICUM","perimeter_cm":27.0,"height":7.0,"municipal_x":440419.492,"municipal_y":4473896.516}},{"type":"Feature","id":"MAD-1662057","geometry":{"type":"Point","coordinates":[-3.7071756,40.4069623]},"properties":{"source":"madrid","assetnum":"1662057","district":"CENTRO","barrio":"EMBAJADORES","species_code":"PDA","species":"PLATANUS X HISPANICA","perimeter_cm":75.0,"height":16.0,"municipal_x":439995.333,"municipal_y":4473167.683}},{"type":"Feature","id":"MAD-1651661","geometry":{"type":"Point","coordinates":[-3.7007557,40.411527]},"properties":{"source":"madrid","assetnum":"1651661","district":"CENTRO","barrio":"EMBAJADORES","species_code":"UMI","species":"ULMUS MINOR","perimeter_cm":65.0,"height":13.0,"municipal_x":440544.096,"municipal_y":4473670.026}},{"type":"Feature","id":"MAD-1651890","geometry":{"type":"Point","coordinates":[-3.7009331,40.4089529]},"properties":{"source":"madrid","assetnum":"1651890","district":"CENTRO","barrio":"EMBAJADORES","species_code":"LJA","species":"LIGUSTRUM JAPONICUM","perimeter_cm":28.0,"height":5.5,"municipal_x":440526.779,"municipal_y":4473384.423}},{"type":"Feature","id":"MAD-1680109","geometry":{"type":"Point","coordinates":[-3.7015127,40.4096945]},"properties":{"source":"madrid","assetnum":"1680109","district":"CENTRO","barrio":"EMBAJADORES","species_code":"CBU","species":"CATALPA BUNGEI","perimeter_cm":38.0,"height":7.0,"municipal_x":440478.248,"municipal_y":4473467.127}},{"type":"Feature","id":"MAD-1677387","geometry":{"type":"Point","coordinates":[-3.6996987,40.4081712]},"properties":{"source":"madrid","assetnum":"1677387","district":"CENTRO","barrio":"EMBAJADORES","species_code":"HSY","species":"HIBISCUS SYRIACUS","perimeter_cm":20.0,"height":6.0,"municipal_x":440630.828,"municipal_y":4473296.821}},{"type":"Feature","id":"MAD-1648045","geometry":{"type":"Point","coordinates":[-3.6953334,40.4083604]},"properties":{"source":"madrid","assetnum":"1648045","district":"CENTRO","barrio":"EMBAJADORES","species_code":"RPS","species":"ROBINIA PSEUDOACACIA","perimeter_cm":35.0,"height":8.0,"municipal_x":441001.389,"municipal_y":4473314.909}},{"type":"Feature","id":"MAD-1673140","geometry":{"type":"Point","coordinates":[-3.7045208,40.4082359]},"properties":{"source":"madrid","assetnum":"1673140","district":"CENTRO","barrio":"EMBAJADORES","species_code":"SJA","species":"STYPHNOLOBIUM JAPONICUM","perimeter_cm":58.0,"height":10.0,"municipal_x":440221.726,"municipal_y":4473307.256}},{"type":"Feature","id":"MAD-1669415","geometry":{"type":"Point","coordinates":[-3.7047946,40.4108949]},"properties":{"source":"madrid","assetnum":"1669415","district":"CENTRO","barrio":"EMBAJADORES","species_code":"LJA","species":"LIGUSTRUM JAPONICUM","perimeter_cm":30.0,"height":7.0,"municipal_x":440200.846,"municipal_y":4473602.59}},{"type":"Feature","id":"MAD-8902575","geometry":{"type":"Point","coordinates":[-3.7050086,40.406084]},"properties":{"source":"madrid","assetnum":"8902575","district":"CENTRO","barrio":"EMBAJADORES","species_code":"CAU","species":"CELTIS AUSTRALIS","perimeter_cm":16.0,"height":4.5,"municipal_x":440178.433,"municipal_y":4473068.73}},{"type":"Feature","id":"MAD-1657195","geometry":{"type":"Point","coordinates":[-3.7012891,40.4090532]},"properties":{"source":"madrid","assetnum":"1657195","district":"CENTRO","barrio":"EMBAJADORES","species_code":"LJA","species":"LIGUSTRUM JAPONICUM","perimeter_cm":41.0,"height":7.0,"municipal_x":440496.655,"municipal_y":4473395.799}},{"type":"Feature","id":"MAD-1651583","geometry":{"type":"Point","coordinates":[-3.6962473,40.4075673]},"properties":{"source":"madrid","assetnum":"1651583","district":"CENTRO","barrio":"EMBAJADORES","species_code":"SJA","species":"STYPHNOLOBIUM JAPONICUM","perimeter_cm":74.0,"height":14.0,"municipal_x":440923.152,"municipal_y":4473227.477}},{"type":"Feature","id":"MAD-9285537","geometry":{"type":"Point","coordinates":[-3.7027404,40.4081032]},"properties":{"source":"madrid","assetnum":"9285537","district":"CENTRO","barrio":"EMBAJADORES","species_code":"PCP","species":"PRUNUS CERASIFERA  SUBSP. PISSARDII","perimeter_cm":16.0,"height":3.5,"municipal_x":440372.678,"municipal_y":4473291.331}},{"type":"Feature","id":"MAD-1656989","geometry":{"type":"Point","coordinates":[-3.7046199,40.412552]},"properties":{"source":"madrid","assetnum":"1656989","district":"CENTRO","barrio":"EMBAJADORES","species_code":"RPS","species":"ROBINIA PSEUDOACACIA","perimeter_cm":31.0,"height":8.0,"municipal_x":440217.138,"municipal_y":4473786.414}},{"type":"Feature","id":"MAD-1657422","geometry":{"type":"Point","coordinates":[-3.6980164,40.4065113]},"properties":{"source":"madrid","assetnum":"1657422","district":"CENTRO","barrio":"EMBAJADORES","species_code":"SJA","species":"STYPHNOLOBIUM JAPONICUM","perimeter_cm":82.0,"height":16.0,"municipal_x":440772.112,"municipal_y":4473111.447}},{"type":"Feature","id":"MAD-6747338","geometry":{"type":"Point","coordinates":[-3.7053015,40.4059052]},"properties":{"source":"madrid","assetnum":"6747338","district":"CENTRO","barrio":"EMBAJADORES","species_code":"BRP","species":"BROUSSONETIA PAPYRIFERA","perimeter_cm":16.0,"height":4.0,"municipal_x":440153.423,"municipal_y":4473049.081}},{"type":"Feature","id":"MAD-1653150","geometry":{"type":"Point","coordinates":[-3.6984888,40.4080221]},"properties":{"source":"madrid","assetnum":"1653150","district":"CENTRO","barrio":"EMBAJADORES","species_code":"UPU","species":"ULMUS PUMILA","perimeter_cm":81.0,"height":14.0,"municipal_x":440733.353,"municipal_y":4473279.46}},{"type":"Feature","id":"MAD-1657502","geometry":{"type":"Point","coordinates":[-3.7051773,40.4113518]},"properties":{"source":"madrid","assetnum":"1657502","district":"CENTRO","barrio":"EMBAJADORES","species_code":"LJA","species":"LIGUSTRUM JAPONICUM","perimeter_cm":50.0,"height":10.0,"municipal_x":440168.784,"municipal_y":4473653.569}},{"type":"Feature","id":"MAD-1680212","geometry":{"type":"Point","coordinates":[-3.696905,40.4099742]},"properties":{"source":"madrid","assetnum":"1680212","district":"CENTRO","barrio":"EMBAJADORES","species_code":"AJU","species":"ALBIZIA JULIBRISSIN","perimeter_cm":25.0,"height":5.0,"municipal_x":440869.448,"municipal_y":4473495.084}},{"type":"Feature","id":"MAD-10124390","geometry":{"type":"Point","coordinates":[-3.7083273,40.406375]},"properties":{"source":"madrid","assetnum":"10124390","district":"CENTRO","barrio":"EMBAJADORES","species_code":"LIN","species":"LAGERSTROEMIA INDICA","perimeter_cm":15.0,"height":2.0,"municipal_x":439897.087,"municipal_y":4473103.281}},{"type":"Feature","id":"MAD-1655115","geometry":{"type":"Point","coordinates":[-3.698874,40.4071121]},"properties":{"source":"madrid","assetnum":"1655115","district":"CENTRO","barrio":"EMBAJADORES","species_code":"LJV","species":"LIGUSTRUM JAPONICUM 'VARIEGATUM'","perimeter_cm":23.0,"height":5.0,"municipal_x":440699.87,"municipal_y":4473178.71}},{"type":"Feature","id":"MAD-1657093","geometry":{"type":"Point","coordinates":[-3.7002922,40.4073134]},"properties":{"source":"madrid","assetnum":"1657093","district":"CENTRO","barrio":"EMBAJADORES","species_code":"LJA","species":"LIGUSTRUM JAPONICUM","perimeter_cm":54.0,"height":9.0,"municipal_x":440579.718,"municipal_y":4473202.006}},{"type":"Feature","id":"MAD-7925218","geometry":{"type":"Point","coordinates":[-3.7024312,40.4112663]},"properties":{"source":"madrid","assetnum":"7925218","district":"CENTRO","barrio":"EMBAJADORES","species_code":"LJA","species":"LIGUSTRUM JAPONICUM","perimeter_cm":18.0,"height":4.0,"municipal_x":440401.7,"municipal_y":4473642.217}},{"type":"Feature","id":"MAD-1680143","geometry":{"type":"Point","coordinates":[-3.6971033,40.4100683]},"properties":{"source":"madrid","assetnum":"1680143","district":"CENTRO","barrio":"EMBAJADORES","species_code":"AJU","species":"ALBIZIA JULIBRISSIN","perimeter_cm":68.0,"height":9.0,"municipal_x":440852.709,"municipal_y":4473505.664}},{"type":"Feature","id":"MAD-1653265","geometry":{"type":"Point","coordinates":[-3.6979472,40.4079418]},"properties":{"source":"madrid","assetnum":"1653265","district":"CENTRO","barrio":"EMBAJADORES","species_code":"SJA","species":"STYPHNOLOBIUM JAPONICUM","perimeter_cm":26.0,"height":6.0,"municipal_x":440779.243,"municipal_y":4473270.189}},{"type":"Feature","id":"MAD-1643399","geometry":{"type":"Point","coordinates":[-3.7107788,40.4071743]},"properties":{"source":"madrid","assetnum":"1643399","district":"CENTRO","barrio":"EMBAJADORES","species_code":"UPU","species":"ULMUS PUMILA","perimeter_cm":250.0,"height":15.0,"municipal_x":439689.787,"municipal_y":4473193.671}},{"type":"Feature","id":"MAD-1653185","geometry":{"type":"Point","coordinates":[-3.6928581,40.4092583]},"properties":{"source":"madrid","assetnum":"1653185","district":"CENTRO","barrio":"EMBAJADORES","species_code":"LJV","species":"LIGUSTRUM JAPONICUM 'VARIEGATUM'","perimeter_cm":25.0,"height":4.5,"municipal_x":441212.202,"municipal_y":4473412.92}},{"type":"Feature","id":"MAD-10145035","geometry":{"type":"Point","coordinates":[-3.6944422,40.4089211]},"properties":{"source":"madrid","assetnum":"10145035","district":"CENTRO","barrio":"EMBAJADORES","species_code":"LJV","species":"LIGUSTRUM JAPONICUM 'VARIEGATUM'","perimeter_cm":17.0,"height":3.4,"municipal_x":441077.5,"municipal_y":4473376.546}},{"type":"Feature","id":"MAD-9878188","geometry":{"type":"Point","coordinates":[-3.7053818,40.4062319]},"properties":{"source":"madrid","assetnum":"9878188","district":"CENTRO","barrio":"EMBAJADORES","species_code":"QRO","species":"QUERCUS ROBUR","perimeter_cm":20.0,"height":3.0,"municipal_x":440146.896,"municipal_y":4473085.403}},{"type":"Feature","id":"MAD-1642759","geometry":{"type":"Point","coordinates":[-3.7085692,40.4064721]},"properties":{"source":"madrid","assetnum":"1642759","district":"CENTRO","barrio":"EMBAJADORES","species_code":"LIN","species":"LAGERSTROEMIA INDICA","perimeter_cm":24.0,"height":6.0,"municipal_x":439876.654,"municipal_y":4473114.22}},{"type":"Feature","id":"MAD-1656631","geometry":{"type":"Point","coordinates":[-3.702459,40.4055203]},"properties":{"source":"madrid","assetnum":"1656631","district":"CENTRO","barrio":"EMBAJADORES","species_code":"PDA","species":"PLATANUS X HISPANICA","perimeter_cm":157.0,"height":17.0,"municipal_x":440394.272,"municipal_y":4473004.432}},{"type":"Feature","id":"MAD-10126813","geometry":{"type":"Point","coordinates":[-3.6959117,40.4072728]},"properties":{"source":"madrid","assetnum":"10126813","district":"CENTRO","barrio":"EMBAJADORES","species_code":"SJA","species":"STYPHNOLOBIUM JAPONICUM","perimeter_cm":17.0,"height":3.75,"municipal_x":440951.371,"municipal_y":4473194.567}},{"type":"Feature","id":"MAD-10128680","geometry":{"type":"Point","coordinates":[-3.7018959,40.4060302]},"properties":{"source":"madrid","assetnum":"10128680","district":"CENTRO","barrio":"EMBAJADORES","species_code":"PCP","species":"PRUNUS CERASIFERA  SUBSP. PISSARDII","perimeter_cm":17.0,"height":4.35,"municipal_x":440442.509,"municipal_y":4473060.658}},{"type":"Feature","id":"MAD-1629634","geometry":{"type":"Point","coordinates":[-3.7050129,40.4057255]},"properties":{"source":"madrid","assetnum":"1629634","district":"CENTRO","barrio":"EMBAJADORES","species_code":"BRP","species":"BROUSSONETIA PAPYRIFERA","perimeter_cm":100.0,"height":9.0,"municipal_x":440177.747,"municipal_y":4473028.938}},{"type":"Feature","id":"MAD-1676956","geometry":{"type":"Point","coordinates":[-3.701027,40.4088964]},"properties":{"source":"madrid","assetnum":"1676956","district":"CENTRO","barrio":"EMBAJADORES","species_code":"LJA","species":"LIGUSTRUM JAPONICUM","perimeter_cm":56.0,"height":8.5,"municipal_x":440518.757,"municipal_y":4473378.215}},{"type":"Feature","id":"MAD-1651819","geometry":{"type":"Point","coordinates":[-3.70056,40.4079587]},"properties":{"source":"madrid","assetnum":"1651819","district":"CENTRO","barrio":"EMBAJADORES","species_code":"LJA","species":"LIGUSTRUM JAPONICUM","perimeter_cm":47.0,"height":7.0,"municipal_x":440557.557,"municipal_y":4473273.822}},{"type":"Feature","id":"MAD-1671847","geometry":{"type":"Point","coordinates":[-3.700835,40.4069631]},"properties":{"source":"madrid","assetnum":"1671847","district":"CENTRO","barrio":"EMBAJADORES","species_code":"LJA","species":"LIGUSTRUM JAPONICUM","perimeter_cm":39.0,"height":9.0,"municipal_x":440533.348,"municipal_y":4473163.497}},{"type":"Feature","id":"MAD-1657128","geometry":{"type":"Point","coordinates":[-3.6954785,40.4091468]},"properties":{"source":"madrid","assetnum":"1657128","district":"CENTRO","barrio":"EMBAJADORES","species_code":"AJU","species":"ALBIZIA JULIBRISSIN","perimeter_cm":53.0,"height":8.0,"municipal_x":440989.764,"municipal_y":4473402.295}},{"type":"Feature","id":"MAD-10202443","geometry":{"type":"Point","coordinates":[-3.7055922,40.4127669]},"properties":{"source":"madrid","assetnum":"10202443","district":"CENTRO","barrio":"EMBAJADORES","species_code":"SJA","species":"STYPHNOLOBIUM JAPONICUM","perimeter_cm":24.0,"height":5.0,"municipal_x":440134.838,"municipal_y":4473810.92}},{"type":"Feature","id":"MAD-9394462","geometry":{"type":"Point","coordinates":[-3.7003522,40.4076199]},"properties":{"source":"madrid","assetnum":"9394462","district":"CENTRO","barrio":"EMBAJADORES","species_code":"LJA","species":"LIGUSTRUM JAPONICUM","perimeter_cm":16.0,"height":3.5,"municipal_x":440574.893,"municipal_y":4473236.066}},{"type":"Feature","id":"MAD-1646093","geometry":{"type":"Point","coordinates":[-3.7050469,40.4057265]},"properties":{"source":"madrid","assetnum":"1646093","district":"CENTRO","barrio":"EMBAJADORES","species_code":"BRP","species":"BROUSSONETIA PAPYRIFERA","perimeter_cm":52.0,"height":8.0,"municipal_x":440174.867,"municipal_y":4473029.07}},{"type":"Feature","id":"MAD-1682926","geometry":{"type":"Point","coordinates":[-3.695975,40.4073079]},"properties":{"source":"madrid","assetnum":"1682926","district":"CENTRO","barrio":"EMBAJADORES","species_code":"SJA","species":"STYPHNOLOBIUM JAPONICUM","perimeter_cm":46.0,"height":8.0,"municipal_x":440946.027,"municipal_y":4473198.504}},{"type":"Feature","id":"MAD-1685177","geometry":{"type":"Point","coordinates":[-3.7048877,40.406818]},"properties":{"source":"madrid","assetnum":"1685177","district":"CENTRO","barrio":"EMBAJADORES","species_code":"UPU","species":"ULMUS PUMILA","perimeter_cm":67.0,"height":11.0,"municipal_x":440189.337,"municipal_y":4473150.126}},{"type":"Feature","id":"MAD-1673247","geometry":{"type":"Point","coordinates":[-3.7074503,40.4077133]},"properties":{"source":"madrid","assetnum":"1673247","district":"CENTRO","barrio":"EMBAJADORES","species_code":"PDA","species":"PLATANUS X HISPANICA","perimeter_cm":126.0,"height":17.0,"municipal_x":439972.697,"municipal_y":4473251.239}},{"type":"Feature","id":"MAD-1683788","geometry":{"type":"Point","coordinates":[-3.6975529,40.4103351]},"properties":{"source":"madrid","assetnum":"1683788","district":"CENTRO","barrio":"EMBAJADORES","species_code":"AJU","species":"ALBIZIA JULIBRISSIN","perimeter_cm":24.0,"height":5.0,"municipal_x":440814.791,"municipal_y":4473535.578}},{"type":"Feature","id":"MAD-9934807","geometry":{"type":"Point","coordinates":[-3.708093,40.4094038]},"properties":{"source":"madrid","assetnum":"9934807","district":"CENTRO","barrio":"EMBAJADORES","species_code":"AHI","species":"AESCULUS HIPPOCASTANUM","perimeter_cm":16.0,"height":2.7,"municipal_x":439919.661,"municipal_y":4473439.319}},{"type":"Feature","id":"MAD-6963352","geometry":{"type":"Point","coordinates":[-3.7029466,40.4056026]},"properties":{"source":"madrid","assetnum":"6963352","district":"CENTRO","barrio":"EMBAJADORES","species_code":"AUM","species":"ACER BUERGERIANUM","perimeter_cm":15.0,"height":3.0,"municipal_x":440352.972,"municipal_y":4473013.903}},{"type":"Feature","id":"MAD-1659832","geometry":{"type":"Point","coordinates":[-3.7072615,40.4076739]},"properties":{"source":"madrid","assetnum":"1659832","district":"CENTRO","barrio":"EMBAJADORES","species_code":"PDA","species":"PLATANUS X HISPANICA","perimeter_cm":34.0,"height":9.0,"municipal_x":439988.677,"municipal_y":4473246.738}},{"type":"Feature","id":"MAD-1680325","geometry":{"type":"Point","coordinates":[-3.6972428,40.4101396]},"properties":{"source":"madrid","assetnum":"1680325","district":"CENTRO","barrio":"EMBAJADORES","species_code":"AJU","species":"ALBIZIA JULIBRISSIN","perimeter_cm":58.0,"height":9.0,"municipal_x":440840.935,"municipal_y":4473513.672}},{"type":"Feature","id":"MAD-5174502","geometry":{"type":"Point","coordinates":[-3.6956966,40.4079299]},"properties":{"source":"madrid","assetnum":"5174502","district":"CENTRO","barrio":"EMBAJADORES","species_code":"RPS","species":"ROBINIA PSEUDOACACIA","perimeter_cm":16.0,"height":5.5,"municipal_x":440970.194,"municipal_y":4473267.367}},{"type":"Feature","id":"MAD-1629798","geometry":{"type":"Point","coordinates":[-3.7053488,40.4056458]},"properties":{"source":"madrid","assetnum":"1629798","district":"CENTRO","barrio":"EMBAJADORES","species_code":"SJA","species":"STYPHNOLOBIUM JAPONICUM","perimeter_cm":195.0,"height":12.0,"municipal_x":440149.177,"municipal_y":4473020.319}},{"type":"Feature","id":"MAD-1629629","geometry":{"type":"Point","coordinates":[-3.7051749,40.4065388]},"properties":{"source":"madrid","assetnum":"1629629","district":"CENTRO","barrio":"EMBAJADORES","species_code":"CAU","species":"CELTIS AUSTRALIS","perimeter_cm":260.0,"height":18.0,"municipal_x":440164.726,"municipal_y":4473119.328}},{"type":"Feature","id":"MAD-1682864","geometry":{"type":"Point","coordinates":[-3.703278,40.4063658]},"properties":{"source":"madrid","assetnum":"1682864","district":"CENTRO","barrio":"EMBAJADORES","species_code":"SJA","species":"STYPHNOLOBIUM JAPONICUM","perimeter_cm":58.0,"height":6.0,"municipal_x":440325.524,"municipal_y":4473098.84}},{"type":"Feature","id":"MAD-1672182","geometry":{"type":"Point","coordinates":[-3.6990035,40.407693]},"properties":{"source":"madrid","assetnum":"1672182","district":"CENTRO","barrio":"EMBAJADORES","species_code":"HSY","species":"HIBISCUS SYRIACUS","perimeter_cm":13.0,"height":3.5,"municipal_x":440689.393,"municipal_y":4473243.284}},{"type":"Feature","id":"MAD-1643791","geometry":{"type":"Point","coordinates":[-3.7104493,40.4073321]},"properties":{"source":"madrid","assetnum":"1643791","district":"CENTRO","barrio":"EMBAJADORES","species_code":"ANE","species":"ACER NEGUNDO","perimeter_cm":60.0,"height":7.0,"municipal_x":439717.887,"municipal_y":4473210.962}},{"type":"Feature","id":"MAD-1649501","geometry":{"type":"Point","coordinates":[-3.7107361,40.4073504]},"properties":{"source":"madrid","assetnum":"1649501","district":"CENTRO","barrio":"EMBAJADORES","species_code":"LJA","species":"LIGUSTRUM JAPONICUM","perimeter_cm":70.0,"height":7.0,"municipal_x":439693.57,"municipal_y":4473213.194}},{"type":"Feature","id":"MAD-1680800","geometry":{"type":"Point","coordinates":[-3.7005222,40.4110656]},"properties":{"source":"madrid","assetnum":"1680800","district":"CENTRO","barrio":"EMBAJADORES","species_code":"RPS","species":"ROBINIA PSEUDOACACIA","perimeter_cm":46.0,"height":8.5,"municipal_x":440563.501,"municipal_y":4473618.661}},{"type":"Feature","id":"MAD-5174551","geometry":{"type":"Point","coordinates":[-3.6969619,40.4098746]},"properties":{"source":"madrid","assetnum":"5174551","district":"CENTRO","barrio":"EMBAJADORES","species_code":"AJU","species":"ALBIZIA JULIBRISSIN","perimeter_cm":14.0,"height":3.6,"municipal_x":440864.535,"municipal_y":4473484.067}},{"type":"Feature","id":"MAD-7129774","geometry":{"type":"Point","coordinates":[-3.7061334,40.4064623]},"properties":{"source":"madrid","assetnum":"7129774","district":"CENTRO","barrio":"EMBAJADORES","species_code":"CAU","species":"CELTIS AUSTRALIS","perimeter_cm":24.0,"height":4.5,"municipal_x":440083.325,"municipal_y":4473111.48}},{"type":"Feature","id":"MAD-9101050","geometry":{"type":"Point","coordinates":[-3.6962621,40.410413]},"properties":{"source":"madrid","assetnum":"9101050","district":"CENTRO","barrio":"EMBAJADORES","species_code":"PCP","species":"PRUNUS CERASIFERA  SUBSP. PISSARDII","perimeter_cm":18.0,"height":5.0,"municipal_x":440924.381,"municipal_y":4473543.359}},{"type":"Feature","id":"MAD-1683298","geometry":{"type":"Point","coordinates":[-3.7031678,40.413127]},"properties":{"source":"madrid","assetnum":"1683298","district":"CENTRO","barrio":"EMBAJADORES","species_code":"LJA","species":"LIGUSTRUM JAPONICUM","perimeter_cm":28.0,"height":7.0,"municipal_x":440340.851,"municipal_y":4473849.251}},{"type":"Feature","id":"MAD-1659803","geometry":{"type":"Point","coordinates":[-3.7085841,40.4061889]},"properties":{"source":"madrid","assetnum":"1659803","district":"CENTRO","barrio":"EMBAJADORES","species_code":"UPU","species":"ULMUS PUMILA","perimeter_cm":128.0,"height":15.0,"municipal_x":439875.135,"municipal_y":4473082.799}},{"type":"Feature","id":"MAD-2062732","geometry":{"type":"Point","coordinates":[-3.6976359,40.4074772]},"properties":{"source":"madrid","assetnum":"2062732","district":"CENTRO","barrio":"EMBAJADORES","species_code":"LJV","species":"LIGUSTRUM JAPONICUM 'VARIEGATUM'","perimeter_cm":14.0,"height":3.0,"municipal_x":440805.245,"municipal_y":4473218.406}},{"type":"Feature","id":"MAD-1668918","geometry":{"type":"Point","coordinates":[-3.7072809,40.4064643]},"properties":{"source":"madrid","assetnum":"1668918","district":"CENTRO","barrio":"EMBAJADORES","species_code":"PDA","species":"PLATANUS X HISPANICA","perimeter_cm":94.0,"height":15.0,"municipal_x":439985.959,"municipal_y":4473112.485}},{"type":"Feature","id":"MAD-1682959","geometry":{"type":"Point","coordinates":[-3.7002343,40.4072182]},"properties":{"source":"madrid","assetnum":"1682959","district":"CENTRO","barrio":"EMBAJADORES","species_code":"LJA","species":"LIGUSTRUM JAPONICUM","perimeter_cm":45.0,"height":8.0,"municipal_x":440584.547,"municipal_y":4473191.406}},{"type":"Feature","id":"MAD-1659780","geometry":{"type":"Point","coordinates":[-3.7069313,40.4062437]},"properties":{"source":"madrid","assetnum":"1659780","district":"CENTRO","barrio":"EMBAJADORES","species_code":"CAU","species":"CELTIS AUSTRALIS","perimeter_cm":26.0,"height":5.5,"municipal_x":440015.425,"municipal_y":4473087.757}},{"type":"Feature","id":"MAD-1657342","geometry":{"type":"Point","coordinates":[-3.6979955,40.4067456]},"properties":{"source":"madrid","assetnum":"1657342","district":"CENTRO","barrio":"EMBAJADORES","species_code":"SJA","species":"STYPHNOLOBIUM JAPONICUM","perimeter_cm":38.0,"height":10.0,"municipal_x":440774.091,"municipal_y":4473137.448}},{"type":"Feature","id":"MAD-1669137","geometry":{"type":"Point","coordinates":[-3.7043507,40.4101802]},"properties":{"source":"madrid","assetnum":"1669137","district":"CENTRO","barrio":"EMBAJADORES","species_code":"LJA","species":"LIGUSTRUM JAPONICUM","perimeter_cm":72.0,"height":12.0,"municipal_x":440237.884,"municipal_y":4473522.961}},{"type":"Feature","id":"MAD-1663198","geometry":{"type":"Point","coordinates":[-3.7040306,40.4077007]},"properties":{"source":"madrid","assetnum":"1663198","district":"CENTRO","barrio":"EMBAJADORES","species_code":"LJA","species":"LIGUSTRUM JAPONICUM","perimeter_cm":31.0,"height":7.0,"municipal_x":440262.845,"municipal_y":4473247.523}},{"type":"Feature","id":"MAD-1656383","geometry":{"type":"Point","coordinates":[-3.7008892,40.4103362]},"properties":{"source":"madrid","assetnum":"1656383","district":"CENTRO","barrio":"EMBAJADORES","species_code":"MGR","species":"MAGNOLIA GRANDIFLORA","perimeter_cm":53.0,"height":11.0,"municipal_x":440531.715,"municipal_y":4473537.94}},{"type":"Feature","id":"MAD-1673251","geometry":{"type":"Point","coordinates":[-3.7074228,40.4083238]},"properties":{"source":"madrid","assetnum":"1673251","district":"CENTRO","barrio":"EMBAJADORES","species_code":"PDA","species":"PLATANUS X HISPANICA","perimeter_cm":128.0,"height":18.0,"municipal_x":439975.569,"municipal_y":4473318.984}},{"type":"Feature","id":"MAD-1652429","geometry":{"type":"Point","coordinates":[-3.6965869,40.41099]},"properties":{"source":"madrid","assetnum":"1652429","district":"CENTRO","barrio":"EMBAJADORES","species_code":"PDA","species":"PLATANUS X HISPANICA","perimeter_cm":94.0,"height":17.0,"municipal_x":440897.328,"municipal_y":4473607.627}},{"type":"Feature","id":"MAD-1685132","geometry":{"type":"Point","coordinates":[-3.7052475,40.406701]},"properties":{"source":"madrid","assetnum":"1685132","district":"CENTRO","barrio":"EMBAJADORES","species_code":"CAU","species":"CELTIS AUSTRALIS","perimeter_cm":29.0,"height":7.0,"municipal_x":440158.708,"municipal_y":4473137.376}},{"type":"Feature","id":"MAD-1672457","geometry":{"type":"Point","coordinates":[-3.7072407,40.4100945]},"properties":{"source":"madrid","assetnum":"1672457","district":"CENTRO","barrio":"EMBAJADORES","species_code":"LJA","species":"LIGUSTRUM JAPONICUM","perimeter_cm":44.0,"height":6.5,"municipal_x":439992.593,"municipal_y":4473515.407}},{"type":"Feature","id":"MAD-6963363","geometry":{"type":"Point","coordinates":[-3.7036908,40.4070985]},"properties":{"source":"madrid","assetnum":"6963363","district":"CENTRO","barrio":"EMBAJADORES","species_code":"AUM","species":"ACER BUERGERIANUM","perimeter_cm":16.0,"height":3.5,"municipal_x":440291.144,"municipal_y":4473180.445}},{"type":"Feature","id":"MAD-10202617","geometry":{"type":"Point","coordinates":[-3.7037478,40.4135883]},"properties":{"source":"madrid","assetnum":"10202617","district":"CENTRO","barrio":"EMBAJADORES","species_code":"CSI","species":"CERCIS SILIQUASTRUM","perimeter_cm":25.0,"height":4.0,"municipal_x":440292.048,"municipal_y":4473900.849}},{"type":"Feature","id":"MAD-1645211","geometry":{"type":"Point","coordinates":[-3.7037361,40.4098005]},"properties":{"source":"madrid","assetnum":"1645211","district":"CENTRO","barrio":"EMBAJADORES","species_code":"PCY","species":"PYRUS CALLERYANA","perimeter_cm":41.0,"height":6.0,"municipal_x":440289.694,"municipal_y":4473480.393}},{"type":"Feature","id":"MAD-1642507","geometry":{"type":"Point","coordinates":[-3.7102007,40.4068053]},"properties":{"source":"madrid","assetnum":"1642507","district":"CENTRO","barrio":"EMBAJADORES","species_code":"PSE","species":"PRUNUS SERRULATA","perimeter_cm":54.0,"height":7.0,"municipal_x":439738.514,"municipal_y":4473152.322}},{"type":"Feature","id":"MAD-10185988","geometry":{"type":"Point","coordinates":[-3.7049713,40.4059496]},"properties":{"source":"madrid","assetnum":"10185988","district":"CENTRO","barrio":"EMBAJADORES","species_code":"CAU","species":"CELTIS AUSTRALIS","perimeter_cm":18.0,"height":5.0,"municipal_x":440181.482,"municipal_y":4473053.787}},{"type":"Feature","id":"MAD-1671984","geometry":{"type":"Point","coordinates":[-3.7003966,40.4063787]},"properties":{"source":"madrid","assetnum":"1671984","district":"CENTRO","barrio":"EMBAJADORES","species_code":"LJA","species":"LIGUSTRUM JAPONICUM","perimeter_cm":33.0,"height":9.0,"municipal_x":440570.032,"municipal_y":4473098.331}},{"type":"Feature","id":"MAD-1670680","geometry":{"type":"Point","coordinates":[-3.7044159,40.410284]},"properties":{"source":"madrid","assetnum":"1670680","district":"CENTRO","barrio":"EMBAJADORES","species_code":"LJA","species":"LIGUSTRUM JAPONICUM","perimeter_cm":27.0,"height":7.0,"municipal_x":440232.439,"municipal_y":4473534.526}},{"type":"Feature","id":"MAD-1661232","geometry":{"type":"Point","coordinates":[-3.7073547,40.4071404]},"properties":{"source":"madrid","assetnum":"1661232","district":"CENTRO","barrio":"EMBAJADORES","species_code":"PDA","species":"PLATANUS X HISPANICA","perimeter_cm":156.0,"height":18.0,"municipal_x":439980.298,"municipal_y":4473187.577}},{"type":"Feature","id":"MAD-6747291","geometry":{"type":"Point","coordinates":[-3.7061556,40.4059603]},"properties":{"source":"madrid","assetnum":"6747291","district":"CENTRO","barrio":"EMBAJADORES","species_code":"PAR","species":"PYRUS CALLERYANA 'CHANTICLEER'","perimeter_cm":18.0,"height":5.0,"municipal_x":440080.996,"municipal_y":4473055.773}},{"type":"Feature","id":"MAD-1646670","geometry":{"type":"Point","coordinates":[-3.7067139,40.4105238]},"properties":{"source":"madrid","assetnum":"1646670","district":"CENTRO","barrio":"EMBAJADORES","species_code":"LJA","species":"LIGUSTRUM JAPONICUM","perimeter_cm":42.0,"height":7.0,"municipal_x":440037.674,"municipal_y":4473562.703}},{"type":"Feature","id":"MAD-1659816","geometry":{"type":"Point","coordinates":[-3.7054798,40.4091037]},"properties":{"source":"madrid","assetnum":"1659816","district":"CENTRO","barrio":"EMBAJADORES","species_code":"LJA","species":"LIGUSTRUM JAPONICUM","perimeter_cm":37.0,"height":10.0,"municipal_x":440141.122,"municipal_y":4473404.238}},{"type":"Feature","id":"MAD-1660957","geometry":{"type":"Point","coordinates":[-3.7074001,40.408734]},"properties":{"source":"madrid","assetnum":"1660957","district":"CENTRO","barrio":"EMBAJADORES","species_code":"PDA","species":"PLATANUS X HISPANICA","perimeter_cm":108.0,"height":18.0,"municipal_x":439977.864,"municipal_y":4473364.504}},{"type":"Feature","id":"MAD-1657847","geometry":{"type":"Point","coordinates":[-3.7033575,40.4126818]},"properties":{"source":"madrid","assetnum":"1657847","district":"CENTRO","barrio":"EMBAJADORES","species_code":"LJA","species":"LIGUSTRUM JAPONICUM","perimeter_cm":48.0,"height":8.0,"municipal_x":440324.362,"municipal_y":4473799.963}},{"type":"Feature","id":"MAD-5174463","geometry":{"type":"Point","coordinates":[-3.6973036,40.4066005]},"properties":{"source":"madrid","assetnum":"5174463","district":"CENTRO","barrio":"EMBAJADORES","species_code":"LJA","species":"LIGUSTRUM JAPONICUM","perimeter_cm":16.0,"height":3.0,"municipal_x":440832.679,"municipal_y":4473120.873}},{"type":"Feature","id":"MAD-7901860","geometry":{"type":"Point","coordinates":[-3.7051576,40.4088185]},"properties":{"source":"madrid","assetnum":"7901860","district":"CENTRO","barrio":"EMBAJADORES","species_code":"SJA","species":"STYPHNOLOBIUM JAPONICUM","perimeter_cm":16.0,"height":3.0,"municipal_x":440168.207,"municipal_y":4473372.357}},{"type":"Feature","id":"MAD-6963371","geometry":{"type":"Point","coordinates":[-3.704408,40.4079623]},"properties":{"source":"madrid","assetnum":"6963371","district":"CENTRO","barrio":"EMBAJADORES","species_code":"AUM","species":"ACER BUERGERIANUM","perimeter_cm":15.0,"height":3.5,"municipal_x":440231.056,"municipal_y":4473276.816}},{"type":"Feature","id":"MAD-1669621","geometry":{"type":"Point","coordinates":[-3.7086864,40.4068626]},"properties":{"source":"madrid","assetnum":"1669621","district":"CENTRO","barrio":"EMBAJADORES","species_code":"APS","species":"ACER PSEUDOPLATANUS","perimeter_cm":18.0,"height":5.0,"municipal_x":439867.052,"municipal_y":4473157.645}},{"type":"Feature","id":"MAD-6747330","geometry":{"type":"Point","coordinates":[-3.7056623,40.4061899]},"properties":{"source":"madrid","assetnum":"6747330","district":"CENTRO","barrio":"EMBAJADORES","species_code":"PAR","species":"PYRUS CALLERYANA 'CHANTICLEER'","perimeter_cm":24.0,"height":4.5,"municipal_x":440123.06,"municipal_y":4473080.931}},{"type":"Feature","id":"MAD-1650676","geometry":{"type":"Point","coordinates":[-3.7105411,40.4072964]},"properties":{"source":"madrid","assetnum":"1650676","district":"CENTRO","barrio":"EMBAJADORES","species_code":"CAU","species":"CELTIS AUSTRALIS","perimeter_cm":30.0,"height":6.0,"municipal_x":439710.062,"municipal_y":4473207.064}},{"type":"Feature","id":"MAD-1650677","geometry":{"type":"Point","coordinates":[-3.7108342,40.4068534]},"properties":{"source":"madrid","assetnum":"1650677","district":"CENTRO","barrio":"EMBAJADORES","species_code":"CAU","species":"CELTIS AUSTRALIS","perimeter_cm":56.0,"height":7.0,"municipal_x":439684.803,"municipal_y":4473158.087}},{"type":"Feature","id":"MAD-1651684","geometry":{"type":"Point","coordinates":[-3.700929,40.408906]},"properties":{"source":"madrid","assetnum":"1651684","district":"CENTRO","barrio":"EMBAJADORES","species_code":"LJA","species":"LIGUSTRUM JAPONICUM","perimeter_cm":73.0,"height":9.0,"municipal_x":440527.079,"municipal_y":4473379.218}},{"type":"Feature","id":"MAD-1668339","geometry":{"type":"Point","coordinates":[-3.7083748,40.4061497]},"properties":{"source":"madrid","assetnum":"1668339","district":"CENTRO","barrio":"EMBAJADORES","species_code":"CAU","species":"CELTIS AUSTRALIS","perimeter_cm":35.0,"height":6.0,"municipal_x":439892.855,"municipal_y":4473078.309}},{"type":"Feature","id":"MAD-10140422","geometry":{"type":"Point","coordinates":[-3.708343,40.4068261]},"properties":{"source":"madrid","assetnum":"10140422","district":"CENTRO","barrio":"EMBAJADORES","species_code":"LJA","species":"LIGUSTRUM JAPONICUM","perimeter_cm":19.0,"height":4.3,"municipal_x":439896.162,"municipal_y":4473153.36}},{"type":"Feature","id":"MAD-10202640","geometry":{"type":"Point","coordinates":[-3.6999418,40.4102032]},"properties":{"source":"madrid","assetnum":"10202640","district":"CENTRO","barrio":"EMBAJADORES","species_code":"AMO","species":"ACER MONSPESSULANUM","perimeter_cm":18.0,"height":4.0,"municipal_x":440611.987,"municipal_y":4473522.539}},{"type":"Feature","id":"MAD-9101049","geometry":{"type":"Point","coordinates":[-3.6962046,40.4103841]},"properties":{"source":"madrid","assetnum":"9101049","district":"CENTRO","barrio":"EMBAJADORES","species_code":"PCP","species":"PRUNUS CERASIFERA  SUBSP. PISSARDII","perimeter_cm":18.0,"height":5.0,"municipal_x":440929.235,"municipal_y":4473540.111}},{"type":"Feature","id":"MAD-1653377","geometry":{"type":"Point","coordinates":[-3.7014182,40.4088445]},"properties":{"source":"madrid","assetnum":"1653377","district":"CENTRO","barrio":"EMBAJADORES","species_code":"LJA","species":"LIGUSTRUM JAPONICUM","perimeter_cm":70.0,"height":8.0,"municipal_x":440485.518,"municipal_y":4473372.716}},{"type":"Feature","id":"MAD-2060964","geometry":{"type":"Point","coordinates":[-3.7039761,40.4097108]},"properties":{"source":"madrid","assetnum":"2060964","district":"CENTRO","barrio":"EMBAJADORES","species_code":"PCY","species":"PYRUS CALLERYANA","perimeter_cm":30.0,"height":5.0,"municipal_x":440269.253,"municipal_y":4473470.604}},{"type":"Feature","id":"MAD-8800628","geometry":{"type":"Point","coordinates":[-3.7006342,40.4109159]},"properties":{"source":"madrid","assetnum":"8800628","district":"CENTRO","barrio":"EMBAJADORES","species_code":"RPS","species":"ROBINIA PSEUDOACACIA","perimeter_cm":20.0,"height":5.0,"municipal_x":440553.862,"municipal_y":4473602.111}},{"type":"Feature","id":"MAD-9870479","geometry":{"type":"Point","coordinates":[-3.7039712,40.4068463]},"properties":{"source":"madrid","assetnum":"9870479","district":"CENTRO","barrio":"EMBAJADORES","species_code":"MEA","species":"MELIA AZEDARACH","perimeter_cm":16.0,"height":3.5,"municipal_x":440267.134,"municipal_y":4473152.643}},{"type":"Feature","id":"MAD-1651593","geometry":{"type":"Point","coordinates":[-3.6955016,40.4071938]},"properties":{"source":"madrid","assetnum":"1651593","district":"CENTRO","barrio":"EMBAJADORES","species_code":"SJA","species":"STYPHNOLOBIUM JAPONICUM","perimeter_cm":36.0,"height":8.0,"municipal_x":440986.1,"municipal_y":4473185.526}},{"type":"Feature","id":"MAD-1656191","geometry":{"type":"Point","coordinates":[-3.70006,40.4128069]},"properties":{"source":"madrid","assetnum":"1656191","district":"CENTRO","barrio":"EMBAJADORES","species_code":"AHI","species":"AESCULUS HIPPOCASTANUM","perimeter_cm":34.0,"height":7.0,"municipal_x":440604.248,"municipal_y":4473811.632}},{"type":"Feature","id":"MAD-1661378","geometry":{"type":"Point","coordinates":[-3.7080814,40.4063513]},"properties":{"source":"madrid","assetnum":"1661378","district":"CENTRO","barrio":"EMBAJADORES","species_code":"APS","species":"ACER PSEUDOPLATANUS","perimeter_cm":25.0,"height":8.0,"municipal_x":439917.931,"municipal_y":4473100.488}},{"type":"Feature","id":"MAD-1683465","geometry":{"type":"Point","coordinates":[-3.7010309,40.4097284]},"properties":{"source":"madrid","assetnum":"1683465","district":"CENTRO","barrio":"EMBAJADORES","species_code":"RPS","species":"ROBINIA PSEUDOACACIA","perimeter_cm":55.0,"height":13.0,"municipal_x":440519.159,"municipal_y":4473470.57}},{"type":"Feature","id":"MAD-7126830","geometry":{"type":"Point","coordinates":[-3.7060937,40.4117845]},"properties":{"source":"madrid","assetnum":"7126830","district":"CENTRO","barrio":"EMBAJADORES","species_code":"MEA","species":"MELIA AZEDARACH","perimeter_cm":36.0,"height":6.0,"municipal_x":440091.412,"municipal_y":4473702.217}},{"type":"Feature","id":"MAD-9101059","geometry":{"type":"Point","coordinates":[-3.6965273,40.4105501]},"properties":{"source":"madrid","assetnum":"9101059","district":"CENTRO","barrio":"EMBAJADORES","species_code":"PCP","species":"PRUNUS CERASIFERA  SUBSP. PISSARDII","perimeter_cm":18.0,"height":5.0,"municipal_x":440902.002,"municipal_y":4473558.758}},{"type":"Feature","id":"MAD-1680161","geometry":{"type":"Point","coordinates":[-3.6954954,40.4104485]},"properties":{"source":"madrid","assetnum":"1680161","district":"CENTRO","barrio":"EMBAJADORES","species_code":"PDA","species":"PLATANUS X HISPANICA","perimeter_cm":50.0,"height":11.0,"municipal_x":440989.464,"municipal_y":4473546.794}},{"type":"Feature","id":"MAD-1676725","geometry":{"type":"Point","coordinates":[-3.6980648,40.4106858]},"properties":{"source":"madrid","assetnum":"1676725","district":"CENTRO","barrio":"EMBAJADORES","species_code":"AJU","species":"ALBIZIA JULIBRISSIN","perimeter_cm":20.0,"height":5.0,"municipal_x":440771.671,"municipal_y":4473574.85}},{"type":"Feature","id":"MAD-1671796","geometry":{"type":"Point","coordinates":[-3.6965402,40.4096719]},"properties":{"source":"madrid","assetnum":"1671796","district":"CENTRO","barrio":"EMBAJADORES","species_code":"AJU","species":"ALBIZIA JULIBRISSIN","perimeter_cm":53.0,"height":8.0,"municipal_x":440900.142,"municipal_y":4473461.281}},{"type":"Feature","id":"MAD-5037598","geometry":{"type":"Point","coordinates":[-3.6987597,40.4081757]},"properties":{"source":"madrid","assetnum":"5037598","district":"CENTRO","barrio":"EMBAJADORES","species_code":"SJA","species":"STYPHNOLOBIUM JAPONICUM","perimeter_cm":14.0,"height":3.8,"municipal_x":440710.503,"municipal_y":4473296.7}},{"type":"Feature","id":"MAD-1669031","geometry":{"type":"Point","coordinates":[-3.7052644,40.4075169]},"properties":{"source":"madrid","assetnum":"1669031","district":"CENTRO","barrio":"EMBAJADORES","species_code":"LJA","species":"LIGUSTRUM JAPONICUM","perimeter_cm":50.0,"height":11.0,"municipal_x":440157.996,"municipal_y":4473227.956}},{"type":"Feature","id":"MAD-1659794","geometry":{"type":"Point","coordinates":[-3.7060867,40.4067636]},"properties":{"source":"madrid","assetnum":"1659794","district":"CENTRO","barrio":"EMBAJADORES","species_code":"AHI","species":"AESCULUS HIPPOCASTANUM","perimeter_cm":45.0,"height":10.0,"municipal_x":440087.552,"municipal_y":4473144.891}},{"type":"Feature","id":"MAD-1661230","geometry":{"type":"Point","coordinates":[-3.7074059,40.4090937]},"properties":{"source":"madrid","assetnum":"1661230","district":"CENTRO","barrio":"EMBAJADORES","species_code":"PDA","species":"PLATANUS X HISPANICA","perimeter_cm":79.0,"height":15.0,"municipal_x":439977.691,"municipal_y":4473404.431}},{"type":"Feature","id":"MAD-1657307","geometry":{"type":"Point","coordinates":[-3.6965492,40.407589]},"properties":{"source":"madrid","assetnum":"1657307","district":"CENTRO","barrio":"EMBAJADORES","species_code":"UPU","species":"ULMUS PUMILA","perimeter_cm":142.0,"height":19.0,"municipal_x":440897.55,"municipal_y":4473230.088}},{"type":"Feature","id":"MAD-10202625","geometry":{"type":"Point","coordinates":[-3.7088887,40.4087596]},"properties":{"source":"madrid","assetnum":"10202625","district":"CENTRO","barrio":"EMBAJADORES","species_code":"AMO","species":"ACER MONSPESSULANUM","perimeter_cm":18.0,"height":4.0,"municipal_x":439851.573,"municipal_y":4473368.35}},{"type":"Feature","id":"MAD-1644136","geometry":{"type":"Point","coordinates":[-3.7103849,40.4067686]},"properties":{"source":"madrid","assetnum":"1644136","district":"CENTRO","barrio":"EMBAJADORES","species_code":"ANE","species":"ACER NEGUNDO","perimeter_cm":82.0,"height":8.0,"municipal_x":439722.847,"municipal_y":4473148.376}},{"type":"Feature","id":"MAD-1653270","geometry":{"type":"Point","coordinates":[-3.7023251,40.4132907]},"properties":{"source":"madrid","assetnum":"1653270","district":"CENTRO","barrio":"EMBAJADORES","species_code":"LJA","species":"LIGUSTRUM JAPONICUM","perimeter_cm":38.0,"height":7.0,"municipal_x":440412.495,"municipal_y":4473866.86}},{"type":"Feature","id":"MAD-10152155","geometry":{"type":"Point","coordinates":[-3.6963737,40.4104706]},"properties":{"source":"madrid","assetnum":"10152155","district":"CENTRO","barrio":"EMBAJADORES","species_code":"PAR","species":"PYRUS CALLERYANA 'CHANTICLEER'","perimeter_cm":17.0,"height":3.15,"municipal_x":440914.964,"municipal_y":4473549.828}},{"type":"Feature","id":"MAD-1651624","geometry":{"type":"Point","coordinates":[-3.7031361,40.4096337]},"properties":{"source":"madrid","assetnum":"1651624","district":"CENTRO","barrio":"EMBAJADORES","species_code":"LJA","species":"LIGUSTRUM JAPONICUM","perimeter_cm":76.0,"height":12.0,"municipal_x":440340.451,"municipal_y":4473461.481}},{"type":"Feature","id":"MAD-9127933","geometry":{"type":"Point","coordinates":[-3.6935531,40.408942]},"properties":{"source":"madrid","assetnum":"9127933","district":"CENTRO","barrio":"EMBAJADORES","species_code":"LST","species":"LIQUIDAMBAR STYRACIFLUA","perimeter_cm":17.0,"height":4.0,"municipal_x":441152.958,"municipal_y":4473378.277}},{"type":"Feature","id":"MAD-1672428","geometry":{"type":"Point","coordinates":[-3.7057326,40.4139439]},"properties":{"source":"madrid","assetnum":"1672428","district":"CENTRO","barrio":"EMBAJADORES","species_code":"CAU","species":"CELTIS AUSTRALIS","perimeter_cm":28.0,"height":8.0,"municipal_x":440123.966,"municipal_y":4473941.666}},{"type":"Feature","id":"MAD-1656243","geometry":{"type":"Point","coordinates":[-3.7002873,40.4129034]},"properties":{"source":"madrid","assetnum":"1656243","district":"CENTRO","barrio":"EMBAJADORES","species_code":"AXA","species":"AESCULUS X CARNEA","perimeter_cm":38.0,"height":7.0,"municipal_x":440585.048,"municipal_y":4473822.498}},{"type":"Feature","id":"MAD-1660189","geometry":{"type":"Point","coordinates":[-3.7084213,40.4067193]},"properties":{"source":"madrid","assetnum":"1660189","district":"CENTRO","barrio":"EMBAJADORES","species_code":"SJA","species":"STYPHNOLOBIUM JAPONICUM","perimeter_cm":28.0,"height":5.0,"municipal_x":439889.418,"municipal_y":4473141.559}},{"type":"Feature","id":"MAD-1683104","geometry":{"type":"Point","coordinates":[-3.703255,40.4063225]},"properties":{"source":"madrid","assetnum":"1683104","district":"CENTRO","barrio":"EMBAJADORES","species_code":"SJA","species":"STYPHNOLOBIUM JAPONICUM","perimeter_cm":56.0,"height":10.0,"municipal_x":440327.444,"municipal_y":4473094.02}},{"type":"Feature","id":"MAD-1676236","geometry":{"type":"Point","coordinates":[-3.6949384,40.4090133]},"properties":{"source":"madrid","assetnum":"1676236","district":"CENTRO","barrio":"EMBAJADORES","species_code":"AJU","species":"ALBIZIA JULIBRISSIN","perimeter_cm":17.0,"height":3.5,"municipal_x":441035.475,"municipal_y":4473387.112}},{"type":"Feature","id":"MAD-1657092","geometry":{"type":"Point","coordinates":[-3.7002639,40.407269]},"properties":{"source":"madrid","assetnum":"1657092","district":"CENTRO","barrio":"EMBAJADORES","species_code":"LJA","species":"LIGUSTRUM JAPONICUM","perimeter_cm":34.0,"height":6.5,"municipal_x":440582.077,"municipal_y":4473197.066}},{"type":"Feature","id":"MAD-1661242","geometry":{"type":"Point","coordinates":[-3.707431,40.408159]},"properties":{"source":"madrid","assetnum":"1661242","district":"CENTRO","barrio":"EMBAJADORES","species_code":"PDA","species":"PLATANUS X HISPANICA","perimeter_cm":101.0,"height":17.0,"municipal_x":439974.729,"municipal_y":4473300.694}},{"type":"Feature","id":"MAD-1656866","geometry":{"type":"Point","coordinates":[-3.6961027,40.4094515]},"properties":{"source":"madrid","assetnum":"1656866","district":"CENTRO","barrio":"EMBAJADORES","species_code":"AJU","species":"ALBIZIA JULIBRISSIN","perimeter_cm":56.0,"height":10.0,"municipal_x":440937.069,"municipal_y":4473436.53}},{"type":"Feature","id":"MAD-1679570","geometry":{"type":"Point","coordinates":[-3.6972284,40.4078247]},"properties":{"source":"madrid","assetnum":"1679570","district":"CENTRO","barrio":"EMBAJADORES","species_code":"SJA","species":"STYPHNOLOBIUM JAPONICUM","perimeter_cm":35.0,"height":9.0,"municipal_x":440840.132,"municipal_y":4473256.708}},{"type":"Feature","id":"MAD-1671997","geometry":{"type":"Point","coordinates":[-3.6966462,40.4076401]},"properties":{"source":"madrid","assetnum":"1671997","district":"CENTRO","barrio":"EMBAJADORES","species_code":"SJA","species":"STYPHNOLOBIUM JAPONICUM","perimeter_cm":154.0,"height":17.0,"municipal_x":440889.371,"municipal_y":4473235.834}},{"type":"Feature","id":"MAD-1669010","geometry":{"type":"Point","coordinates":[-3.7047588,40.4108381]},"properties":{"source":"madrid","assetnum":"1669010","district":"CENTRO","barrio":"EMBAJADORES","species_code":"LJA","species":"LIGUSTRUM JAPONICUM","perimeter_cm":25.0,"height":6.0,"municipal_x":440203.834,"municipal_y":4473596.259}},{"type":"Feature","id":"MAD-1683770","geometry":{"type":"Point","coordinates":[-3.7072797,40.4109299]},"properties":{"source":"madrid","assetnum":"1683770","district":"CENTRO","barrio":"EMBAJADORES","species_code":"LJA","species":"LIGUSTRUM JAPONICUM","perimeter_cm":51.0,"height":7.0,"municipal_x":439990.03,"municipal_y":4473608.165}},{"type":"Feature","id":"MAD-5037793","geometry":{"type":"Point","coordinates":[-3.6998518,40.4083476]},"properties":{"source":"madrid","assetnum":"5037793","district":"CENTRO","barrio":"EMBAJADORES","species_code":"SJA","species":"STYPHNOLOBIUM JAPONICUM","perimeter_cm":14.0,"height":3.8,"municipal_x":440617.994,"municipal_y":4473316.511}},{"type":"Feature","id":"MAD-1683516","geometry":{"type":"Point","coordinates":[-3.70234,40.4099813]},"properties":{"source":"madrid","assetnum":"1683516","district":"CENTRO","barrio":"EMBAJADORES","species_code":"UMI","species":"ULMUS MINOR","perimeter_cm":114.0,"height":15.0,"municipal_x":440408.307,"municipal_y":4473499.525}},{"type":"Feature","id":"MAD-1656711","geometry":{"type":"Point","coordinates":[-3.7017541,40.4103933]},"properties":{"source":"madrid","assetnum":"1656711","district":"CENTRO","barrio":"EMBAJADORES","species_code":"LJA","species":"LIGUSTRUM JAPONICUM","perimeter_cm":59.0,"height":12.0,"municipal_x":440458.387,"municipal_y":4473544.864}},{"type":"Feature","id":"MAD-1682905","geometry":{"type":"Point","coordinates":[-3.7010303,40.4097929]},"properties":{"source":"madrid","assetnum":"1682905","district":"CENTRO","barrio":"EMBAJADORES","species_code":"RPS","species":"ROBINIA PSEUDOACACIA","perimeter_cm":49.0,"height":13.0,"municipal_x":440519.268,"municipal_y":4473477.73}},{"type":"Feature","id":"MAD-1659789","geometry":{"type":"Point","coordinates":[-3.7110187,40.4079234]},"properties":{"source":"madrid","assetnum":"1659789","district":"CENTRO","barrio":"EMBAJADORES","species_code":"LJA","species":"LIGUSTRUM JAPONICUM","perimeter_cm":48.0,"height":7.5,"municipal_x":439670.104,"municipal_y":4473276.983}},{"type":"Feature","id":"MAD-10202476","geometry":{"type":"Point","coordinates":[-3.7044029,40.4122047]},"properties":{"source":"madrid","assetnum":"10202476","district":"CENTRO","barrio":"EMBAJADORES","species_code":"CAU","species":"CELTIS AUSTRALIS","perimeter_cm":27.0,"height":5.0,"municipal_x":440235.241,"municipal_y":4473747.717}},{"type":"Feature","id":"MAD-1653851","geometry":{"type":"Point","coordinates":[-3.7029224,40.4054275]},"properties":{"source":"madrid","assetnum":"1653851","district":"CENTRO","barrio":"EMBAJADORES","species_code":"PDA","species":"PLATANUS X HISPANICA","perimeter_cm":103.0,"height":12.0,"municipal_x":440354.871,"municipal_y":4472994.452}},{"type":"Feature","id":"MAD-1645751","geometry":{"type":"Point","coordinates":[-3.7104488,40.406926]},"properties":{"source":"madrid","assetnum":"1645751","district":"CENTRO","barrio":"EMBAJADORES","species_code":"CAU","species":"CELTIS AUSTRALIS","perimeter_cm":36.0,"height":6.0,"municipal_x":439717.563,"municipal_y":4473165.884}},{"type":"Feature","id":"MAD-9285539","geometry":{"type":"Point","coordinates":[-3.7027881,40.4080258]},"properties":{"source":"madrid","assetnum":"9285539","district":"CENTRO","barrio":"EMBAJADORES","species_code":"PCP","species":"PRUNUS CERASIFERA  SUBSP. PISSARDII","perimeter_cm":16.0,"height":3.5,"municipal_x":440368.558,"municipal_y":4473282.769}},{"type":"Feature","id":"MAD-1675673","geometry":{"type":"Point","coordinates":[-3.6989755,40.4115474]},"properties":{"source":"madrid","assetnum":"1675673","district":"CENTRO","barrio":"EMBAJADORES","species_code":"AJU","species":"ALBIZIA JULIBRISSIN","perimeter_cm":17.0,"height":5.5,"municipal_x":440695.158,"municipal_y":4473671.102}},{"type":"Feature","id":"MAD-2060920","geometry":{"type":"Point","coordinates":[-3.7045684,40.4068041]},"properties":{"source":"madrid","assetnum":"2060920","district":"CENTRO","barrio":"EMBAJADORES","species_code":"CBI","species":"CATALPA BIGNONIOIDES","perimeter_cm":26.0,"height":5.0,"municipal_x":440216.424,"municipal_y":4473148.357}},{"type":"Feature","id":"MAD-1656632","geometry":{"type":"Point","coordinates":[-3.6974346,40.4078611]},"properties":{"source":"madrid","assetnum":"1656632","district":"CENTRO","barrio":"EMBAJADORES","species_code":"SJA","species":"STYPHNOLOBIUM JAPONICUM","perimeter_cm":33.0,"height":8.0,"municipal_x":440822.662,"municipal_y":4473260.889}},{"type":"Feature","id":"MAD-10202452","geometry":{"type":"Point","coordinates":[-3.7038229,40.4123843]},"properties":{"source":"madrid","assetnum":"10202452","district":"CENTRO","barrio":"EMBAJADORES","species_code":"PAR","species":"PYRUS CALLERYANA 'CHANTICLEER'","perimeter_cm":25.0,"height":5.0,"municipal_x":440284.613,"municipal_y":4473767.253}},{"type":"Feature","id":"MAD-1642725","geometry":{"type":"Point","coordinates":[-3.7082799,40.4064728]},"properties":{"source":"madrid","assetnum":"1642725","district":"CENTRO","barrio":"EMBAJADORES","species_code":"LIN","species":"LAGERSTROEMIA INDICA","perimeter_cm":29.0,"height":6.0,"municipal_x":439901.199,"municipal_y":4473114.106}},{"type":"Feature","id":"MAD-1645100","geometry":{"type":"Point","coordinates":[-3.7027932,40.4079507]},"properties":{"source":"madrid","assetnum":"1645100","district":"CENTRO","barrio":"EMBAJADORES","species_code":"ANE","species":"ACER NEGUNDO","perimeter_cm":64.0,"height":8.0,"municipal_x":440368.063,"municipal_y":4473274.432}},{"type":"Feature","id":"MAD-9387855","geometry":{"type":"Point","coordinates":[-3.7059616,40.4063932]},"properties":{"source":"madrid","assetnum":"9387855","district":"CENTRO","barrio":"EMBAJADORES","species_code":"PDU","species":"PRUNUS DULCIS","perimeter_cm":16.0,"height":2.0,"municipal_x":440097.841,"municipal_y":4473103.696}},{"type":"Feature","id":"MAD-1685416","geometry":{"type":"Point","coordinates":[-3.7082182,40.4072298]},"properties":{"source":"madrid","assetnum":"1685416","district":"CENTRO","barrio":"EMBAJADORES","species_code":"LJV","species":"LIGUSTRUM JAPONICUM 'VARIEGATUM'","perimeter_cm":33.0,"height":6.5,"municipal_x":439907.104,"municipal_y":4473198.09}},{"type":"Feature","id":"MAD-1657283","geometry":{"type":"Point","coordinates":[-3.6937448,40.4090277]},"properties":{"source":"madrid","assetnum":"1657283","district":"CENTRO","barrio":"EMBAJADORES","species_code":"LST","species":"LIQUIDAMBAR STYRACIFLUA","perimeter_cm":61.0,"height":12.0,"municipal_x":441136.765,"municipal_y":4473387.912}},{"type":"Feature","id":"MAD-1643021","geometry":{"type":"Point","coordinates":[-3.7088343,40.4065242]},"properties":{"source":"madrid","assetnum":"1643021","district":"CENTRO","barrio":"EMBAJADORES","species_code":"LIN","species":"LAGERSTROEMIA INDICA","perimeter_cm":18.0,"height":5.0,"municipal_x":439854.204,"municipal_y":4473120.184}},{"type":"Feature","id":"MAD-1662056","geometry":{"type":"Point","coordinates":[-3.7071197,40.4069405]},"properties":{"source":"madrid","assetnum":"1662056","district":"CENTRO","barrio":"EMBAJADORES","species_code":"PDA","species":"PLATANUS X HISPANICA","perimeter_cm":51.0,"height":11.0,"municipal_x":440000.063,"municipal_y":4473165.233}},{"type":"Feature","id":"MAD-1627517","geometry":{"type":"Point","coordinates":[-3.7043474,40.4065502]},"properties":{"source":"madrid","assetnum":"1627517","district":"CENTRO","barrio":"EMBAJADORES","species_code":"FAM","species":"FRAXINUS AMERICANA","perimeter_cm":40.0,"height":7.0,"municipal_x":440234.952,"municipal_y":4473120.031}},{"type":"Feature","id":"MAD-9285535","geometry":{"type":"Point","coordinates":[-3.7027923,40.4081787]},"properties":{"source":"madrid","assetnum":"9285535","district":"CENTRO","barrio":"EMBAJADORES","species_code":"PCP","species":"PRUNUS CERASIFERA  SUBSP. PISSARDII","perimeter_cm":16.0,"height":3.5,"municipal_x":440368.338,"municipal_y":4473299.74}},{"type":"Feature","id":"MAD-10202629","geometry":{"type":"Point","coordinates":[-3.6999788,40.4107507]},"properties":{"source":"madrid","assetnum":"10202629","district":"CENTRO","barrio":"EMBAJADORES","species_code":"AMO","species":"ACER MONSPESSULANUM","perimeter_cm":18.0,"height":4.0,"municipal_x":440609.324,"municipal_y":4473583.341}},{"type":"Feature","id":"MAD-1655304","geometry":{"type":"Point","coordinates":[-3.6995279,40.407559]},"properties":{"source":"madrid","assetnum":"1655304","district":"CENTRO","barrio":"EMBAJADORES","species_code":"HSY","species":"HIBISCUS SYRIACUS","perimeter_cm":15.0,"height":4.0,"municipal_x":440644.781,"municipal_y":4473228.757}},{"type":"Feature","id":"MAD-1656787","geometry":{"type":"Point","coordinates":[-3.7027051,40.4138374]},"properties":{"source":"madrid","assetnum":"1656787","district":"CENTRO","barrio":"EMBAJADORES","species_code":"AHI","species":"AESCULUS HIPPOCASTANUM","perimeter_cm":49.0,"height":8.0,"municipal_x":440380.731,"municipal_y":4473927.791}},{"type":"Feature","id":"MAD-1659779","geometry":{"type":"Point","coordinates":[-3.7070468,40.4060728]},"properties":{"source":"madrid","assetnum":"1659779","district":"CENTRO","barrio":"EMBAJADORES","species_code":"PDA","species":"PLATANUS X HISPANICA","perimeter_cm":84.0,"height":17.0,"municipal_x":440005.475,"municipal_y":4473068.867}},{"type":"Feature","id":"MAD-2055560","geometry":{"type":"Point","coordinates":[-3.6932715,40.4073996]},"properties":{"source":"madrid","assetnum":"2055560","district":"CENTRO","barrio":"EMBAJADORES","species_code":"QIL","species":"QUERCUS ILEX","perimeter_cm":107.0,"height":9.0,"municipal_x":441175.508,"municipal_y":4473206.883}},{"type":"Feature","id":"MAD-1658582","geometry":{"type":"Point","coordinates":[-3.6958787,40.4085583]},"properties":{"source":"madrid","assetnum":"1658582","district":"CENTRO","barrio":"EMBAJADORES","species_code":"LJV","species":"LIGUSTRUM JAPONICUM 'VARIEGATUM'","perimeter_cm":38.0,"height":8.0,"municipal_x":440955.292,"municipal_y":4473337.237}},{"type":"Feature","id":"MAD-1654052","geometry":{"type":"Point","coordinates":[-3.69769,40.4080718]},"properties":{"source":"madrid","assetnum":"1654052","district":"CENTRO","barrio":"EMBAJADORES","species_code":"UPU","species":"ULMUS PUMILA","perimeter_cm":114.0,"height":16.0,"municipal_x":440801.179,"municipal_y":4473284.441}},{"type":"Feature","id":"MAD-1643400","geometry":{"type":"Point","coordinates":[-3.7103734,40.4068381]},"properties":{"source":"madrid","assetnum":"1643400","district":"CENTRO","barrio":"EMBAJADORES","species_code":"ANE","species":"ACER NEGUNDO","perimeter_cm":127.0,"height":10.0,"municipal_x":439723.882,"municipal_y":4473156.075}},{"type":"Feature","id":"MAD-1642274","geometry":{"type":"Point","coordinates":[-3.7107383,40.4068721]},"properties":{"source":"madrid","assetnum":"1642274","district":"CENTRO","barrio":"EMBAJADORES","species_code":"CAU","species":"CELTIS AUSTRALIS","perimeter_cm":62.0,"height":6.0,"municipal_x":439692.957,"municipal_y":4473160.106}},{"type":"Feature","id":"MAD-1683027","geometry":{"type":"Point","coordinates":[-3.6982273,40.4079774]},"properties":{"source":"madrid","assetnum":"1683027","district":"CENTRO","barrio":"EMBAJADORES","species_code":"SJA","species":"STYPHNOLOBIUM JAPONICUM","perimeter_cm":33.0,"height":6.0,"municipal_x":440755.503,"municipal_y":4473274.329}},{"type":"Feature","id":"MAD-1630032","geometry":{"type":"Point","coordinates":[-3.7060395,40.4060861]},"properties":{"source":"madrid","assetnum":"1630032","district":"CENTRO","barrio":"EMBAJADORES","species_code":"SJA","species":"STYPHNOLOBIUM JAPONICUM","perimeter_cm":69.0,"height":7.5,"municipal_x":440090.957,"municipal_y":4473069.661}},{"type":"Feature","id":"MAD-1648155","geometry":{"type":"Point","coordinates":[-3.69948,40.4069529]},"properties":{"source":"madrid","assetnum":"1648155","district":"CENTRO","barrio":"EMBAJADORES","species_code":"LJV","species":"LIGUSTRUM JAPONICUM 'VARIEGATUM'","perimeter_cm":20.0,"height":5.0,"municipal_x":440648.312,"municipal_y":4473161.452}},{"type":"Feature","id":"MAD-1651598","geometry":{"type":"Point","coordinates":[-3.7014785,40.4060241]},"properties":{"source":"madrid","assetnum":"1651598","district":"CENTRO","barrio":"EMBAJADORES","species_code":"LJA","species":"LIGUSTRUM JAPONICUM","perimeter_cm":25.0,"height":5.5,"municipal_x":440477.923,"municipal_y":4473059.7}},{"type":"Feature","id":"MAD-1649409","geometry":{"type":"Point","coordinates":[-3.7059946,40.4072865]},"properties":{"source":"madrid","assetnum":"1649409","district":"CENTRO","barrio":"EMBAJADORES","species_code":"LJA","species":"LIGUSTRUM JAPONICUM","perimeter_cm":25.0,"height":7.0,"municipal_x":440095.835,"municipal_y":4473202.877}},{"type":"Feature","id":"MAD-7129740","geometry":{"type":"Point","coordinates":[-3.6998731,40.4058952]},"properties":{"source":"madrid","assetnum":"7129740","district":"CENTRO","barrio":"EMBAJADORES","species_code":"LJV","species":"LIGUSTRUM JAPONICUM 'VARIEGATUM'","perimeter_cm":18.0,"height":3.5,"municipal_x":440614.026,"municipal_y":4473044.309}},{"type":"Feature","id":"MAD-8800621","geometry":{"type":"Point","coordinates":[-3.697096,40.4078004]},"properties":{"source":"madrid","assetnum":"8800621","district":"CENTRO","barrio":"EMBAJADORES","species_code":"SJA","species":"STYPHNOLOBIUM JAPONICUM","perimeter_cm":16.0,"height":5.0,"municipal_x":440851.342,"municipal_y":4473253.928}},{"type":"Feature","id":"MAD-1631254","geometry":{"type":"Point","coordinates":[-3.7046421,40.4067088]},"properties":{"source":"madrid","assetnum":"1631254","district":"CENTRO","barrio":"EMBAJADORES","species_code":"RPS","species":"ROBINIA PSEUDOACACIA","perimeter_cm":109.0,"height":11.0,"municipal_x":440210.083,"municipal_y":4473137.834}},{"type":"Feature","id":"MAD-1651621","geometry":{"type":"Point","coordinates":[-3.7034399,40.4098596]},"properties":{"source":"madrid","assetnum":"1651621","district":"CENTRO","barrio":"EMBAJADORES","species_code":"KPA","species":"KOELREUTERIA PANICULATA","perimeter_cm":36.0,"height":5.0,"municipal_x":440314.879,"municipal_y":4473486.752}},{"type":"Feature","id":"MAD-1651587","geometry":{"type":"Point","coordinates":[-3.7012757,40.4057864]},"properties":{"source":"madrid","assetnum":"1651587","district":"CENTRO","barrio":"EMBAJADORES","species_code":"LJA","species":"LIGUSTRUM JAPONICUM","perimeter_cm":59.0,"height":9.0,"municipal_x":440494.914,"municipal_y":4473033.175}},{"type":"Feature","id":"MAD-1656856","geometry":{"type":"Point","coordinates":[-3.6984142,40.4081236]},"properties":{"source":"madrid","assetnum":"1656856","district":"CENTRO","barrio":"EMBAJADORES","species_code":"SJA","species":"STYPHNOLOBIUM JAPONICUM","perimeter_cm":54.0,"height":12.0,"municipal_x":440739.773,"municipal_y":4473290.68}},{"type":"Feature","id":"MAD-1673070","geometry":{"type":"Point","coordinates":[-3.7064809,40.4101494]},"properties":{"source":"madrid","assetnum":"1673070","district":"CENTRO","barrio":"EMBAJADORES","species_code":"LJA","species":"LIGUSTRUM JAPONICUM","perimeter_cm":47.0,"height":9.0,"municipal_x":440057.11,"municipal_y":4473520.979}},{"type":"Feature","id":"MAD-1660295","geometry":{"type":"Point","coordinates":[-3.7066749,40.4071095]},"properties":{"source":"madrid","assetnum":"1660295","district":"CENTRO","barrio":"EMBAJADORES","species_code":"AHI","species":"AESCULUS HIPPOCASTANUM","perimeter_cm":81.0,"height":11.0,"municipal_x":440037.949,"municipal_y":4473183.684}},{"type":"Feature","id":"MAD-10179850","geometry":{"type":"Point","coordinates":[-3.7050161,40.4059582]},"properties":{"source":"madrid","assetnum":"10179850","district":"CENTRO","barrio":"EMBAJADORES","species_code":"CAU","species":"CELTIS AUSTRALIS","perimeter_cm":18.0,"height":3.0,"municipal_x":440177.685,"municipal_y":4473054.77}},{"type":"Feature","id":"MAD-6747282","geometry":{"type":"Point","coordinates":[-3.7061711,40.4060721]},"properties":{"source":"madrid","assetnum":"6747282","district":"CENTRO","barrio":"EMBAJADORES","species_code":"PAR","species":"PYRUS CALLERYANA 'CHANTICLEER'","perimeter_cm":18.0,"height":5.0,"municipal_x":440079.784,"municipal_y":4473068.192}},{"type":"Feature","id":"MAD-1635170","geometry":{"type":"Point","coordinates":[-3.7052156,40.4059444]},"properties":{"source":"madrid","assetnum":"1635170","district":"CENTRO","barrio":"EMBAJADORES","species_code":"CAU","species":"CELTIS AUSTRALIS","perimeter_cm":73.0,"height":8.0,"municipal_x":440160.744,"municipal_y":4473053.372}},{"type":"Feature","id":"MAD-1659800","geometry":{"type":"Point","coordinates":[-3.7050227,40.4068396]},"properties":{"source":"madrid","assetnum":"1659800","district":"CENTRO","barrio":"EMBAJADORES","species_code":"UPU","species":"ULMUS PUMILA","perimeter_cm":115.0,"height":16.0,"municipal_x":440177.902,"municipal_y":4473152.605}},{"type":"Feature","id":"MAD-1673136","geometry":{"type":"Point","coordinates":[-3.7072378,40.4093401]},"properties":{"source":"madrid","assetnum":"1673136","district":"CENTRO","barrio":"EMBAJADORES","species_code":"PDA","species":"PLATANUS X HISPANICA","perimeter_cm":45.0,"height":12.0,"municipal_x":439992.169,"municipal_y":4473431.669}},{"type":"Feature","id":"MAD-9119948","geometry":{"type":"Point","coordinates":[-3.7088922,40.4067484]},"properties":{"source":"madrid","assetnum":"9119948","district":"CENTRO","barrio":"EMBAJADORES","species_code":"LJA","species":"LIGUSTRUM JAPONICUM","perimeter_cm":16.0,"height":3.8,"municipal_x":439849.489,"municipal_y":4473145.111}},{"type":"Feature","id":"MAD-1652991","geometry":{"type":"Point","coordinates":[-3.7050662,40.4081891]},"properties":{"source":"madrid","assetnum":"1652991","district":"CENTRO","barrio":"EMBAJADORES","species_code":"LJA","species":"LIGUSTRUM JAPONICUM","perimeter_cm":40.0,"height":9.0,"municipal_x":440175.412,"municipal_y":4473302.427}},{"type":"Feature","id":"MAD-1683571","geometry":{"type":"Point","coordinates":[-3.7075708,40.4125208]},"properties":{"source":"madrid","assetnum":"1683571","district":"CENTRO","barrio":"EMBAJADORES","species_code":"PDA","species":"PLATANUS X HISPANICA","perimeter_cm":200.0,"height":17.0,"municipal_x":439966.738,"municipal_y":4473784.95}},{"type":"Feature","id":"MAD-1659763","geometry":{"type":"Point","coordinates":[-3.7092601,40.4064264]},"properties":{"source":"madrid","assetnum":"1659763","district":"CENTRO","barrio":"EMBAJADORES","species_code":"SJA","species":"STYPHNOLOBIUM JAPONICUM","perimeter_cm":181.0,"height":15.0,"municipal_x":439817.986,"municipal_y":4473109.62}},{"type":"Feature","id":"MAD-5174497","geometry":{"type":"Point","coordinates":[-3.7081164,40.4093241]},"properties":{"source":"madrid","assetnum":"5174497","district":"CENTRO","barrio":"EMBAJADORES","species_code":"AHI","species":"AESCULUS HIPPOCASTANUM","perimeter_cm":21.0,"height":4.0,"municipal_x":439917.604,"municipal_y":4473430.484}},{"type":"Feature","id":"MAD-1645076","geometry":{"type":"Point","coordinates":[-3.7037115,40.4097608]},"properties":{"source":"madrid","assetnum":"1645076","district":"CENTRO","barrio":"EMBAJADORES","species_code":"PCY","species":"PYRUS CALLERYANA","perimeter_cm":48.0,"height":6.0,"municipal_x":440291.744,"municipal_y":4473475.978}},{"type":"Feature","id":"MAD-1660165","geometry":{"type":"Point","coordinates":[-3.7072209,40.4077964]},"properties":{"source":"madrid","assetnum":"1660165","district":"CENTRO","barrio":"EMBAJADORES","species_code":"PDA","species":"PLATANUS X HISPANICA","perimeter_cm":38.0,"height":10.0,"municipal_x":439992.237,"municipal_y":4473260.309}},{"type":"Feature","id":"MAD-9331228","geometry":{"type":"Point","coordinates":[-3.7033826,40.412623]},"properties":{"source":"madrid","assetnum":"9331228","district":"CENTRO","barrio":"EMBAJADORES","species_code":"LJA","species":"LIGUSTRUM JAPONICUM","perimeter_cm":16.0,"height":4.0,"municipal_x":440322.182,"municipal_y":4473793.455}},{"type":"Feature","id":"MAD-6747340","geometry":{"type":"Point","coordinates":[-3.7052187,40.405819]},"properties":{"source":"madrid","assetnum":"6747340","district":"CENTRO","barrio":"EMBAJADORES","species_code":"BRP","species":"BROUSSONETIA PAPYRIFERA","perimeter_cm":16.0,"height":4.0,"municipal_x":440160.37,"municipal_y":4473039.459}},{"type":"Feature","id":"MAD-10202618","geometry":{"type":"Point","coordinates":[-3.7037599,40.413535]},"properties":{"source":"madrid","assetnum":"10202618","district":"CENTRO","barrio":"EMBAJADORES","species_code":"CSI","species":"CERCIS SILIQUASTRUM","perimeter_cm":25.0,"height":4.0,"municipal_x":440290.978,"municipal_y":4473894.943}},{"type":"Feature","id":"MAD-9870467","geometry":{"type":"Point","coordinates":[-3.7057016,40.4060191]},"properties":{"source":"madrid","assetnum":"9870467","district":"CENTRO","barrio":"EMBAJADORES","species_code":"KPA","species":"KOELREUTERIA PANICULATA","perimeter_cm":16.0,"height":3.5,"municipal_x":440119.57,"municipal_y":4473061.994}},{"type":"Feature","id":"MAD-8797711","geometry":{"type":"Point","coordinates":[-3.7112583,40.4073276]},"properties":{"source":"madrid","assetnum":"8797711","district":"CENTRO","barrio":"EMBAJADORES","species_code":"LJA","species":"LIGUSTRUM JAPONICUM","perimeter_cm":16.0,"height":4.0,"municipal_x":439649.238,"municipal_y":4473211.014}},{"type":"Feature","id":"MAD-10202678","geometry":{"type":"Point","coordinates":[-3.7047234,40.4138631]},"properties":{"source":"madrid","assetnum":"10202678","district":"CENTRO","barrio":"EMBAJADORES","species_code":"PAR","species":"PYRUS CALLERYANA 'CHANTICLEER'","perimeter_cm":25.0,"height":5.0,"municipal_x":440209.514,"municipal_y":4473932.013}},{"type":"Feature","id":"MAD-8365108","geometry":{"type":"Point","coordinates":[-3.7034941,40.4098393]},"properties":{"source":"madrid","assetnum":"8365108","district":"CENTRO","barrio":"EMBAJADORES","species_code":"KPA","species":"KOELREUTERIA PANICULATA","perimeter_cm":18.0,"height":2.5,"municipal_x":440310.263,"municipal_y":4473484.543}},{"type":"Feature","id":"MAD-1673248","geometry":{"type":"Point","coordinates":[-3.707424,40.4075356]},"properties":{"source":"madrid","assetnum":"1673248","district":"CENTRO","barrio":"EMBAJADORES","species_code":"PDA","species":"PLATANUS X HISPANICA","perimeter_cm":110.0,"height":17.0,"municipal_x":439974.766,"municipal_y":4473231.488}},{"type":"Feature","id":"MAD-6747295","geometry":{"type":"Point","coordinates":[-3.7061498,40.4060985]},"properties":{"source":"madrid","assetnum":"6747295","district":"CENTRO","barrio":"EMBAJADORES","species_code":"PAR","species":"PYRUS CALLERYANA 'CHANTICLEER'","perimeter_cm":18.0,"height":5.0,"municipal_x":440081.614,"municipal_y":4473071.109}},{"type":"Feature","id":"MAD-1635741","geometry":{"type":"Point","coordinates":[-3.7049412,40.4060441]},"properties":{"source":"madrid","assetnum":"1635741","district":"CENTRO","barrio":"EMBAJADORES","species_code":"FCA","species":"FICUS CARICA","perimeter_cm":95.0,"height":7.0,"municipal_x":440184.115,"municipal_y":4473064.257}},{"type":"Feature","id":"MAD-1680743","geometry":{"type":"Point","coordinates":[-3.6959584,40.409507]},"properties":{"source":"madrid","assetnum":"1680743","district":"CENTRO","barrio":"EMBAJADORES","species_code":"PCY","species":"PYRUS CALLERYANA","perimeter_cm":19.0,"height":6.0,"municipal_x":440949.364,"municipal_y":4473442.598}},{"type":"Feature","id":"MAD-8797557","geometry":{"type":"Point","coordinates":[-3.7071783,40.411249]},"properties":{"source":"madrid","assetnum":"8797557","district":"CENTRO","barrio":"EMBAJADORES","species_code":"LJA","species":"LIGUSTRUM JAPONICUM","perimeter_cm":16.0,"height":4.0,"municipal_x":439998.911,"municipal_y":4473643.51}},{"type":"Feature","id":"MAD-8797645","geometry":{"type":"Point","coordinates":[-3.6999424,40.4058742]},"properties":{"source":"madrid","assetnum":"8797645","district":"CENTRO","barrio":"EMBAJADORES","species_code":"LJV","species":"LIGUSTRUM JAPONICUM 'VARIEGATUM'","perimeter_cm":18.0,"height":3.95,"municipal_x":440608.129,"municipal_y":4473042.03}},{"type":"Feature","id":"MAD-1628715","geometry":{"type":"Point","coordinates":[-3.704537,40.4064382]},"properties":{"source":"madrid","assetnum":"1628715","district":"CENTRO","barrio":"EMBAJADORES","species_code":"SJA","species":"STYPHNOLOBIUM JAPONICUM","perimeter_cm":117.0,"height":11.0,"municipal_x":440218.763,"municipal_y":4473107.731}},{"type":"Feature","id":"MAD-1656834","geometry":{"type":"Point","coordinates":[-3.7004224,40.40628]},"properties":{"source":"madrid","assetnum":"1656834","district":"CENTRO","barrio":"EMBAJADORES","species_code":"LJA","species":"LIGUSTRUM JAPONICUM","perimeter_cm":26.0,"height":6.5,"municipal_x":440567.76,"municipal_y":4473087.394}},{"type":"Feature","id":"MAD-1685133","geometry":{"type":"Point","coordinates":[-3.7051138,40.4067436]},"properties":{"source":"madrid","assetnum":"1685133","district":"CENTRO","barrio":"EMBAJADORES","species_code":"UPU","species":"ULMUS PUMILA","perimeter_cm":37.0,"height":9.0,"municipal_x":440170.087,"municipal_y":4473142.016}},{"type":"Feature","id":"MAD-9345730","geometry":{"type":"Point","coordinates":[-3.7047289,40.4107897]},"properties":{"source":"madrid","assetnum":"9345730","district":"CENTRO","barrio":"EMBAJADORES","species_code":"LJA","species":"LIGUSTRUM JAPONICUM","perimeter_cm":18.0,"height":3.5,"municipal_x":440206.332,"municipal_y":4473590.873}},{"type":"Feature","id":"MAD-9101084","geometry":{"type":"Point","coordinates":[-3.6959169,40.4104449]},"properties":{"source":"madrid","assetnum":"9101084","district":"CENTRO","barrio":"EMBAJADORES","species_code":"PCP","species":"PRUNUS CERASIFERA  SUBSP. PISSARDII","perimeter_cm":18.0,"height":5.0,"municipal_x":440953.704,"municipal_y":4473546.673}},{"type":"Feature","id":"MAD-1644131","geometry":{"type":"Point","coordinates":[-3.7084628,40.4065104]},"properties":{"source":"madrid","assetnum":"1644131","district":"CENTRO","barrio":"EMBAJADORES","species_code":"LIN","species":"LAGERSTROEMIA INDICA","perimeter_cm":25.0,"height":7.0,"municipal_x":439885.714,"municipal_y":4473118.403}},{"type":"Feature","id":"MAD-2053684","geometry":{"type":"Point","coordinates":[-3.6928615,40.4079386]},"properties":{"source":"madrid","assetnum":"2053684","district":"CENTRO","barrio":"EMBAJADORES","species_code":"CSE","species":"CUPRESSUS SEMPERVIRENS","perimeter_cm":96.0,"height":11.0,"municipal_x":441210.767,"municipal_y":4473266.44}},{"type":"Feature","id":"MAD-1683381","geometry":{"type":"Point","coordinates":[-3.7024043,40.4053527]},"properties":{"source":"madrid","assetnum":"1683381","district":"CENTRO","barrio":"EMBAJADORES","species_code":"PDA","species":"PLATANUS X HISPANICA","perimeter_cm":140.0,"height":11.0,"municipal_x":440398.773,"municipal_y":4472985.792}},{"type":"Feature","id":"MAD-9101096","geometry":{"type":"Point","coordinates":[-3.6975,40.4111584]},"properties":{"source":"madrid","assetnum":"9101096","district":"CENTRO","barrio":"EMBAJADORES","species_code":"PCP","species":"PRUNUS CERASIFERA  SUBSP. PISSARDII","perimeter_cm":18.0,"height":5.0,"municipal_x":440820.008,"municipal_y":4473626.932}},{"type":"Feature","id":"MAD-1652876","geometry":{"type":"Point","coordinates":[-3.6957093,40.4072959]},"properties":{"source":"madrid","assetnum":"1652876","district":"CENTRO","barrio":"EMBAJADORES","species_code":"SJA","species":"STYPHNOLOBIUM JAPONICUM","perimeter_cm":49.0,"height":9.0,"municipal_x":440968.561,"municipal_y":4473196.996}},{"type":"Feature","id":"MAD-1661374","geometry":{"type":"Point","coordinates":[-3.7074055,40.4092242]},"properties":{"source":"madrid","assetnum":"1661374","district":"CENTRO","barrio":"EMBAJADORES","species_code":"PDA","species":"PLATANUS X HISPANICA","perimeter_cm":105.0,"height":14.0,"municipal_x":439977.838,"municipal_y":4473418.916}},{"type":"Feature","id":"MAD-1684012","geometry":{"type":"Point","coordinates":[-3.6955432,40.4093026]},"properties":{"source":"madrid","assetnum":"1684012","district":"CENTRO","barrio":"EMBAJADORES","species_code":"AJU","species":"ALBIZIA JULIBRISSIN","perimeter_cm":53.0,"height":7.0,"municipal_x":440984.414,"municipal_y":4473419.627}},{"type":"Feature","id":"MAD-7942773","geometry":{"type":"Point","coordinates":[-3.7037751,40.4082557]},"properties":{"source":"madrid","assetnum":"7942773","district":"CENTRO","barrio":"EMBAJADORES","species_code":"TIE","species":"TILIA X EUROPAEA","perimeter_cm":60.0,"height":5.0,"municipal_x":440285.015,"municipal_y":4473308.949}},{"type":"Feature","id":"MAD-1673769","geometry":{"type":"Point","coordinates":[-3.7072229,40.4096187]},"properties":{"source":"madrid","assetnum":"1673769","district":"CENTRO","barrio":"EMBAJADORES","species_code":"PDA","species":"PLATANUS X HISPANICA","perimeter_cm":198.0,"height":19.0,"municipal_x":439993.679,"municipal_y":4473462.58}},{"type":"Feature","id":"MAD-1674565","geometry":{"type":"Point","coordinates":[-3.7080055,40.4093543]},"properties":{"source":"madrid","assetnum":"1674565","district":"CENTRO","barrio":"EMBAJADORES","species_code":"AHI","species":"AESCULUS HIPPOCASTANUM","perimeter_cm":89.0,"height":8.0,"municipal_x":439927.047,"municipal_y":4473433.761}},{"type":"Feature","id":"MAD-9285530","geometry":{"type":"Point","coordinates":[-3.7028858,40.4081773]},"properties":{"source":"madrid","assetnum":"9285530","district":"CENTRO","barrio":"EMBAJADORES","species_code":"PCP","species":"PRUNUS CERASIFERA  SUBSP. PISSARDII","perimeter_cm":16.0,"height":3.5,"municipal_x":440360.403,"municipal_y":4473299.645}},{"type":"Feature","id":"MAD-2053656","geometry":{"type":"Point","coordinates":[-3.6924273,40.4083109]},"properties":{"source":"madrid","assetnum":"2053656","district":"CENTRO","barrio":"EMBAJADORES","species_code":"LST","species":"LIQUIDAMBAR STYRACIFLUA","perimeter_cm":50.0,"height":7.0,"municipal_x":441247.933,"municipal_y":4473307.478}},{"type":"Feature","id":"MAD-1635697","geometry":{"type":"Point","coordinates":[-3.7049446,40.4059749]},"properties":{"source":"madrid","assetnum":"1635697","district":"CENTRO","barrio":"EMBAJADORES","species_code":"FCA","species":"FICUS CARICA","perimeter_cm":25.0,"height":3.0,"municipal_x":440183.764,"municipal_y":4473056.576}},{"type":"Feature","id":"MAD-1630057","geometry":{"type":"Point","coordinates":[-3.7047984,40.4064022]},"properties":{"source":"madrid","assetnum":"1630057","district":"CENTRO","barrio":"EMBAJADORES","species_code":"CAU","species":"CELTIS AUSTRALIS","perimeter_cm":48.0,"height":7.0,"municipal_x":440196.547,"municipal_y":4473103.902}},{"type":"Feature","id":"MAD-9285538","geometry":{"type":"Point","coordinates":[-3.7026555,40.4079745]},"properties":{"source":"madrid","assetnum":"9285538","district":"CENTRO","barrio":"EMBAJADORES","species_code":"PCP","species":"PRUNUS CERASIFERA  SUBSP. PISSARDII","perimeter_cm":16.0,"height":3.5,"municipal_x":440379.767,"municipal_y":4473276.983}},{"type":"Feature","id":"MAD-1668980","geometry":{"type":"Point","coordinates":[-3.7070601,40.4066194]},"properties":{"source":"madrid","assetnum":"1668980","district":"CENTRO","barrio":"EMBAJADORES","species_code":"PDA","species":"PLATANUS X HISPANICA","perimeter_cm":69.0,"height":15.0,"municipal_x":440004.833,"municipal_y":4473129.553}},{"type":"Feature","id":"MAD-1683108","geometry":{"type":"Point","coordinates":[-3.6938508,40.4090806]},"properties":{"source":"madrid","assetnum":"1683108","district":"CENTRO","barrio":"EMBAJADORES","species_code":"LST","species":"LIQUIDAMBAR STYRACIFLUA","perimeter_cm":71.0,"height":12.0,"municipal_x":441127.813,"municipal_y":4473393.859}},{"type":"Feature","id":"MAD-2009487","geometry":{"type":"Point","coordinates":[-3.7044888,40.4080723]},"properties":{"source":"madrid","assetnum":"2009487","district":"CENTRO","barrio":"EMBAJADORES","species_code":"SJA","species":"STYPHNOLOBIUM JAPONICUM","perimeter_cm":17.0,"height":5.0,"municipal_x":440224.294,"municipal_y":4473289.073}},{"type":"Feature","id":"MAD-10202630","geometry":{"type":"Point","coordinates":[-3.6998961,40.4107494]},"properties":{"source":"madrid","assetnum":"10202630","district":"CENTRO","barrio":"EMBAJADORES","species_code":"AMO","species":"ACER MONSPESSULANUM","perimeter_cm":18.0,"height":4.0,"municipal_x":440616.342,"municipal_y":4473583.141}},{"type":"Feature","id":"MAD-1682865","geometry":{"type":"Point","coordinates":[-3.7033936,40.406541]},"properties":{"source":"madrid","assetnum":"1682865","district":"CENTRO","barrio":"EMBAJADORES","species_code":"SJA","species":"STYPHNOLOBIUM JAPONICUM","perimeter_cm":59.0,"height":10.0,"municipal_x":440315.87,"municipal_y":4473118.367}},{"type":"Feature","id":"MAD-1657160","geometry":{"type":"Point","coordinates":[-3.7006826,40.4075857]},"properties":{"source":"madrid","assetnum":"1657160","district":"CENTRO","barrio":"EMBAJADORES","species_code":"PCP","species":"PRUNUS CERASIFERA  SUBSP. PISSARDII","perimeter_cm":26.0,"height":6.0,"municipal_x":440546.828,"municipal_y":4473232.496}},{"type":"Feature","id":"MAD-1651708","geometry":{"type":"Point","coordinates":[-3.694261,40.4099084]},"properties":{"source":"madrid","assetnum":"1651708","district":"CENTRO","barrio":"EMBAJADORES","species_code":"SJA","species":"STYPHNOLOBIUM JAPONICUM","perimeter_cm":56.0,"height":11.0,"municipal_x":441093.728,"municipal_y":4473486.013}},{"type":"Feature","id":"MAD-8902866","geometry":{"type":"Point","coordinates":[-3.7040882,40.4067306]},"properties":{"source":"madrid","assetnum":"8902866","district":"CENTRO","barrio":"EMBAJADORES","species_code":"KPA","species":"KOELREUTERIA PANICULATA","perimeter_cm":22.0,"height":5.0,"municipal_x":440257.101,"municipal_y":4473139.883}},{"type":"Feature","id":"MAD-1638231","geometry":{"type":"Point","coordinates":[-3.7101625,40.4069293]},"properties":{"source":"madrid","assetnum":"1638231","district":"CENTRO","barrio":"EMBAJADORES","species_code":"ANE","species":"ACER NEGUNDO","perimeter_cm":56.0,"height":7.0,"municipal_x":439741.864,"municipal_y":4473166.052}},{"type":"Feature","id":"MAD-1659834","geometry":{"type":"Point","coordinates":[-3.707966,40.4062752]},"properties":{"source":"madrid","assetnum":"1659834","district":"CENTRO","barrio":"EMBAJADORES","species_code":"LJV","species":"LIGUSTRUM JAPONICUM 'VARIEGATUM'","perimeter_cm":30.0,"height":4.5,"municipal_x":439927.658,"municipal_y":4473091.953}},{"type":"Feature","id":"MAD-9285540","geometry":{"type":"Point","coordinates":[-3.7027121,40.4080601]},"properties":{"source":"madrid","assetnum":"9285540","district":"CENTRO","barrio":"EMBAJADORES","species_code":"PCP","species":"PRUNUS CERASIFERA  SUBSP. PISSARDII","perimeter_cm":16.0,"height":3.5,"municipal_x":440375.042,"municipal_y":4473286.524}},{"type":"Feature","id":"MAD-1659790","geometry":{"type":"Point","coordinates":[-3.7111807,40.4075453]},"properties":{"source":"madrid","assetnum":"1659790","district":"CENTRO","barrio":"EMBAJADORES","species_code":"LJA","species":"LIGUSTRUM JAPONICUM","perimeter_cm":60.0,"height":7.0,"municipal_x":439656.014,"municipal_y":4473235.13}},{"type":"Feature","id":"MAD-10126831","geometry":{"type":"Point","coordinates":[-3.7037016,40.4095885]},"properties":{"source":"madrid","assetnum":"10126831","district":"CENTRO","barrio":"EMBAJADORES","species_code":"PAR","species":"PYRUS CALLERYANA 'CHANTICLEER'","perimeter_cm":16.0,"height":3.0,"municipal_x":440292.429,"municipal_y":4473456.839}},{"type":"Feature","id":"MAD-1683017","geometry":{"type":"Point","coordinates":[-3.7021839,40.4070161]},"properties":{"source":"madrid","assetnum":"1683017","district":"CENTRO","barrio":"EMBAJADORES","species_code":"LJA","species":"LIGUSTRUM JAPONICUM","perimeter_cm":52.0,"height":10.0,"municipal_x":440418.94,"municipal_y":4473170.279}},{"type":"Feature","id":"MAD-9101064","geometry":{"type":"Point","coordinates":[-3.6969863,40.4107862]},"properties":{"source":"madrid","assetnum":"9101064","district":"CENTRO","barrio":"EMBAJADORES","species_code":"PCP","species":"PRUNUS CERASIFERA  SUBSP. PISSARDII","perimeter_cm":18.0,"height":5.0,"municipal_x":440863.261,"municipal_y":4473585.276}},{"type":"Feature","id":"MAD-7129700","geometry":{"type":"Point","coordinates":[-3.7083004,40.4112201]},"properties":{"source":"madrid","assetnum":"7129700","district":"CENTRO","barrio":"EMBAJADORES","species_code":"PDA","species":"PLATANUS X HISPANICA","perimeter_cm":20.0,"height":7.0,"municipal_x":439903.683,"municipal_y":4473641.07}},{"type":"Feature","id":"MAD-1654001","geometry":{"type":"Point","coordinates":[-3.702448,40.4099649]},"properties":{"source":"madrid","assetnum":"1654001","district":"CENTRO","barrio":"EMBAJADORES","species_code":"UPU","species":"ULMUS PUMILA","perimeter_cm":111.0,"height":16.0,"municipal_x":440399.13,"municipal_y":4473497.775}},{"type":"Feature","id":"MAD-1643908","geometry":{"type":"Point","coordinates":[-3.7042019,40.4067865]},"properties":{"source":"madrid","assetnum":"1643908","district":"CENTRO","barrio":"EMBAJADORES","species_code":"KPA","species":"KOELREUTERIA PANICULATA","perimeter_cm":25.0,"height":6.0,"municipal_x":440247.506,"municipal_y":4473146.161}},{"type":"Feature","id":"MAD-9285534","geometry":{"type":"Point","coordinates":[-3.7026745,40.4078527]},"properties":{"source":"madrid","assetnum":"9285534","district":"CENTRO","barrio":"EMBAJADORES","species_code":"PCP","species":"PRUNUS CERASIFERA  SUBSP. PISSARDII","perimeter_cm":16.0,"height":3.5,"municipal_x":440378.048,"municipal_y":4473263.477}},{"type":"Feature","id":"MAD-1668340","geometry":{"type":"Point","coordinates":[-3.7087496,40.4068483]},"properties":{"source":"madrid","assetnum":"1668340","district":"CENTRO","barrio":"EMBAJADORES","species_code":"LJA","species":"LIGUSTRUM JAPONICUM","perimeter_cm":54.0,"height":6.0,"municipal_x":439861.675,"municipal_y":4473156.104}},{"type":"Feature","id":"MAD-9394481","geometry":{"type":"Point","coordinates":[-3.7003226,40.4075697]},"properties":{"source":"madrid","assetnum":"9394481","district":"CENTRO","barrio":"EMBAJADORES","species_code":"LJA","species":"LIGUSTRUM JAPONICUM","perimeter_cm":16.0,"height":3.5,"municipal_x":440577.36,"municipal_y":4473230.483}},{"type":"Feature","id":"MAD-9037388","geometry":{"type":"Point","coordinates":[-3.7013219,40.4089758]},"properties":{"source":"madrid","assetnum":"9037388","district":"CENTRO","barrio":"EMBAJADORES","species_code":"LJA","species":"LIGUSTRUM JAPONICUM","perimeter_cm":16.0,"height":4.5,"municipal_x":440493.806,"municipal_y":4473387.23}},{"type":"Feature","id":"MAD-1643420","geometry":{"type":"Point","coordinates":[-3.7044839,40.4064107]},"properties":{"source":"madrid","assetnum":"1643420","district":"CENTRO","barrio":"EMBAJADORES","species_code":"KPA","species":"KOELREUTERIA PANICULATA","perimeter_cm":52.0,"height":7.0,"municipal_x":440223.24,"municipal_y":4473104.637}},{"type":"Feature","id":"MAD-1651446","geometry":{"type":"Point","coordinates":[-3.6988001,40.4121742]},"properties":{"source":"madrid","assetnum":"1651446","district":"CENTRO","barrio":"EMBAJADORES","species_code":"CSE","species":"CUPRESSUS SEMPERVIRENS","perimeter_cm":25.0,"height":5.0,"municipal_x":440710.591,"municipal_y":4473740.553}},{"type":"Feature","id":"MAD-1657123","geometry":{"type":"Point","coordinates":[-3.6956992,40.4071707]},"properties":{"source":"madrid","assetnum":"1657123","district":"CENTRO","barrio":"EMBAJADORES","species_code":"UPU","species":"ULMUS PUMILA","perimeter_cm":122.0,"height":18.0,"municipal_x":440969.315,"municipal_y":4473183.087}},{"type":"Feature","id":"MAD-1682993","geometry":{"type":"Point","coordinates":[-3.6943756,40.4090008]},"properties":{"source":"madrid","assetnum":"1682993","district":"CENTRO","barrio":"EMBAJADORES","species_code":"LST","species":"LIQUIDAMBAR STYRACIFLUA","perimeter_cm":24.0,"height":6.0,"municipal_x":441083.215,"municipal_y":4473385.345}},{"type":"Feature","id":"MAD-1680231","geometry":{"type":"Point","coordinates":[-3.696957,40.4100005]},"properties":{"source":"madrid","assetnum":"1680231","district":"CENTRO","barrio":"EMBAJADORES","species_code":"AJU","species":"ALBIZIA JULIBRISSIN","perimeter_cm":74.0,"height":10.0,"municipal_x":440865.064,"municipal_y":4473498.038}},{"type":"Feature","id":"MAD-1659928","geometry":{"type":"Point","coordinates":[-3.6928412,40.4084522]},"properties":{"source":"madrid","assetnum":"1659928","district":"CENTRO","barrio":"EMBAJADORES","species_code":"PDA","species":"PLATANUS X HISPANICA","perimeter_cm":175.0,"height":18.0,"municipal_x":441212.932,"municipal_y":4473323.433}},{"type":"Feature","id":"MAD-9132641","geometry":{"type":"Point","coordinates":[-3.7112786,40.4072785]},"properties":{"source":"madrid","assetnum":"9132641","district":"CENTRO","barrio":"EMBAJADORES","species_code":"LJA","species":"LIGUSTRUM JAPONICUM","perimeter_cm":17.0,"height":4.0,"municipal_x":439647.472,"municipal_y":4473205.585}},{"type":"Feature","id":"MAD-1661284","geometry":{"type":"Point","coordinates":[-3.7073882,40.4097893]},"properties":{"source":"madrid","assetnum":"1661284","district":"CENTRO","barrio":"EMBAJADORES","species_code":"PDA","species":"PLATANUS X HISPANICA","perimeter_cm":186.0,"height":18.0,"municipal_x":439979.807,"municipal_y":4473481.629}},{"type":"Feature","id":"MAD-1657871","geometry":{"type":"Point","coordinates":[-3.702883,40.4137904]},"properties":{"source":"madrid","assetnum":"1657871","district":"CENTRO","barrio":"EMBAJADORES","species_code":"LJA","species":"LIGUSTRUM JAPONICUM","perimeter_cm":15.0,"height":4.0,"municipal_x":440365.598,"municipal_y":4473922.694}},{"type":"Feature","id":"MAD-1673693","geometry":{"type":"Point","coordinates":[-3.7047928,40.4125725]},"properties":{"source":"madrid","assetnum":"1673693","district":"CENTRO","barrio":"EMBAJADORES","species_code":"RPS","species":"ROBINIA PSEUDOACACIA","perimeter_cm":34.0,"height":9.0,"municipal_x":440202.49,"municipal_y":4473788.798}},{"type":"Feature","id":"MAD-9866151","geometry":{"type":"Point","coordinates":[-3.6995386,40.4062948]},"properties":{"source":"madrid","assetnum":"9866151","district":"CENTRO","barrio":"EMBAJADORES","species_code":"LJA","species":"LIGUSTRUM JAPONICUM","perimeter_cm":17.0,"height":4.0,"municipal_x":440642.762,"municipal_y":4473088.44}},{"type":"Feature","id":"MAD-9345729","geometry":{"type":"Point","coordinates":[-3.699385,40.4070292]},"properties":{"source":"madrid","assetnum":"9345729","district":"CENTRO","barrio":"EMBAJADORES","species_code":"LJV","species":"LIGUSTRUM JAPONICUM 'VARIEGATUM'","perimeter_cm":14.0,"height":2.8,"municipal_x":440656.44,"municipal_y":4473169.858}},{"type":"Feature","id":"MAD-1656412","geometry":{"type":"Point","coordinates":[-3.7024087,40.4099107]},"properties":{"source":"madrid","assetnum":"1656412","district":"CENTRO","barrio":"EMBAJADORES","species_code":"UPU","species":"ULMUS PUMILA","perimeter_cm":139.0,"height":17.0,"municipal_x":440402.419,"municipal_y":4473491.731}},{"type":"Feature","id":"MAD-9342411","geometry":{"type":"Point","coordinates":[-3.7054506,40.406147]},"properties":{"source":"madrid","assetnum":"9342411","district":"CENTRO","barrio":"EMBAJADORES","species_code":"LIN","species":"LAGERSTROEMIA INDICA","perimeter_cm":18.0,"height":3.5,"municipal_x":440140.987,"municipal_y":4473076.024}},{"type":"Feature","id":"MAD-1635713","geometry":{"type":"Point","coordinates":[-3.7053765,40.4058742]},"properties":{"source":"madrid","assetnum":"1635713","district":"CENTRO","barrio":"EMBAJADORES","species_code":"SJA","species":"STYPHNOLOBIUM JAPONICUM","perimeter_cm":215.0,"height":12.0,"municipal_x":440147.032,"municipal_y":4473045.693}},{"type":"Feature","id":"MAD-1670986","geometry":{"type":"Point","coordinates":[-3.7036264,40.4067631]},"properties":{"source":"madrid","assetnum":"1670986","district":"CENTRO","barrio":"EMBAJADORES","species_code":"UPU","species":"ULMUS PUMILA","perimeter_cm":114.0,"height":17.0,"municipal_x":440296.314,"municipal_y":4473143.174}},{"type":"Feature","id":"MAD-1643067","geometry":{"type":"Point","coordinates":[-3.7103735,40.4070073]},"properties":{"source":"madrid","assetnum":"1643067","district":"CENTRO","barrio":"EMBAJADORES","species_code":"CAU","species":"CELTIS AUSTRALIS","perimeter_cm":42.0,"height":7.0,"municipal_x":439724.025,"municipal_y":4473174.857}},{"type":"Feature","id":"MAD-2068764","geometry":{"type":"Point","coordinates":[-3.7038681,40.4068317]},"properties":{"source":"madrid","assetnum":"2068764","district":"CENTRO","barrio":"EMBAJADORES","species_code":"PCP","species":"PRUNUS CERASIFERA  SUBSP. PISSARDII","perimeter_cm":30.0,"height":3.5,"municipal_x":440275.872,"municipal_y":4473150.95}},{"type":"Feature","id":"MAD-1657074","geometry":{"type":"Point","coordinates":[-3.6962313,40.4074332]},"properties":{"source":"madrid","assetnum":"1657074","district":"CENTRO","barrio":"EMBAJADORES","species_code":"SJA","species":"STYPHNOLOBIUM JAPONICUM","perimeter_cm":50.0,"height":10.0,"municipal_x":440924.391,"municipal_y":4473212.589}},{"type":"Feature","id":"MAD-1680739","geometry":{"type":"Point","coordinates":[-3.6984379,40.4114996]},"properties":{"source":"madrid","assetnum":"1680739","district":"CENTRO","barrio":"EMBAJADORES","species_code":"LJA","species":"LIGUSTRUM JAPONICUM","perimeter_cm":40.0,"height":7.0,"municipal_x":440740.728,"municipal_y":4473665.433}},{"type":"Feature","id":"MAD-1676244","geometry":{"type":"Point","coordinates":[-3.6988588,40.4113572]},"properties":{"source":"madrid","assetnum":"1676244","district":"CENTRO","barrio":"EMBAJADORES","species_code":"PCY","species":"PYRUS CALLERYANA","perimeter_cm":16.0,"height":6.0,"municipal_x":440704.887,"municipal_y":4473649.902}},{"type":"Feature","id":"MAD-1683120","geometry":{"type":"Point","coordinates":[-3.7005909,40.4077953]},"properties":{"source":"madrid","assetnum":"1683120","district":"CENTRO","barrio":"EMBAJADORES","species_code":"LJA","species":"LIGUSTRUM JAPONICUM","perimeter_cm":63.0,"height":9.0,"municipal_x":440554.796,"municipal_y":4473255.706}},{"type":"Feature","id":"MAD-1685118","geometry":{"type":"Point","coordinates":[-3.7083311,40.4076574]},"properties":{"source":"madrid","assetnum":"1685118","district":"CENTRO","barrio":"EMBAJADORES","species_code":"LJV","species":"LIGUSTRUM JAPONICUM 'VARIEGATUM'","perimeter_cm":26.0,"height":4.5,"municipal_x":439897.911,"municipal_y":4473245.634}},{"type":"Feature","id":"MAD-9329778","geometry":{"type":"Point","coordinates":[-3.7084873,40.4068438]},"properties":{"source":"madrid","assetnum":"9329778","district":"CENTRO","barrio":"EMBAJADORES","species_code":"LJA","species":"LIGUSTRUM JAPONICUM","perimeter_cm":16.0,"height":3.5,"municipal_x":439883.933,"municipal_y":4473155.43}},{"type":"Feature","id":"MAD-1670302","geometry":{"type":"Point","coordinates":[-3.7039545,40.4075519]},"properties":{"source":"madrid","assetnum":"1670302","district":"CENTRO","barrio":"EMBAJADORES","species_code":"LJA","species":"LIGUSTRUM JAPONICUM","perimeter_cm":29.0,"height":6.0,"municipal_x":440269.173,"municipal_y":4473230.954}},{"type":"Feature","id":"MAD-2067509","geometry":{"type":"Point","coordinates":[-3.6956063,40.4092099]},"properties":{"source":"madrid","assetnum":"2067509","district":"CENTRO","barrio":"EMBAJADORES","species_code":"AJU","species":"ALBIZIA JULIBRISSIN","perimeter_cm":16.0,"height":3.5,"municipal_x":440978.979,"municipal_y":4473409.376}},{"type":"Feature","id":"MAD-1685649","geometry":{"type":"Point","coordinates":[-3.7060968,40.4071019]},"properties":{"source":"madrid","assetnum":"1685649","district":"CENTRO","barrio":"EMBAJADORES","species_code":"AHI","species":"AESCULUS HIPPOCASTANUM","perimeter_cm":62.0,"height":11.0,"municipal_x":440086.994,"municipal_y":4473182.449}},{"type":"Feature","id":"MAD-10202444","geometry":{"type":"Point","coordinates":[-3.7055229,40.4127464]},"properties":{"source":"madrid","assetnum":"10202444","district":"CENTRO","barrio":"EMBAJADORES","species_code":"SJA","species":"STYPHNOLOBIUM JAPONICUM","perimeter_cm":24.0,"height":5.0,"municipal_x":440140.695,"municipal_y":4473808.604}},{"type":"Feature","id":"MAD-9878192","geometry":{"type":"Point","coordinates":[-3.7045542,40.4065063]},"properties":{"source":"madrid","assetnum":"9878192","district":"CENTRO","barrio":"EMBAJADORES","species_code":"KPA","species":"KOELREUTERIA PANICULATA","perimeter_cm":18.0,"height":3.5,"municipal_x":440217.36,"municipal_y":4473115.296}},{"type":"Feature","id":"MAD-5037604","geometry":{"type":"Point","coordinates":[-3.6960518,40.4073441]},"properties":{"source":"madrid","assetnum":"5037604","district":"CENTRO","barrio":"EMBAJADORES","species_code":"SJA","species":"STYPHNOLOBIUM JAPONICUM","perimeter_cm":14.0,"height":3.8,"municipal_x":440939.547,"municipal_y":4473202.579}},{"type":"Feature","id":"MAD-1642277","geometry":{"type":"Point","coordinates":[-3.7037412,40.4096581]},"properties":{"source":"madrid","assetnum":"1642277","district":"CENTRO","barrio":"EMBAJADORES","species_code":"PCY","species":"PYRUS CALLERYANA","perimeter_cm":38.0,"height":5.0,"municipal_x":440289.133,"municipal_y":4473464.59}},{"type":"Feature","id":"MAD-2060927","geometry":{"type":"Point","coordinates":[-3.693135,40.4075467]},"properties":{"source":"madrid","assetnum":"2060927","district":"CENTRO","barrio":"EMBAJADORES","species_code":"LST","species":"LIQUIDAMBAR STYRACIFLUA","perimeter_cm":43.0,"height":6.0,"municipal_x":441187.217,"municipal_y":4473223.121}},{"type":"Feature","id":"MAD-5037325","geometry":{"type":"Point","coordinates":[-3.7044899,40.4125379]},"properties":{"source":"madrid","assetnum":"5037325","district":"CENTRO","barrio":"EMBAJADORES","species_code":"SJA","species":"STYPHNOLOBIUM JAPONICUM","perimeter_cm":14.0,"height":3.0,"municipal_x":440228.157,"municipal_y":4473784.754}},{"type":"Feature","id":"MAD-1671171","geometry":{"type":"Point","coordinates":[-3.7069882,40.4059998]},"properties":{"source":"madrid","assetnum":"1671171","district":"CENTRO","barrio":"EMBAJADORES","species_code":"PDA","species":"PLATANUS X HISPANICA","perimeter_cm":36.0,"height":7.0,"municipal_x":440010.383,"municipal_y":4473060.728}},{"type":"Feature","id":"MAD-1677302","geometry":{"type":"Point","coordinates":[-3.7002529,40.4089792]},"properties":{"source":"madrid","assetnum":"1677302","district":"CENTRO","barrio":"EMBAJADORES","species_code":"LJV","species":"LIGUSTRUM JAPONICUM 'VARIEGATUM'","perimeter_cm":19.0,"height":4.0,"municipal_x":440584.517,"municipal_y":4473386.89}},{"type":"Feature","id":"MAD-1661949","geometry":{"type":"Point","coordinates":[-3.7070939,40.4068397]},"properties":{"source":"madrid","assetnum":"1661949","district":"CENTRO","barrio":"EMBAJADORES","species_code":"PDA","species":"PLATANUS X HISPANICA","perimeter_cm":49.0,"height":11.0,"municipal_x":440002.163,"municipal_y":4473154.023}},{"type":"Feature","id":"MAD-10152147","geometry":{"type":"Point","coordinates":[-3.7043259,40.4068693]},"properties":{"source":"madrid","assetnum":"10152147","district":"CENTRO","barrio":"EMBAJADORES","species_code":"FOD","species":"FRAXINUS ANGUSTIFOLIA 'RAYWOOD'","perimeter_cm":16.0,"height":3.5,"municipal_x":440237.053,"municipal_y":4473155.44}},{"type":"Feature","id":"MAD-9424249","geometry":{"type":"Point","coordinates":[-3.7011979,40.4086567]},"properties":{"source":"madrid","assetnum":"9424249","district":"CENTRO","barrio":"EMBAJADORES","species_code":"LJA","species":"LIGUSTRUM JAPONICUM","perimeter_cm":18.0,"height":3.0,"municipal_x":440504.049,"municipal_y":4473351.73}},{"type":"Feature","id":"MAD-1646786","geometry":{"type":"Point","coordinates":[-3.706511,40.410298]},"properties":{"source":"madrid","assetnum":"1646786","district":"CENTRO","barrio":"EMBAJADORES","species_code":"LJA","species":"LIGUSTRUM JAPONICUM","perimeter_cm":58.0,"height":9.0,"municipal_x":440054.688,"municipal_y":4473537.501}},{"type":"Feature","id":"MAD-1672554","geometry":{"type":"Point","coordinates":[-3.7057946,40.4139477]},"properties":{"source":"madrid","assetnum":"1672554","district":"CENTRO","barrio":"EMBAJADORES","species_code":"UPU","species":"ULMUS PUMILA","perimeter_cm":130.0,"height":15.0,"municipal_x":440118.708,"municipal_y":4473942.125}},{"type":"Feature","id":"MAD-1671230","geometry":{"type":"Point","coordinates":[-3.705329,40.4080442]},"properties":{"source":"madrid","assetnum":"1671230","district":"CENTRO","barrio":"EMBAJADORES","species_code":"LJA","species":"LIGUSTRUM JAPONICUM","perimeter_cm":38.0,"height":9.0,"municipal_x":440152.984,"municipal_y":4473286.525}},{"type":"Feature","id":"MAD-1690715","geometry":{"type":"Point","coordinates":[-3.7028514,40.4111379]},"properties":{"source":"madrid","assetnum":"1690715","district":"CENTRO","barrio":"EMBAJADORES","species_code":"RPS","species":"ROBINIA PSEUDOACACIA","perimeter_cm":39.0,"height":8.0,"municipal_x":440365.941,"municipal_y":4473628.25}},{"type":"Feature","id":"MAD-5037542","geometry":{"type":"Point","coordinates":[-3.708299,40.4093867]},"properties":{"source":"madrid","assetnum":"5037542","district":"CENTRO","barrio":"EMBAJADORES","species_code":"LJA","species":"LIGUSTRUM JAPONICUM","perimeter_cm":24.0,"height":3.5,"municipal_x":439902.169,"municipal_y":4473437.561}},{"type":"Feature","id":"MAD-1682833","geometry":{"type":"Point","coordinates":[-3.7002166,40.4117527]},"properties":{"source":"madrid","assetnum":"1682833","district":"CENTRO","barrio":"EMBAJADORES","species_code":"RRA","species":"ROBINIA PSEUDOACACIA 'UMBRACULIFERA'","perimeter_cm":28.0,"height":5.0,"municipal_x":440590.037,"municipal_y":4473694.724}},{"type":"Feature","id":"MAD-1630488","geometry":{"type":"Point","coordinates":[-3.7044319,40.4123831]},"properties":{"source":"madrid","assetnum":"1630488","district":"CENTRO","barrio":"EMBAJADORES","species_code":"PDA","species":"PLATANUS X HISPANICA","perimeter_cm":250.0,"height":18.0,"municipal_x":440232.944,"municipal_y":4473767.534}},{"type":"Feature","id":"MAD-1635705","geometry":{"type":"Point","coordinates":[-3.7047585,40.4059625]},"properties":{"source":"madrid","assetnum":"1635705","district":"CENTRO","barrio":"EMBAJADORES","species_code":"SJA","species":"STYPHNOLOBIUM JAPONICUM","perimeter_cm":79.0,"height":10.0,"municipal_x":440199.549,"municipal_y":4473055.072}},{"type":"Feature","id":"MAD-9047625","geometry":{"type":"Point","coordinates":[-3.7073413,40.411228]},"properties":{"source":"madrid","assetnum":"9047625","district":"CENTRO","barrio":"EMBAJADORES","species_code":"LJA","species":"LIGUSTRUM JAPONICUM","perimeter_cm":14.0,"height":5.0,"municipal_x":439985.065,"municipal_y":4473641.296}},{"type":"Feature","id":"MAD-9101068","geometry":{"type":"Point","coordinates":[-3.6967058,40.4106418]},"properties":{"source":"madrid","assetnum":"9101068","district":"CENTRO","barrio":"EMBAJADORES","species_code":"PCP","species":"PRUNUS CERASIFERA  SUBSP. PISSARDII","perimeter_cm":18.0,"height":5.0,"municipal_x":440886.938,"municipal_y":4473569.057}},{"type":"Feature","id":"MAD-1658586","geometry":{"type":"Point","coordinates":[-3.6929511,40.4089783]},"properties":{"source":"madrid","assetnum":"1658586","district":"CENTRO","barrio":"EMBAJADORES","species_code":"LJV","species":"LIGUSTRUM JAPONICUM 'VARIEGATUM'","perimeter_cm":46.0,"height":9.0,"municipal_x":441204.062,"municipal_y":4473381.905}},{"type":"Feature","id":"MAD-1684375","geometry":{"type":"Point","coordinates":[-3.7030891,40.407513]},"properties":{"source":"madrid","assetnum":"1684375","district":"CENTRO","barrio":"EMBAJADORES","species_code":"CAU","species":"CELTIS AUSTRALIS","perimeter_cm":50.0,"height":8.0,"municipal_x":440342.572,"municipal_y":4473226.05}},{"type":"Feature","id":"MAD-8365172","geometry":{"type":"Point","coordinates":[-3.7024415,40.411322]},"properties":{"source":"madrid","assetnum":"8365172","district":"CENTRO","barrio":"EMBAJADORES","species_code":"LJA","species":"LIGUSTRUM JAPONICUM","perimeter_cm":14.0,"height":2.5,"municipal_x":440400.876,"municipal_y":4473648.406}},{"type":"Feature","id":"MAD-1659788","geometry":{"type":"Point","coordinates":[-3.705287,40.4089197]},"properties":{"source":"madrid","assetnum":"1659788","district":"CENTRO","barrio":"EMBAJADORES","species_code":"SJA","species":"STYPHNOLOBIUM JAPONICUM","perimeter_cm":58.0,"height":12.0,"municipal_x":440157.317,"municipal_y":4473383.677}},{"type":"Feature","id":"MAD-1676724","geometry":{"type":"Point","coordinates":[-3.70866,40.4066748]},"properties":{"source":"madrid","assetnum":"1676724","district":"CENTRO","barrio":"EMBAJADORES","species_code":"SJA","species":"STYPHNOLOBIUM JAPONICUM","perimeter_cm":155.0,"height":15.0,"municipal_x":439869.126,"municipal_y":4473136.789}},{"type":"Feature","id":"MAD-1683447","geometry":{"type":"Point","coordinates":[-3.7007226,40.4056591]},"properties":{"source":"madrid","assetnum":"1683447","district":"CENTRO","barrio":"EMBAJADORES","species_code":"LJV","species":"LIGUSTRUM JAPONICUM 'VARIEGATUM'","perimeter_cm":18.0,"height":2.5,"municipal_x":440541.741,"municipal_y":4473018.676}},{"type":"Feature","id":"MAD-1685067","geometry":{"type":"Point","coordinates":[-3.7087001,40.406239]},"properties":{"source":"madrid","assetnum":"1685067","district":"CENTRO","barrio":"EMBAJADORES","species_code":"SJA","species":"STYPHNOLOBIUM JAPONICUM","perimeter_cm":15.0,"height":5.0,"municipal_x":439865.335,"municipal_y":4473088.439}},{"type":"Feature","id":"MAD-1635165","geometry":{"type":"Point","coordinates":[-3.7049046,40.4061689]},"properties":{"source":"madrid","assetnum":"1635165","district":"CENTRO","barrio":"EMBAJADORES","species_code":"BRP","species":"BROUSSONETIA PAPYRIFERA","perimeter_cm":90.0,"height":7.0,"municipal_x":440187.333,"municipal_y":4473078.086}},{"type":"Feature","id":"MAD-1635779","geometry":{"type":"Point","coordinates":[-3.702869,40.4080683]},"properties":{"source":"madrid","assetnum":"1635779","district":"CENTRO","barrio":"EMBAJADORES","species_code":"ANE","species":"ACER NEGUNDO","perimeter_cm":73.0,"height":8.0,"municipal_x":440361.733,"municipal_y":4473287.536}},{"type":"Feature","id":"MAD-1654035","geometry":{"type":"Point","coordinates":[-3.7019046,40.405831]},"properties":{"source":"madrid","assetnum":"1654035","district":"CENTRO","barrio":"EMBAJADORES","species_code":"PCP","species":"PRUNUS CERASIFERA  SUBSP. PISSARDII","perimeter_cm":49.0,"height":5.0,"municipal_x":440441.592,"municipal_y":4473038.552}},{"type":"Feature","id":"MAD-8902864","geometry":{"type":"Point","coordinates":[-3.7041089,40.4067701]},"properties":{"source":"madrid","assetnum":"8902864","district":"CENTRO","barrio":"EMBAJADORES","species_code":"KPA","species":"KOELREUTERIA PANICULATA","perimeter_cm":22.0,"height":5.0,"municipal_x":440255.381,"municipal_y":4473144.275}},{"type":"Feature","id":"MAD-9928298","geometry":{"type":"Point","coordinates":[-3.6925857,40.4082482]},"properties":{"source":"madrid","assetnum":"9928298","district":"CENTRO","barrio":"EMBAJADORES","species_code":"HSY","species":"HIBISCUS SYRIACUS","perimeter_cm":16.0,"height":3.75,"municipal_x":441234.437,"municipal_y":4473300.617}},{"type":"Feature","id":"MAD-1635701","geometry":{"type":"Point","coordinates":[-3.7055649,40.4062878]},"properties":{"source":"madrid","assetnum":"1635701","district":"CENTRO","barrio":"EMBAJADORES","species_code":"CAU","species":"CELTIS AUSTRALIS","perimeter_cm":50.0,"height":7.0,"municipal_x":440131.407,"municipal_y":4473091.732}},{"type":"Feature","id":"MAD-7925215","geometry":{"type":"Point","coordinates":[-3.7042059,40.4068811]},"properties":{"source":"madrid","assetnum":"7925215","district":"CENTRO","barrio":"EMBAJADORES","species_code":"KPA","species":"KOELREUTERIA PANICULATA","perimeter_cm":17.0,"height":3.5,"municipal_x":440247.252,"municipal_y":4473156.668}},{"type":"Feature","id":"MAD-1651656","geometry":{"type":"Point","coordinates":[-3.6961557,40.4096512]},"properties":{"source":"madrid","assetnum":"1651656","district":"CENTRO","barrio":"EMBAJADORES","species_code":"PDA","species":"PLATANUS X HISPANICA","perimeter_cm":103.0,"height":16.0,"municipal_x":440932.744,"municipal_y":4473458.728}},{"type":"Feature","id":"MAD-1628520","geometry":{"type":"Point","coordinates":[-3.703625,40.4085269]},"properties":{"source":"madrid","assetnum":"1628520","district":"CENTRO","barrio":"EMBAJADORES","species_code":"MGR","species":"MAGNOLIA GRANDIFLORA","perimeter_cm":52.0,"height":6.0,"municipal_x":440297.994,"municipal_y":4473338.95}},{"type":"Feature","id":"MAD-9047627","geometry":{"type":"Point","coordinates":[-3.7073122,40.4113218]},"properties":{"source":"madrid","assetnum":"9047627","district":"CENTRO","barrio":"EMBAJADORES","species_code":"LJA","species":"LIGUSTRUM JAPONICUM","perimeter_cm":14.0,"height":5.0,"municipal_x":439987.622,"municipal_y":4473651.681}},{"type":"Feature","id":"MAD-1646789","geometry":{"type":"Point","coordinates":[-3.70647,40.4102508]},"properties":{"source":"madrid","assetnum":"1646789","district":"CENTRO","barrio":"EMBAJADORES","species_code":"LJA","species":"LIGUSTRUM JAPONICUM","perimeter_cm":40.0,"height":7.0,"municipal_x":440058.128,"municipal_y":4473532.23}},{"type":"Feature","id":"MAD-1643906","geometry":{"type":"Point","coordinates":[-3.7039496,40.4067311]},"properties":{"source":"madrid","assetnum":"1643906","district":"CENTRO","barrio":"EMBAJADORES","species_code":"MEA","species":"MELIA AZEDARACH","perimeter_cm":45.0,"height":6.5,"municipal_x":440268.866,"municipal_y":4473139.838}},{"type":"Feature","id":"MAD-9126647","geometry":{"type":"Point","coordinates":[-3.7014118,40.4054728]},"properties":{"source":"madrid","assetnum":"9126647","district":"CENTRO","barrio":"EMBAJADORES","species_code":"LJV","species":"LIGUSTRUM JAPONICUM 'VARIEGATUM'","perimeter_cm":17.0,"height":4.0,"municipal_x":440483.091,"municipal_y":4472998.453}},{"type":"Feature","id":"MAD-2009863","geometry":{"type":"Point","coordinates":[-3.6973579,40.4102102]},"properties":{"source":"madrid","assetnum":"2009863","district":"CENTRO","barrio":"EMBAJADORES","species_code":"AJU","species":"ALBIZIA JULIBRISSIN","perimeter_cm":15.0,"height":5.0,"municipal_x":440831.23,"municipal_y":4473521.588}},{"type":"Feature","id":"MAD-1659866","geometry":{"type":"Point","coordinates":[-3.7026115,40.4104726]},"properties":{"source":"madrid","assetnum":"1659866","district":"CENTRO","barrio":"EMBAJADORES","species_code":"PYC","species":"PYRUS COMMUNIS","perimeter_cm":44.0,"height":13.0,"municipal_x":440385.705,"municipal_y":4473554.243}},{"type":"Feature","id":"MAD-1648162","geometry":{"type":"Point","coordinates":[-3.6953658,40.4083152]},"properties":{"source":"madrid","assetnum":"1648162","district":"CENTRO","barrio":"EMBAJADORES","species_code":"RPS","species":"ROBINIA PSEUDOACACIA","perimeter_cm":36.0,"height":8.0,"municipal_x":440998.599,"municipal_y":4473309.909}},{"type":"Feature","id":"MAD-1643016","geometry":{"type":"Point","coordinates":[-3.7088086,40.4064724]},"properties":{"source":"madrid","assetnum":"1643016","district":"CENTRO","barrio":"EMBAJADORES","species_code":"LIN","species":"LAGERSTROEMIA INDICA","perimeter_cm":23.0,"height":6.0,"municipal_x":439856.333,"municipal_y":4473114.421}},{"type":"Feature","id":"MAD-1628706","geometry":{"type":"Point","coordinates":[-3.7049801,40.4122249]},"properties":{"source":"madrid","assetnum":"1628706","district":"CENTRO","barrio":"EMBAJADORES","species_code":"PDA","species":"PLATANUS X HISPANICA","perimeter_cm":280.0,"height":20.0,"municipal_x":440186.285,"municipal_y":4473750.351}},{"type":"Feature","id":"MAD-1660454","geometry":{"type":"Point","coordinates":[-3.7069589,40.4106284]},"properties":{"source":"madrid","assetnum":"1660454","district":"CENTRO","barrio":"EMBAJADORES","species_code":"LJA","species":"LIGUSTRUM JAPONICUM","perimeter_cm":28.0,"height":5.0,"municipal_x":440016.979,"municipal_y":4473574.476}},{"type":"Feature","id":"MAD-9047636","geometry":{"type":"Point","coordinates":[-3.7071243,40.4106205]},"properties":{"source":"madrid","assetnum":"9047636","district":"CENTRO","barrio":"EMBAJADORES","species_code":"LJA","species":"LIGUSTRUM JAPONICUM","perimeter_cm":14.0,"height":5.0,"municipal_x":440002.94,"municipal_y":4473573.712}},{"type":"Feature","id":"MAD-1685641","geometry":{"type":"Point","coordinates":[-3.7063299,40.4071779]},"properties":{"source":"madrid","assetnum":"1685641","district":"CENTRO","barrio":"EMBAJADORES","species_code":"AHI","species":"AESCULUS HIPPOCASTANUM","perimeter_cm":79.0,"height":10.0,"municipal_x":440067.283,"municipal_y":4473191.049}},{"type":"Feature","id":"MAD-1680332","geometry":{"type":"Point","coordinates":[-3.6974042,40.4101351]},"properties":{"source":"madrid","assetnum":"1680332","district":"CENTRO","barrio":"EMBAJADORES","species_code":"AJU","species":"ALBIZIA JULIBRISSIN","perimeter_cm":16.0,"height":3.5,"municipal_x":440827.234,"municipal_y":4473513.284}},{"type":"Feature","id":"MAD-9331231","geometry":{"type":"Point","coordinates":[-3.7016912,40.41219]},"properties":{"source":"madrid","assetnum":"9331231","district":"CENTRO","barrio":"EMBAJADORES","species_code":"LJA","species":"LIGUSTRUM JAPONICUM","perimeter_cm":16.0,"height":4.0,"municipal_x":440465.308,"municipal_y":4473744.254}},{"type":"Feature","id":"MAD-1661067","geometry":{"type":"Point","coordinates":[-3.7081166,40.4115156]},"properties":{"source":"madrid","assetnum":"1661067","district":"CENTRO","barrio":"EMBAJADORES","species_code":"PDA","species":"PLATANUS X HISPANICA","perimeter_cm":149.0,"height":20.0,"municipal_x":439919.542,"municipal_y":4473673.742}},{"type":"Feature","id":"MAD-10202638","geometry":{"type":"Point","coordinates":[-3.699777,40.4101975]},"properties":{"source":"madrid","assetnum":"10202638","district":"CENTRO","barrio":"EMBAJADORES","species_code":"AMO","species":"ACER MONSPESSULANUM","perimeter_cm":18.0,"height":4.0,"municipal_x":440625.962,"municipal_y":4473521.794}},{"type":"Feature","id":"MAD-1685613","geometry":{"type":"Point","coordinates":[-3.7061883,40.407211]},"properties":{"source":"madrid","assetnum":"1685613","district":"CENTRO","barrio":"EMBAJADORES","species_code":"AHI","species":"AESCULUS HIPPOCASTANUM","perimeter_cm":24.0,"height":6.5,"municipal_x":440079.328,"municipal_y":4473194.621}},{"type":"Feature","id":"MAD-1659711","geometry":{"type":"Point","coordinates":[-3.7092969,40.4063872]},"properties":{"source":"madrid","assetnum":"1659711","district":"CENTRO","barrio":"EMBAJADORES","species_code":"SJA","species":"STYPHNOLOBIUM JAPONICUM","perimeter_cm":125.0,"height":14.0,"municipal_x":439814.826,"municipal_y":4473105.29}},{"type":"Feature","id":"MAD-9934873","geometry":{"type":"Point","coordinates":[-3.7083246,40.4092256]},"properties":{"source":"madrid","assetnum":"9934873","district":"CENTRO","barrio":"EMBAJADORES","species_code":"AHI","species":"AESCULUS HIPPOCASTANUM","perimeter_cm":16.0,"height":2.6,"municipal_x":439899.852,"municipal_y":4473419.695}},{"type":"Feature","id":"MAD-5037614","geometry":{"type":"Point","coordinates":[-3.7090786,40.4104035]},"properties":{"source":"madrid","assetnum":"5037614","district":"CENTRO","barrio":"EMBAJADORES","species_code":"LJA","species":"LIGUSTRUM JAPONICUM","perimeter_cm":16.0,"height":3.5,"municipal_x":439836.928,"municipal_y":4473550.95}},{"type":"Feature","id":"MAD-1646790","geometry":{"type":"Point","coordinates":[-3.7063443,40.4100905]},"properties":{"source":"madrid","assetnum":"1646790","district":"CENTRO","barrio":"EMBAJADORES","species_code":"PSE","species":"PRUNUS SERRULATA","perimeter_cm":89.0,"height":10.0,"municipal_x":440068.651,"municipal_y":4473514.354}},{"type":"Feature","id":"MAD-6747328","geometry":{"type":"Point","coordinates":[-3.7056765,40.4061659]},"properties":{"source":"madrid","assetnum":"6747328","district":"CENTRO","barrio":"EMBAJADORES","species_code":"PAR","species":"PYRUS CALLERYANA 'CHANTICLEER'","perimeter_cm":25.0,"height":4.5,"municipal_x":440121.829,"municipal_y":4473078.272}},{"type":"Feature","id":"MAD-1643790","geometry":{"type":"Point","coordinates":[-3.7103711,40.4072856]},"properties":{"source":"madrid","assetnum":"1643790","district":"CENTRO","barrio":"EMBAJADORES","species_code":"ANE","species":"ACER NEGUNDO","perimeter_cm":70.0,"height":8.0,"municipal_x":439724.481,"municipal_y":4473205.753}},{"type":"Feature","id":"MAD-1671186","geometry":{"type":"Point","coordinates":[-3.7005614,40.4130125]},"properties":{"source":"madrid","assetnum":"1671186","district":"CENTRO","barrio":"EMBAJADORES","species_code":"AXA","species":"AESCULUS X CARNEA","perimeter_cm":33.0,"height":7.0,"municipal_x":440561.884,"municipal_y":4473834.783}},{"type":"Feature","id":"MAD-1655308","geometry":{"type":"Point","coordinates":[-3.7002271,40.4086736]},"properties":{"source":"madrid","assetnum":"1655308","district":"CENTRO","barrio":"EMBAJADORES","species_code":"HSY","species":"HIBISCUS SYRIACUS","perimeter_cm":24.0,"height":5.0,"municipal_x":440586.435,"municipal_y":4473352.942}},{"type":"Feature","id":"MAD-1653318","geometry":{"type":"Point","coordinates":[-3.6988983,40.4080857]},"properties":{"source":"madrid","assetnum":"1653318","district":"CENTRO","barrio":"EMBAJADORES","species_code":"SJA","species":"STYPHNOLOBIUM JAPONICUM","perimeter_cm":45.0,"height":8.0,"municipal_x":440698.663,"municipal_y":4473286.8}},{"type":"Feature","id":"MAD-1631267","geometry":{"type":"Point","coordinates":[-3.703897,40.4083217]},"properties":{"source":"madrid","assetnum":"1631267","district":"CENTRO","barrio":"EMBAJADORES","species_code":"ANE","species":"ACER NEGUNDO","perimeter_cm":62.0,"height":9.0,"municipal_x":440274.731,"municipal_y":4473316.363}},{"type":"Feature","id":"MAD-1629795","geometry":{"type":"Point","coordinates":[-3.7050124,40.4056164]},"properties":{"source":"madrid","assetnum":"1629795","district":"CENTRO","barrio":"EMBAJADORES","species_code":"LJA","species":"LIGUSTRUM JAPONICUM","perimeter_cm":100.0,"height":8.0,"municipal_x":440177.698,"municipal_y":4473016.828}},{"type":"Feature","id":"MAD-1683776","geometry":{"type":"Point","coordinates":[-3.7007946,40.4105637]},"properties":{"source":"madrid","assetnum":"1683776","district":"CENTRO","barrio":"EMBAJADORES","species_code":"RPS","species":"ROBINIA PSEUDOACACIA","perimeter_cm":84.0,"height":16.0,"municipal_x":440539.949,"municipal_y":4473563.134}},{"type":"Feature","id":"MAD-9376965","geometry":{"type":"Point","coordinates":[-3.6978682,40.4071099]},"properties":{"source":"madrid","assetnum":"9376965","district":"CENTRO","barrio":"EMBAJADORES","species_code":"FAN","species":"FRAXINUS ANGUSTIFOLIA","perimeter_cm":18.0,"height":4.0,"municipal_x":440785.213,"municipal_y":4473177.792}},{"type":"Feature","id":"MAD-1644137","geometry":{"type":"Point","coordinates":[-3.7104698,40.4067856]},"properties":{"source":"madrid","assetnum":"1644137","district":"CENTRO","barrio":"EMBAJADORES","species_code":"ANE","species":"ACER NEGUNDO","perimeter_cm":45.0,"height":9.0,"municipal_x":439715.657,"municipal_y":4473150.317}},{"type":"Feature","id":"MAD-1635703","geometry":{"type":"Point","coordinates":[-3.7050201,40.4059664]},"properties":{"source":"madrid","assetnum":"1635703","district":"CENTRO","barrio":"EMBAJADORES","species_code":"PCP","species":"PRUNUS CERASIFERA  SUBSP. PISSARDII","perimeter_cm":65.0,"height":8.0,"municipal_x":440177.351,"municipal_y":4473055.687}},{"type":"Feature","id":"MAD-10202474","geometry":{"type":"Point","coordinates":[-3.7045437,40.4121774]},"properties":{"source":"madrid","assetnum":"10202474","district":"CENTRO","barrio":"EMBAJADORES","species_code":"CAU","species":"CELTIS AUSTRALIS","perimeter_cm":27.0,"height":5.0,"municipal_x":440223.271,"municipal_y":4473744.778}},{"type":"Feature","id":"MAD-7129726","geometry":{"type":"Point","coordinates":[-3.7016574,40.4129309]},"properties":{"source":"madrid","assetnum":"7129726","district":"CENTRO","barrio":"EMBAJADORES","species_code":"LJA","species":"LIGUSTRUM JAPONICUM","perimeter_cm":26.0,"height":6.0,"municipal_x":440468.829,"municipal_y":4473826.466}},{"type":"Feature","id":"MAD-9037369","geometry":{"type":"Point","coordinates":[-3.7013627,40.4089443]},"properties":{"source":"madrid","assetnum":"9037369","district":"CENTRO","barrio":"EMBAJADORES","species_code":"LJA","species":"LIGUSTRUM JAPONICUM","perimeter_cm":16.0,"height":4.5,"municipal_x":440490.318,"municipal_y":4473383.758}},{"type":"Feature","id":"MAD-9132660","geometry":{"type":"Point","coordinates":[-3.6974932,40.4074681]},"properties":{"source":"madrid","assetnum":"9132660","district":"CENTRO","barrio":"EMBAJADORES","species_code":"LJV","species":"LIGUSTRUM JAPONICUM 'VARIEGATUM'","perimeter_cm":17.0,"height":4.0,"municipal_x":440817.347,"municipal_y":4473217.305}},{"type":"Feature","id":"MAD-7129754","geometry":{"type":"Point","coordinates":[-3.7045923,40.4084634]},"properties":{"source":"madrid","assetnum":"7129754","district":"CENTRO","barrio":"EMBAJADORES","species_code":"CAU","species":"CELTIS AUSTRALIS","perimeter_cm":20.0,"height":4.0,"municipal_x":440215.866,"municipal_y":4473332.556}},{"type":"Feature","id":"MAD-1655042","geometry":{"type":"Point","coordinates":[-3.693221,40.4080007]},"properties":{"source":"madrid","assetnum":"1655042","district":"CENTRO","barrio":"EMBAJADORES","species_code":"PDA","species":"PLATANUS X HISPANICA","perimeter_cm":157.0,"height":18.0,"municipal_x":441180.311,"municipal_y":4473273.574}},{"type":"Feature","id":"MAD-1651471","geometry":{"type":"Point","coordinates":[-3.6989871,40.4122695]},"properties":{"source":"madrid","assetnum":"1651471","district":"CENTRO","barrio":"EMBAJADORES","species_code":"CSE","species":"CUPRESSUS SEMPERVIRENS","perimeter_cm":25.0,"height":5.0,"municipal_x":440694.805,"municipal_y":4473751.256}},{"type":"Feature","id":"MAD-1642939","geometry":{"type":"Point","coordinates":[-3.7045138,40.4063759]},"properties":{"source":"madrid","assetnum":"1642939","district":"CENTRO","barrio":"EMBAJADORES","species_code":"MEA","species":"MELIA AZEDARACH","perimeter_cm":78.0,"height":8.0,"municipal_x":440220.677,"municipal_y":4473100.792}},{"type":"Feature","id":"MAD-9285533","geometry":{"type":"Point","coordinates":[-3.7027634,40.4081356]},"properties":{"source":"madrid","assetnum":"9285533","district":"CENTRO","barrio":"EMBAJADORES","species_code":"PCP","species":"PRUNUS CERASIFERA  SUBSP. PISSARDII","perimeter_cm":16.0,"height":3.5,"municipal_x":440370.759,"municipal_y":4473294.933}},{"type":"Feature","id":"MAD-1650652","geometry":{"type":"Point","coordinates":[-3.7045826,40.4060514]},"properties":{"source":"madrid","assetnum":"1650652","district":"CENTRO","barrio":"EMBAJADORES","species_code":"CAU","species":"CELTIS AUSTRALIS","perimeter_cm":24.0,"height":6.0,"municipal_x":440214.555,"municipal_y":4473064.82}},{"type":"Feature","id":"MAD-1649682","geometry":{"type":"Point","coordinates":[-3.7049574,40.4057419]},"properties":{"source":"madrid","assetnum":"1649682","district":"CENTRO","barrio":"EMBAJADORES","species_code":"LJA","species":"LIGUSTRUM JAPONICUM","perimeter_cm":70.0,"height":6.0,"municipal_x":440182.47,"municipal_y":4473030.725}},{"type":"Feature","id":"MAD-1659837","geometry":{"type":"Point","coordinates":[-3.7084016,40.4084756]},"properties":{"source":"madrid","assetnum":"1659837","district":"CENTRO","barrio":"EMBAJADORES","species_code":"UMI","species":"ULMUS MINOR","perimeter_cm":165.0,"height":16.0,"municipal_x":439892.655,"municipal_y":4473336.501}},{"type":"Feature","id":"MAD-1673139","geometry":{"type":"Point","coordinates":[-3.7074382,40.4076246]},"properties":{"source":"madrid","assetnum":"1673139","district":"CENTRO","barrio":"EMBAJADORES","species_code":"PDA","species":"PLATANUS X HISPANICA","perimeter_cm":106.0,"height":17.0,"municipal_x":439973.646,"municipal_y":4473241.379}},{"type":"Feature","id":"MAD-1629509","geometry":{"type":"Point","coordinates":[-3.7043637,40.4068175]},"properties":{"source":"madrid","assetnum":"1629509","district":"CENTRO","barrio":"EMBAJADORES","species_code":"FAM","species":"FRAXINUS AMERICANA","perimeter_cm":33.0,"height":6.0,"municipal_x":440233.805,"municipal_y":4473149.71}},{"type":"Feature","id":"MAD-1652537","geometry":{"type":"Point","coordinates":[-3.6981781,40.4063592]},"properties":{"source":"madrid","assetnum":"1652537","district":"CENTRO","barrio":"EMBAJADORES","species_code":"LJV","species":"LIGUSTRUM JAPONICUM 'VARIEGATUM'","perimeter_cm":18.0,"height":2.5,"municipal_x":440758.259,"municipal_y":4473094.676}},{"type":"Feature","id":"MAD-1659741","geometry":{"type":"Point","coordinates":[-3.7056995,40.4065459]},"properties":{"source":"madrid","assetnum":"1659741","district":"CENTRO","barrio":"EMBAJADORES","species_code":"UPU","species":"ULMUS PUMILA","perimeter_cm":76.0,"height":12.0,"municipal_x":440120.219,"municipal_y":4473120.466}},{"type":"Feature","id":"MAD-9101048","geometry":{"type":"Point","coordinates":[-3.6961506,40.4103554]},"properties":{"source":"madrid","assetnum":"9101048","district":"CENTRO","barrio":"EMBAJADORES","species_code":"PCP","species":"PRUNUS CERASIFERA  SUBSP. PISSARDII","perimeter_cm":18.0,"height":5.0,"municipal_x":440933.797,"municipal_y":4473536.895}},{"type":"Feature","id":"MAD-1680307","geometry":{"type":"Point","coordinates":[-3.6931704,40.4094347]},"properties":{"source":"madrid","assetnum":"1680307","district":"CENTRO","barrio":"EMBAJADORES","species_code":"PDA","species":"PLATANUS X HISPANICA","perimeter_cm":116.0,"height":15.0,"municipal_x":441185.858,"municipal_y":4473432.714}},{"type":"Feature","id":"MAD-1661831","geometry":{"type":"Point","coordinates":[-3.7072546,40.4062024]},"properties":{"source":"madrid","assetnum":"1661831","district":"CENTRO","barrio":"EMBAJADORES","species_code":"PDA","species":"PLATANUS X HISPANICA","perimeter_cm":53.0,"height":11.0,"municipal_x":439987.959,"municipal_y":4473083.39}},{"type":"Feature","id":"MAD-9772960","geometry":{"type":"Point","coordinates":[-3.7007435,40.407496]},"properties":{"source":"madrid","assetnum":"9772960","district":"CENTRO","barrio":"EMBAJADORES","species_code":"ACA","species":"ACER CAMPESTRE","perimeter_cm":16.0,"height":4.1,"municipal_x":440541.578,"municipal_y":4473222.586}},{"type":"Feature","id":"MAD-1629597","geometry":{"type":"Point","coordinates":[-3.7052891,40.4056355]},"properties":{"source":"madrid","assetnum":"1629597","district":"CENTRO","barrio":"EMBAJADORES","species_code":"AHI","species":"AESCULUS HIPPOCASTANUM","perimeter_cm":70.0,"height":8.0,"municipal_x":440154.23,"municipal_y":4473019.136}},{"type":"Feature","id":"MAD-1674567","geometry":{"type":"Point","coordinates":[-3.7081757,40.4094184]},"properties":{"source":"madrid","assetnum":"1674567","district":"CENTRO","barrio":"EMBAJADORES","species_code":"AHI","species":"AESCULUS HIPPOCASTANUM","perimeter_cm":100.0,"height":9.5,"municipal_x":439912.659,"municipal_y":4473440.99}},{"type":"Feature","id":"MAD-1658821","geometry":{"type":"Point","coordinates":[-3.7013984,40.4090227]},"properties":{"source":"madrid","assetnum":"1658821","district":"CENTRO","barrio":"EMBAJADORES","species_code":"LJA","species":"LIGUSTRUM JAPONICUM","perimeter_cm":69.0,"height":8.5,"municipal_x":440487.356,"municipal_y":4473392.482}},{"type":"Feature","id":"MAD-2066789","geometry":{"type":"Point","coordinates":[-3.7064399,40.4063952]},"properties":{"source":"madrid","assetnum":"2066789","district":"CENTRO","barrio":"EMBAJADORES","species_code":"CAU","species":"CELTIS AUSTRALIS","perimeter_cm":11.0,"height":3.5,"municipal_x":440057.261,"municipal_y":4473104.244}},{"type":"Feature","id":"MAD-1653313","geometry":{"type":"Point","coordinates":[-3.6979604,40.4071383]},"properties":{"source":"madrid","assetnum":"1653313","district":"CENTRO","barrio":"EMBAJADORES","species_code":"SJA","species":"STYPHNOLOBIUM JAPONICUM","perimeter_cm":70.0,"height":14.0,"municipal_x":440777.415,"municipal_y":4473181.01}},{"type":"Feature","id":"MAD-9875967","geometry":{"type":"Point","coordinates":[-3.7070811,40.4106719]},"properties":{"source":"madrid","assetnum":"9875967","district":"CENTRO","barrio":"EMBAJADORES","species_code":"LJA","species":"LIGUSTRUM JAPONICUM","perimeter_cm":13.0,"height":4.0,"municipal_x":440006.651,"municipal_y":4473579.388}},{"type":"Feature","id":"MAD-1669028","geometry":{"type":"Point","coordinates":[-3.7070821,40.4067784]},"properties":{"source":"madrid","assetnum":"1669028","district":"CENTRO","barrio":"EMBAJADORES","species_code":"PDA","species":"PLATANUS X HISPANICA","perimeter_cm":54.0,"height":11.0,"municipal_x":440003.103,"municipal_y":4473147.213}},{"type":"Feature","id":"MAD-1657344","geometry":{"type":"Point","coordinates":[-3.7042776,40.4116458]},"properties":{"source":"madrid","assetnum":"1657344","district":"CENTRO","barrio":"EMBAJADORES","species_code":"LJA","species":"LIGUSTRUM JAPONICUM","perimeter_cm":25.0,"height":6.5,"municipal_x":440245.382,"municipal_y":4473685.591}},{"type":"Feature","id":"MAD-6747301","geometry":{"type":"Point","coordinates":[-3.7060228,40.4060154]},"properties":{"source":"madrid","assetnum":"6747301","district":"CENTRO","barrio":"EMBAJADORES","species_code":"PAR","species":"PYRUS CALLERYANA 'CHANTICLEER'","perimeter_cm":18.0,"height":5.0,"municipal_x":440092.314,"municipal_y":4473061.797}},{"type":"Feature","id":"MAD-6747390","geometry":{"type":"Point","coordinates":[-3.7045503,40.4066182]},"properties":{"source":"madrid","assetnum":"6747390","district":"CENTRO","barrio":"EMBAJADORES","species_code":"MEA","species":"MELIA AZEDARACH","perimeter_cm":45.0,"height":6.0,"municipal_x":440217.794,"municipal_y":4473127.709}},{"type":"Feature","id":"MAD-1672555","geometry":{"type":"Point","coordinates":[-3.7056544,40.4139372]},"properties":{"source":"madrid","assetnum":"1672555","district":"CENTRO","barrio":"EMBAJADORES","species_code":"CAU","species":"CELTIS AUSTRALIS","perimeter_cm":45.0,"height":10.0,"municipal_x":440130.596,"municipal_y":4473940.87}},{"type":"Feature","id":"MAD-1682898","geometry":{"type":"Point","coordinates":[-3.6955077,40.4089956]},"properties":{"source":"madrid","assetnum":"1682898","district":"CENTRO","barrio":"EMBAJADORES","species_code":"LJV","species":"LIGUSTRUM JAPONICUM 'VARIEGATUM'","perimeter_cm":32.0,"height":7.0,"municipal_x":440987.153,"municipal_y":4473385.525}},{"type":"Feature","id":"MAD-1661815","geometry":{"type":"Point","coordinates":[-3.7074257,40.4082124]},"properties":{"source":"madrid","assetnum":"1661815","district":"CENTRO","barrio":"EMBAJADORES","species_code":"PDA","species":"PLATANUS X HISPANICA","perimeter_cm":87.0,"height":17.0,"municipal_x":439975.229,"municipal_y":4473306.624}},{"type":"Feature","id":"MAD-1628607","geometry":{"type":"Point","coordinates":[-3.7043223,40.406659]},"properties":{"source":"madrid","assetnum":"1628607","district":"CENTRO","barrio":"EMBAJADORES","species_code":"MEA","species":"MELIA AZEDARACH","perimeter_cm":52.0,"height":7.0,"municipal_x":440237.176,"municipal_y":4473132.086}},{"type":"Feature","id":"MAD-1682868","geometry":{"type":"Point","coordinates":[-3.6947231,40.4089431]},"properties":{"source":"madrid","assetnum":"1682868","district":"CENTRO","barrio":"EMBAJADORES","species_code":"CBI","species":"CATALPA BIGNONIOIDES","perimeter_cm":42.0,"height":7.0,"municipal_x":441053.683,"municipal_y":4473379.171}},{"type":"Feature","id":"MAD-9389567","geometry":{"type":"Point","coordinates":[-3.7077013,40.4096668]},"properties":{"source":"madrid","assetnum":"9389567","district":"CENTRO","barrio":"EMBAJADORES","species_code":"AMO","species":"ACER MONSPESSULANUM","perimeter_cm":14.0,"height":3.0,"municipal_x":439953.134,"municipal_y":4473468.242}},{"type":"Feature","id":"MAD-10202463","geometry":{"type":"Point","coordinates":[-3.7052016,40.4124034]},"properties":{"source":"madrid","assetnum":"10202463","district":"CENTRO","barrio":"EMBAJADORES","species_code":"CAU","species":"CELTIS AUSTRALIS","perimeter_cm":30.0,"height":6.0,"municipal_x":440167.651,"municipal_y":4473770.309}},{"type":"Feature","id":"MAD-1672060","geometry":{"type":"Point","coordinates":[-3.7006935,40.4068703]},"properties":{"source":"madrid","assetnum":"1672060","district":"CENTRO","barrio":"EMBAJADORES","species_code":"LJA","species":"LIGUSTRUM JAPONICUM","perimeter_cm":37.0,"height":10.0,"municipal_x":440545.273,"municipal_y":4473153.101}},{"type":"Feature","id":"MAD-1672430","geometry":{"type":"Point","coordinates":[-3.6971036,40.4066521]},"properties":{"source":"madrid","assetnum":"1672430","district":"CENTRO","barrio":"EMBAJADORES","species_code":"ANE","species":"ACER NEGUNDO","perimeter_cm":67.0,"height":10.0,"municipal_x":440849.689,"municipal_y":4473126.463}},{"type":"Feature","id":"MAD-1651609","geometry":{"type":"Point","coordinates":[-3.6962169,40.4096774]},"properties":{"source":"madrid","assetnum":"1651609","district":"CENTRO","barrio":"EMBAJADORES","species_code":"PDA","species":"PLATANUS X HISPANICA","perimeter_cm":114.0,"height":17.0,"municipal_x":440927.574,"municipal_y":4473461.678}},{"type":"Feature","id":"MAD-1648090","geometry":{"type":"Point","coordinates":[-3.7050003,40.4076266]},"properties":{"source":"madrid","assetnum":"1648090","district":"CENTRO","barrio":"EMBAJADORES","species_code":"LJA","species":"LIGUSTRUM JAPONICUM","perimeter_cm":18.0,"height":7.0,"municipal_x":440180.506,"municipal_y":4473239.946}},{"type":"Feature","id":"MAD-1655278","geometry":{"type":"Point","coordinates":[-3.6977441,40.4074003]},"properties":{"source":"madrid","assetnum":"1655278","district":"CENTRO","barrio":"EMBAJADORES","species_code":"LJV","species":"LIGUSTRUM JAPONICUM 'VARIEGATUM'","perimeter_cm":17.0,"height":3.5,"municipal_x":440796.002,"municipal_y":4473209.948}},{"type":"Feature","id":"MAD-1683442","geometry":{"type":"Point","coordinates":[-3.7000005,40.4083691]},"properties":{"source":"madrid","assetnum":"1683442","district":"CENTRO","barrio":"EMBAJADORES","species_code":"UPU","species":"ULMUS PUMILA","perimeter_cm":124.0,"height":19.0,"municipal_x":440605.389,"municipal_y":4473318.992}},{"type":"Feature","id":"MAD-1659808","geometry":{"type":"Point","coordinates":[-3.7065994,40.407123]},"properties":{"source":"madrid","assetnum":"1659808","district":"CENTRO","barrio":"EMBAJADORES","species_code":"AHI","species":"AESCULUS HIPPOCASTANUM","perimeter_cm":91.0,"height":12.0,"municipal_x":440044.371,"municipal_y":4473185.133}},{"type":"Feature","id":"MAD-8800642","geometry":{"type":"Point","coordinates":[-3.7010414,40.4093953]},"properties":{"source":"madrid","assetnum":"8800642","district":"CENTRO","barrio":"EMBAJADORES","species_code":"RPS","species":"ROBINIA PSEUDOACACIA","perimeter_cm":20.0,"height":5.0,"municipal_x":440517.977,"municipal_y":4473433.609}},{"type":"Feature","id":"MAD-1689978","geometry":{"type":"Point","coordinates":[-3.7035232,40.409783]},"properties":{"source":"madrid","assetnum":"1689978","district":"CENTRO","barrio":"EMBAJADORES","species_code":"KPA","species":"KOELREUTERIA PANICULATA","perimeter_cm":46.0,"height":6.0,"municipal_x":440307.74,"municipal_y":4473478.315}},{"type":"Feature","id":"MAD-1657308","geometry":{"type":"Point","coordinates":[-3.7003853,40.4074659]},"properties":{"source":"madrid","assetnum":"1657308","district":"CENTRO","barrio":"EMBAJADORES","species_code":"LJA","species":"LIGUSTRUM JAPONICUM","perimeter_cm":56.0,"height":9.0,"municipal_x":440571.948,"municipal_y":4473218.996}},{"type":"Feature","id":"MAD-1684570","geometry":{"type":"Point","coordinates":[-3.7070596,40.4108269]},"properties":{"source":"madrid","assetnum":"1684570","district":"CENTRO","barrio":"EMBAJADORES","species_code":"LJA","species":"LIGUSTRUM JAPONICUM","perimeter_cm":59.0,"height":9.0,"municipal_x":440008.612,"municipal_y":4473596.575}},{"type":"Feature","id":"MAD-6747297","geometry":{"type":"Point","coordinates":[-3.7061023,40.4059884]},"properties":{"source":"madrid","assetnum":"6747297","district":"CENTRO","barrio":"EMBAJADORES","species_code":"PAR","species":"PYRUS CALLERYANA 'CHANTICLEER'","perimeter_cm":18.0,"height":5.0,"municipal_x":440085.543,"municipal_y":4473058.854}},{"type":"Feature","id":"MAD-1652426","geometry":{"type":"Point","coordinates":[-3.6963873,40.4108903]},"properties":{"source":"madrid","assetnum":"1652426","district":"CENTRO","barrio":"EMBAJADORES","species_code":"PDA","species":"PLATANUS X HISPANICA","perimeter_cm":95.0,"height":17.0,"municipal_x":440914.179,"municipal_y":4473596.429}},{"type":"Feature","id":"MAD-1660294","geometry":{"type":"Point","coordinates":[-3.7096957,40.4095948]},"properties":{"source":"madrid","assetnum":"1660294","district":"CENTRO","barrio":"EMBAJADORES","species_code":"LJA","species":"LIGUSTRUM JAPONICUM","perimeter_cm":56.0,"height":10.0,"municipal_x":439783.849,"municipal_y":4473461.605}},{"type":"Feature","id":"MAD-1680339","geometry":{"type":"Point","coordinates":[-3.6934275,40.4078663]},"properties":{"source":"madrid","assetnum":"1680339","district":"CENTRO","barrio":"EMBAJADORES","species_code":"PDA","species":"PLATANUS X HISPANICA","perimeter_cm":147.0,"height":18.0,"municipal_x":441162.671,"municipal_y":4473258.784}},{"type":"Feature","id":"MAD-10202627","geometry":{"type":"Point","coordinates":[-3.7003874,40.4107573]},"properties":{"source":"madrid","assetnum":"10202627","district":"CENTRO","barrio":"EMBAJADORES","species_code":"AMO","species":"ACER MONSPESSULANUM","perimeter_cm":18.0,"height":4.0,"municipal_x":440574.668,"municipal_y":4473584.341}},{"type":"Feature","id":"MAD-2061050","geometry":{"type":"Point","coordinates":[-3.6929358,40.4078231]},"properties":{"source":"madrid","assetnum":"2061050","district":"CENTRO","barrio":"EMBAJADORES","species_code":"LST","species":"LIQUIDAMBAR STYRACIFLUA","perimeter_cm":56.0,"height":6.0,"municipal_x":441204.362,"municipal_y":4473253.671}},{"type":"Feature","id":"MAD-1657920","geometry":{"type":"Point","coordinates":[-3.7029314,40.4058292]},"properties":{"source":"madrid","assetnum":"1657920","district":"CENTRO","barrio":"EMBAJADORES","species_code":"SJA","species":"STYPHNOLOBIUM JAPONICUM","perimeter_cm":34.0,"height":9.0,"municipal_x":440354.463,"municipal_y":4473039.043}},{"type":"Feature","id":"MAD-1673692","geometry":{"type":"Point","coordinates":[-3.7003283,40.4062612]},"properties":{"source":"madrid","assetnum":"1673692","district":"CENTRO","barrio":"EMBAJADORES","species_code":"LJA","species":"LIGUSTRUM JAPONICUM","perimeter_cm":32.0,"height":9.0,"municipal_x":440575.722,"municipal_y":4473085.241}},{"type":"Feature","id":"MAD-1672058","geometry":{"type":"Point","coordinates":[-3.7006078,40.4065884]},"properties":{"source":"madrid","assetnum":"1672058","district":"CENTRO","barrio":"EMBAJADORES","species_code":"LJA","species":"LIGUSTRUM JAPONICUM","perimeter_cm":34.0,"height":8.0,"municipal_x":440552.297,"municipal_y":4473121.747}},{"type":"Feature","id":"MAD-1662076","geometry":{"type":"Point","coordinates":[-3.7072733,40.4063263]},"properties":{"source":"madrid","assetnum":"1662076","district":"CENTRO","barrio":"EMBAJADORES","species_code":"PDA","species":"PLATANUS X HISPANICA","perimeter_cm":58.0,"height":12.0,"municipal_x":439986.477,"municipal_y":4473097.154}},{"type":"Feature","id":"MAD-1669030","geometry":{"type":"Point","coordinates":[-3.7048553,40.4076939]},"properties":{"source":"madrid","assetnum":"1669030","district":"CENTRO","barrio":"EMBAJADORES","species_code":"LJA","species":"LIGUSTRUM JAPONICUM","perimeter_cm":49.0,"height":10.0,"municipal_x":440192.866,"municipal_y":4473247.326}},{"type":"Feature","id":"MAD-1663004","geometry":{"type":"Point","coordinates":[-3.7038193,40.4125144]},"properties":{"source":"madrid","assetnum":"1663004","district":"CENTRO","barrio":"EMBAJADORES","species_code":"RPS","species":"ROBINIA PSEUDOACACIA","perimeter_cm":86.0,"height":15.0,"municipal_x":440285.03,"municipal_y":4473781.697}},{"type":"Feature","id":"MAD-10202484","geometry":{"type":"Point","coordinates":[-3.7048644,40.4131041]},"properties":{"source":"madrid","assetnum":"10202484","district":"CENTRO","barrio":"EMBAJADORES","species_code":"CAU","species":"CELTIS AUSTRALIS","perimeter_cm":25.0,"height":5.0,"municipal_x":440196.879,"municipal_y":4473847.854}},{"type":"Feature","id":"MAD-9285529","geometry":{"type":"Point","coordinates":[-3.7026462,40.407812]},"properties":{"source":"madrid","assetnum":"9285529","district":"CENTRO","barrio":"EMBAJADORES","species_code":"PCP","species":"PRUNUS CERASIFERA  SUBSP. PISSARDII","perimeter_cm":16.0,"height":3.5,"municipal_x":440380.417,"municipal_y":4473258.935}},{"type":"Feature","id":"MAD-9875971","geometry":{"type":"Point","coordinates":[-3.7074495,40.4105865]},"properties":{"source":"madrid","assetnum":"9875971","district":"CENTRO","barrio":"EMBAJADORES","species_code":"LJA","species":"LIGUSTRUM JAPONICUM","perimeter_cm":14.0,"height":4.0,"municipal_x":439975.316,"municipal_y":4473570.156}},{"type":"Feature","id":"MAD-1660391","geometry":{"type":"Point","coordinates":[-3.7068103,40.4106214]},"properties":{"source":"madrid","assetnum":"1660391","district":"CENTRO","barrio":"EMBAJADORES","species_code":"LJA","species":"LIGUSTRUM JAPONICUM","perimeter_cm":54.0,"height":9.0,"municipal_x":440029.579,"municipal_y":4473573.594}},{"type":"Feature","id":"MAD-1668888","geometry":{"type":"Point","coordinates":[-3.7036441,40.4072695]},"properties":{"source":"madrid","assetnum":"1668888","district":"CENTRO","barrio":"EMBAJADORES","species_code":"CAU","species":"CELTIS AUSTRALIS","perimeter_cm":70.0,"height":9.0,"municipal_x":440295.265,"municipal_y":4473199.398}},{"type":"Feature","id":"MAD-1671994","geometry":{"type":"Point","coordinates":[-3.7005473,40.4064834]},"properties":{"source":"madrid","assetnum":"1671994","district":"CENTRO","barrio":"EMBAJADORES","species_code":"LJA","species":"LIGUSTRUM JAPONICUM","perimeter_cm":38.0,"height":9.0,"municipal_x":440557.341,"municipal_y":4473110.049}},{"type":"Feature","id":"MAD-1672513","geometry":{"type":"Point","coordinates":[-3.7029591,40.4056625]},"properties":{"source":"madrid","assetnum":"1672513","district":"CENTRO","barrio":"EMBAJADORES","species_code":"SJA","species":"STYPHNOLOBIUM JAPONICUM","perimeter_cm":46.0,"height":9.0,"municipal_x":440351.97,"municipal_y":4473020.557}},{"type":"Feature","id":"MAD-1654096","geometry":{"type":"Point","coordinates":[-3.702874,40.406913]},"properties":{"source":"madrid","assetnum":"1654096","district":"CENTRO","barrio":"EMBAJADORES","species_code":"LJA","species":"LIGUSTRUM JAPONICUM","perimeter_cm":38.0,"height":7.0,"municipal_x":440360.287,"municipal_y":4473159.302}},{"type":"Feature","id":"MAD-1682837","geometry":{"type":"Point","coordinates":[-3.6940489,40.4091694]},"properties":{"source":"madrid","assetnum":"1682837","district":"CENTRO","barrio":"EMBAJADORES","species_code":"LST","species":"LIQUIDAMBAR STYRACIFLUA","perimeter_cm":50.0,"height":10.0,"municipal_x":441111.082,"municipal_y":4473403.849}},{"type":"Feature","id":"MAD-1651859","geometry":{"type":"Point","coordinates":[-3.7030981,40.4095988]},"properties":{"source":"madrid","assetnum":"1651859","district":"CENTRO","barrio":"EMBAJADORES","species_code":"LJA","species":"LIGUSTRUM JAPONICUM","perimeter_cm":44.0,"height":10.0,"municipal_x":440343.65,"municipal_y":4473457.583}},{"type":"Feature","id":"MAD-1654004","geometry":{"type":"Point","coordinates":[-3.6993532,40.4118082]},"properties":{"source":"madrid","assetnum":"1654004","district":"CENTRO","barrio":"EMBAJADORES","species_code":"LJA","species":"LIGUSTRUM JAPONICUM","perimeter_cm":27.0,"height":6.0,"municipal_x":440663.338,"municipal_y":4473700.303}},{"type":"Feature","id":"MAD-1676780","geometry":{"type":"Point","coordinates":[-3.7058328,40.4065043]},"properties":{"source":"madrid","assetnum":"1676780","district":"CENTRO","barrio":"EMBAJADORES","species_code":"UPU","species":"ULMUS PUMILA","perimeter_cm":98.0,"height":12.0,"municipal_x":440108.873,"municipal_y":4473115.935}},{"type":"Feature","id":"MAD-1656783","geometry":{"type":"Point","coordinates":[-3.6941109,40.4094076]},"properties":{"source":"madrid","assetnum":"1656783","district":"CENTRO","barrio":"EMBAJADORES","species_code":"LJV","species":"LIGUSTRUM JAPONICUM 'VARIEGATUM'","perimeter_cm":26.0,"height":5.0,"municipal_x":441106.033,"municipal_y":4473430.332}},{"type":"Feature","id":"MAD-5174529","geometry":{"type":"Point","coordinates":[-3.704393,40.4102475]},"properties":{"source":"madrid","assetnum":"5174529","district":"CENTRO","barrio":"EMBAJADORES","species_code":"CAU","species":"CELTIS AUSTRALIS","perimeter_cm":16.0,"height":4.5,"municipal_x":440234.355,"municipal_y":4473530.454}},{"type":"Feature","id":"MAD-9042923","geometry":{"type":"Point","coordinates":[-3.7071504,40.4109089]},"properties":{"source":"madrid","assetnum":"9042923","district":"CENTRO","barrio":"EMBAJADORES","species_code":"LJA","species":"LIGUSTRUM JAPONICUM","perimeter_cm":16.0,"height":4.0,"municipal_x":440000.976,"municipal_y":4473605.746}},{"type":"Feature","id":"MAD-9968006","geometry":{"type":"Point","coordinates":[-3.7060936,40.4069744]},"properties":{"source":"madrid","assetnum":"9968006","district":"CENTRO","barrio":"EMBAJADORES","species_code":"AHI","species":"AESCULUS HIPPOCASTANUM","perimeter_cm":16.0,"height":2.7,"municipal_x":440087.156,"municipal_y":4473168.297}},{"type":"Feature","id":"MAD-1642739","geometry":{"type":"Point","coordinates":[-3.7087872,40.4065163]},"properties":{"source":"madrid","assetnum":"1642739","district":"CENTRO","barrio":"EMBAJADORES","species_code":"LIN","species":"LAGERSTROEMIA INDICA","perimeter_cm":22.0,"height":6.0,"municipal_x":439858.188,"municipal_y":4473119.282}},{"type":"Feature","id":"MAD-1684013","geometry":{"type":"Point","coordinates":[-3.7002772,40.411407]},"properties":{"source":"madrid","assetnum":"1684013","district":"CENTRO","barrio":"EMBAJADORES","species_code":"CASP","species":"CALLISTEMON SP","perimeter_cm":28.0,"height":7.0,"municipal_x":440584.584,"municipal_y":4473656.389}},{"type":"Feature","id":"MAD-1662114","geometry":{"type":"Point","coordinates":[-3.703967,40.4073905]},"properties":{"source":"madrid","assetnum":"1662114","district":"CENTRO","barrio":"EMBAJADORES","species_code":"SJA","species":"STYPHNOLOBIUM JAPONICUM","perimeter_cm":57.0,"height":12.0,"municipal_x":440267.969,"municipal_y":4473213.041}},{"type":"Feature","id":"MAD-1660542","geometry":{"type":"Point","coordinates":[-3.7058918,40.4107276]},"properties":{"source":"madrid","assetnum":"1660542","district":"CENTRO","barrio":"EMBAJADORES","species_code":"LJA","species":"LIGUSTRUM JAPONICUM","perimeter_cm":47.0,"height":10.0,"municipal_x":440107.61,"municipal_y":4473584.769}},{"type":"Feature","id":"MAD-1661829","geometry":{"type":"Point","coordinates":[-3.7081256,40.4065345]},"properties":{"source":"madrid","assetnum":"1661829","district":"CENTRO","barrio":"EMBAJADORES","species_code":"APL","species":"ACER PLATANOIDES","perimeter_cm":25.0,"height":7.0,"municipal_x":439914.345,"municipal_y":4473120.847}},{"type":"Feature","id":"MAD-1672523","geometry":{"type":"Point","coordinates":[-3.7071008,40.4101092]},"properties":{"source":"madrid","assetnum":"1672523","district":"CENTRO","barrio":"EMBAJADORES","species_code":"LJA","species":"LIGUSTRUM JAPONICUM","perimeter_cm":21.0,"height":4.0,"municipal_x":440004.48,"municipal_y":4473516.945}},{"type":"Feature","id":"MAD-1683775","geometry":{"type":"Point","coordinates":[-3.7009167,40.4087638]},"properties":{"source":"madrid","assetnum":"1683775","district":"CENTRO","barrio":"EMBAJADORES","species_code":"LJA","species":"LIGUSTRUM JAPONICUM","perimeter_cm":46.0,"height":5.0,"municipal_x":440528.005,"municipal_y":4473363.422}},{"type":"Feature","id":"MAD-1630071","geometry":{"type":"Point","coordinates":[-3.7027597,40.4079824]},"properties":{"source":"madrid","assetnum":"1630071","district":"CENTRO","barrio":"EMBAJADORES","species_code":"ANE","species":"ACER NEGUNDO","perimeter_cm":90.0,"height":9.0,"municipal_x":440370.93,"municipal_y":4473277.926}},{"type":"Feature","id":"MAD-1642294","geometry":{"type":"Point","coordinates":[-3.7102269,40.407156]},"properties":{"source":"madrid","assetnum":"1642294","district":"CENTRO","barrio":"EMBAJADORES","species_code":"ANE","species":"ACER NEGUNDO","perimeter_cm":20.0,"height":5.0,"municipal_x":439736.601,"municipal_y":4473191.269}},{"type":"Feature","id":"MAD-2063968","geometry":{"type":"Point","coordinates":[-3.6986453,40.4071686]},"properties":{"source":"madrid","assetnum":"2063968","district":"CENTRO","barrio":"EMBAJADORES","species_code":"LJV","species":"LIGUSTRUM JAPONICUM 'VARIEGATUM'","perimeter_cm":18.0,"height":4.5,"municipal_x":440719.327,"municipal_y":4473184.831}},{"type":"Feature","id":"MAD-9865247","geometry":{"type":"Point","coordinates":[-3.701019,40.4099537]},"properties":{"source":"madrid","assetnum":"9865247","district":"CENTRO","barrio":"EMBAJADORES","species_code":"RGE","species":"ROBINIA X MARGARETTA 'CASQUE ROUGE'","perimeter_cm":17.0,"height":5.9,"municipal_x":440520.367,"municipal_y":4473495.576}},{"type":"Feature","id":"MAD-6747307","geometry":{"type":"Point","coordinates":[-3.7061033,40.4059185]},"properties":{"source":"madrid","assetnum":"6747307","district":"CENTRO","barrio":"EMBAJADORES","species_code":"PAR","species":"PYRUS CALLERYANA 'CHANTICLEER'","perimeter_cm":18.0,"height":5.0,"municipal_x":440085.395,"municipal_y":4473051.101}},{"type":"Feature","id":"MAD-10174860","geometry":{"type":"Point","coordinates":[-3.6924398,40.4083296]},"properties":{"source":"madrid","assetnum":"10174860","district":"CENTRO","barrio":"EMBAJADORES","species_code":"LST","species":"LIQUIDAMBAR STYRACIFLUA","perimeter_cm":17.0,"height":6.0,"municipal_x":441246.885,"municipal_y":4473309.56}},{"type":"Feature","id":"MAD-1629794","geometry":{"type":"Point","coordinates":[-3.7051021,40.4057055]},"properties":{"source":"madrid","assetnum":"1629794","district":"CENTRO","barrio":"EMBAJADORES","species_code":"SJA","species":"STYPHNOLOBIUM JAPONICUM","perimeter_cm":40.0,"height":7.0,"municipal_x":440170.161,"municipal_y":4473026.777}},{"type":"Feature","id":"MAD-5037380","geometry":{"type":"Point","coordinates":[-3.6965101,40.4075692]},"properties":{"source":"madrid","assetnum":"5037380","district":"CENTRO","barrio":"EMBAJADORES","species_code":"SJA","species":"STYPHNOLOBIUM JAPONICUM","perimeter_cm":14.0,"height":3.8,"municipal_x":440900.85,"municipal_y":4473227.868}},{"type":"Feature","id":"MAD-1653470","geometry":{"type":"Point","coordinates":[-3.7026105,40.4070096]},"properties":{"source":"madrid","assetnum":"1653470","district":"CENTRO","barrio":"EMBAJADORES","species_code":"LJA","species":"LIGUSTRUM JAPONICUM","perimeter_cm":40.0,"height":8.0,"municipal_x":440382.731,"municipal_y":4473169.847}},{"type":"Feature","id":"MAD-1660983","geometry":{"type":"Point","coordinates":[-3.7082368,40.4092523]},"properties":{"source":"madrid","assetnum":"1660983","district":"CENTRO","barrio":"EMBAJADORES","species_code":"AHI","species":"AESCULUS HIPPOCASTANUM","perimeter_cm":79.0,"height":8.0,"municipal_x":439907.324,"municipal_y":4473422.594}},{"type":"Feature","id":"MAD-1653998","geometry":{"type":"Point","coordinates":[-3.6983923,40.406299]},"properties":{"source":"madrid","assetnum":"1653998","district":"CENTRO","barrio":"EMBAJADORES","species_code":"LJV","species":"LIGUSTRUM JAPONICUM 'VARIEGATUM'","perimeter_cm":18.0,"height":2.5,"municipal_x":440740.037,"municipal_y":4473088.135}},{"type":"Feature","id":"MAD-1673340","geometry":{"type":"Point","coordinates":[-3.6986188,40.4081547]},"properties":{"source":"madrid","assetnum":"1673340","district":"CENTRO","barrio":"EMBAJADORES","species_code":"SJA","species":"STYPHNOLOBIUM JAPONICUM","perimeter_cm":47.0,"height":8.0,"municipal_x":440722.443,"municipal_y":4473294.27}},{"type":"Feature","id":"MAD-1668981","geometry":{"type":"Point","coordinates":[-3.7082809,40.4061329]},"properties":{"source":"madrid","assetnum":"1668981","district":"CENTRO","barrio":"EMBAJADORES","species_code":"CAU","species":"CELTIS AUSTRALIS","perimeter_cm":70.0,"height":8.5,"municipal_x":439900.815,"municipal_y":4473076.378}},{"type":"Feature","id":"MAD-1651490","geometry":{"type":"Point","coordinates":[-3.7031345,40.4059381]},"properties":{"source":"madrid","assetnum":"1651490","district":"CENTRO","barrio":"EMBAJADORES","species_code":"UPU","species":"ULMUS PUMILA","perimeter_cm":148.0,"height":19.0,"municipal_x":440337.323,"municipal_y":4473051.263}},{"type":"Feature","id":"MAD-2066306","geometry":{"type":"Point","coordinates":[-3.7075201,40.411415]},"properties":{"source":"madrid","assetnum":"2066306","district":"CENTRO","barrio":"EMBAJADORES","species_code":"CAU","species":"CELTIS AUSTRALIS","perimeter_cm":18.0,"height":7.0,"municipal_x":439970.057,"municipal_y":4473662.173}},{"type":"Feature","id":"MAD-6963388","geometry":{"type":"Point","coordinates":[-3.7040732,40.4077631]},"properties":{"source":"madrid","assetnum":"6963388","district":"CENTRO","barrio":"EMBAJADORES","species_code":"AUM","species":"ACER BUERGERIANUM","perimeter_cm":18.0,"height":4.0,"municipal_x":440259.285,"municipal_y":4473254.48}},{"type":"Feature","id":"MAD-1668979","geometry":{"type":"Point","coordinates":[-3.7073053,40.4066401]},"properties":{"source":"madrid","assetnum":"1668979","district":"CENTRO","barrio":"EMBAJADORES","species_code":"PDA","species":"PLATANUS X HISPANICA","perimeter_cm":44.0,"height":10.0,"municipal_x":439984.042,"municipal_y":4473132.016}},{"type":"Feature","id":"MAD-1673222","geometry":{"type":"Point","coordinates":[-3.7072467,40.4101453]},"properties":{"source":"madrid","assetnum":"1673222","district":"CENTRO","barrio":"EMBAJADORES","species_code":"LJA","species":"LIGUSTRUM JAPONICUM","perimeter_cm":26.0,"height":5.0,"municipal_x":439992.131,"municipal_y":4473521.048}},{"type":"Feature","id":"MAD-1663193","geometry":{"type":"Point","coordinates":[-3.7072612,40.4086331]},"properties":{"source":"madrid","assetnum":"1663193","district":"CENTRO","barrio":"EMBAJADORES","species_code":"PDA","species":"PLATANUS X HISPANICA","perimeter_cm":121.0,"height":18.0,"municipal_x":439989.558,"municipal_y":4473353.209}},{"type":"Feature","id":"MAD-1661231","geometry":{"type":"Point","coordinates":[-3.707403,40.4089032]},"properties":{"source":"madrid","assetnum":"1661231","district":"CENTRO","barrio":"EMBAJADORES","species_code":"PDA","species":"PLATANUS X HISPANICA","perimeter_cm":139.0,"height":17.0,"municipal_x":439977.768,"municipal_y":4473383.279}},{"type":"Feature","id":"MAD-10150206","geometry":{"type":"Point","coordinates":[-3.7020249,40.4094823]},"properties":{"source":"madrid","assetnum":"10150206","district":"CENTRO","barrio":"EMBAJADORES","species_code":"PAR","species":"PYRUS CALLERYANA 'CHANTICLEER'","perimeter_cm":17.0,"height":3.1,"municipal_x":440434.606,"municipal_y":4473443.924}},{"type":"Feature","id":"MAD-9037391","geometry":{"type":"Point","coordinates":[-3.6991372,40.4116125]},"properties":{"source":"madrid","assetnum":"9037391","district":"CENTRO","barrio":"EMBAJADORES","species_code":"PCY","species":"PYRUS CALLERYANA","perimeter_cm":16.0,"height":5.0,"municipal_x":440681.488,"municipal_y":4473678.433}},{"type":"Feature","id":"MAD-1656778","geometry":{"type":"Point","coordinates":[-3.7015802,40.4133607]},"properties":{"source":"madrid","assetnum":"1656778","district":"CENTRO","barrio":"EMBAJADORES","species_code":"LJA","species":"LIGUSTRUM JAPONICUM","perimeter_cm":56.0,"height":9.0,"municipal_x":440475.753,"municipal_y":4473874.127}},{"type":"Feature","id":"MAD-9870466","geometry":{"type":"Point","coordinates":[-3.7037102,40.4083562]},"properties":{"source":"madrid","assetnum":"9870466","district":"CENTRO","barrio":"EMBAJADORES","species_code":"SJA","species":"STYPHNOLOBIUM JAPONICUM","perimeter_cm":17.0,"height":3.2,"municipal_x":440290.614,"municipal_y":4473320.064}},{"type":"Feature","id":"MAD-1668855","geometry":{"type":"Point","coordinates":[-3.7072926,40.4065669]},"properties":{"source":"madrid","assetnum":"1668855","district":"CENTRO","barrio":"EMBAJADORES","species_code":"PDA","species":"PLATANUS X HISPANICA","perimeter_cm":55.0,"height":12.0,"municipal_x":439985.06,"municipal_y":4473123.875}},{"type":"Feature","id":"MAD-1680334","geometry":{"type":"Point","coordinates":[-3.695414,40.4092422]},"properties":{"source":"madrid","assetnum":"1680334","district":"CENTRO","barrio":"EMBAJADORES","species_code":"AJU","species":"ALBIZIA JULIBRISSIN","perimeter_cm":14.0,"height":3.5,"municipal_x":440995.319,"municipal_y":4473412.835}},{"type":"Feature","id":"MAD-1683581","geometry":{"type":"Point","coordinates":[-3.7026832,40.4091306]},"properties":{"source":"madrid","assetnum":"1683581","district":"CENTRO","barrio":"EMBAJADORES","species_code":"LJA","species":"LIGUSTRUM JAPONICUM","perimeter_cm":57.0,"height":13.0,"municipal_x":440378.434,"municipal_y":4473405.325}},{"type":"Feature","id":"MAD-1654097","geometry":{"type":"Point","coordinates":[-3.6925023,40.4089405]},"properties":{"source":"madrid","assetnum":"1654097","district":"CENTRO","barrio":"EMBAJADORES","species_code":"PDA","species":"PLATANUS X HISPANICA","perimeter_cm":168.0,"height":20.0,"municipal_x":441242.111,"municipal_y":4473377.41}},{"type":"Feature","id":"MAD-1635728","geometry":{"type":"Point","coordinates":[-3.7049633,40.4060295]},"properties":{"source":"madrid","assetnum":"1635728","district":"CENTRO","barrio":"EMBAJADORES","species_code":"CAU","species":"CELTIS AUSTRALIS","perimeter_cm":180.0,"height":12.0,"municipal_x":440182.229,"municipal_y":4473062.647}},{"type":"Feature","id":"MAD-1682923","geometry":{"type":"Point","coordinates":[-3.6979895,40.408057]},"properties":{"source":"madrid","assetnum":"1682923","district":"CENTRO","barrio":"EMBAJADORES","species_code":"UPU","species":"ULMUS PUMILA","perimeter_cm":153.0,"height":19.0,"municipal_x":440775.753,"municipal_y":4473283.009}},{"type":"Feature","id":"MAD-2009853","geometry":{"type":"Point","coordinates":[-3.7030317,40.4068908]},"properties":{"source":"madrid","assetnum":"2009853","district":"CENTRO","barrio":"EMBAJADORES","species_code":"LJA","species":"LIGUSTRUM JAPONICUM","perimeter_cm":18.0,"height":5.0,"municipal_x":440346.893,"municipal_y":4473156.948}},{"type":"Feature","id":"MAD-2068402","geometry":{"type":"Point","coordinates":[-3.7033267,40.4085664]},"properties":{"source":"madrid","assetnum":"2068402","district":"CENTRO","barrio":"EMBAJADORES","species_code":"LJA","species":"LIGUSTRUM JAPONICUM","perimeter_cm":24.0,"height":5.0,"municipal_x":440323.342,"municipal_y":4473343.132}},{"type":"Feature","id":"MAD-1685120","geometry":{"type":"Point","coordinates":[-3.7069844,40.4060466]},"properties":{"source":"madrid","assetnum":"1685120","district":"CENTRO","barrio":"EMBAJADORES","species_code":"PDA","species":"PLATANUS X HISPANICA","perimeter_cm":66.0,"height":11.0,"municipal_x":440010.745,"municipal_y":4473065.914}},{"type":"Feature","id":"MAD-1671939","geometry":{"type":"Point","coordinates":[-3.7015151,40.4060735]},"properties":{"source":"madrid","assetnum":"1671939","district":"CENTRO","barrio":"EMBAJADORES","species_code":"LJA","species":"LIGUSTRUM JAPONICUM","perimeter_cm":37.0,"height":7.0,"municipal_x":440474.853,"municipal_y":4473065.2}},{"type":"Feature","id":"MAD-1676066","geometry":{"type":"Point","coordinates":[-3.7071199,40.406488]},"properties":{"source":"madrid","assetnum":"1676066","district":"CENTRO","barrio":"EMBAJADORES","species_code":"PDA","species":"PLATANUS X HISPANICA","perimeter_cm":59.0,"height":13.0,"municipal_x":439999.644,"municipal_y":4473115.008}},{"type":"Feature","id":"MAD-10202454","geometry":{"type":"Point","coordinates":[-3.7039172,40.4123788]},"properties":{"source":"madrid","assetnum":"10202454","district":"CENTRO","barrio":"EMBAJADORES","species_code":"PAR","species":"PYRUS CALLERYANA 'CHANTICLEER'","perimeter_cm":25.0,"height":5.0,"municipal_x":440276.607,"municipal_y":4473766.706}},{"type":"Feature","id":"MAD-1680330","geometry":{"type":"Point","coordinates":[-3.7013914,40.4060388]},"properties":{"source":"madrid","assetnum":"1680330","district":"CENTRO","barrio":"EMBAJADORES","species_code":"LJA","species":"LIGUSTRUM JAPONICUM","perimeter_cm":29.0,"height":6.0,"municipal_x":440485.323,"municipal_y":4473061.268}},{"type":"Feature","id":"MAD-7129819","geometry":{"type":"Point","coordinates":[-3.7032409,40.408443]},"properties":{"source":"madrid","assetnum":"7129819","district":"CENTRO","barrio":"EMBAJADORES","species_code":"LJA","species":"LIGUSTRUM JAPONICUM","perimeter_cm":24.0,"height":3.5,"municipal_x":440330.507,"municipal_y":4473329.381}},{"type":"Feature","id":"MAD-1643058","geometry":{"type":"Point","coordinates":[-3.7083219,40.4066156]},"properties":{"source":"madrid","assetnum":"1643058","district":"CENTRO","barrio":"EMBAJADORES","species_code":"RPS","species":"ROBINIA PSEUDOACACIA","perimeter_cm":114.0,"height":14.0,"municipal_x":439897.758,"municipal_y":4473129.98}},{"type":"Feature","id":"MAD-1683836","geometry":{"type":"Point","coordinates":[-3.7028917,40.4111864]},"properties":{"source":"madrid","assetnum":"1683836","district":"CENTRO","barrio":"EMBAJADORES","species_code":"RPS","species":"ROBINIA PSEUDOACACIA","perimeter_cm":53.0,"height":8.0,"municipal_x":440362.562,"municipal_y":4473633.667}},{"type":"Feature","id":"MAD-1672688","geometry":{"type":"Point","coordinates":[-3.7070845,40.410002]},"properties":{"source":"madrid","assetnum":"1672688","district":"CENTRO","barrio":"EMBAJADORES","species_code":"PDA","species":"PLATANUS X HISPANICA","perimeter_cm":140.0,"height":16.0,"municipal_x":440005.769,"municipal_y":4473505.03}},{"type":"Feature","id":"MAD-1674043","geometry":{"type":"Point","coordinates":[-3.7062413,40.4099613]},"properties":{"source":"madrid","assetnum":"1674043","district":"CENTRO","barrio":"EMBAJADORES","species_code":"LJA","species":"LIGUSTRUM JAPONICUM","perimeter_cm":42.0,"height":8.0,"municipal_x":440077.275,"municipal_y":4473499.937}},{"type":"Feature","id":"MAD-1680162","geometry":{"type":"Point","coordinates":[-3.7010487,40.4069865]},"properties":{"source":"madrid","assetnum":"1680162","district":"CENTRO","barrio":"EMBAJADORES","species_code":"PCP","species":"PRUNUS CERASIFERA  SUBSP. PISSARDII","perimeter_cm":38.0,"height":7.0,"municipal_x":440515.233,"municipal_y":4473166.232}},{"type":"Feature","id":"MAD-2063870","geometry":{"type":"Point","coordinates":[-3.6985465,40.4071952]},"properties":{"source":"madrid","assetnum":"2063870","district":"CENTRO","barrio":"EMBAJADORES","species_code":"LJV","species":"LIGUSTRUM JAPONICUM 'VARIEGATUM'","perimeter_cm":24.0,"height":4.5,"municipal_x":440727.739,"municipal_y":4473187.714}},{"type":"Feature","id":"MAD-1660296","geometry":{"type":"Point","coordinates":[-3.7067449,40.4070918]},"properties":{"source":"madrid","assetnum":"1660296","district":"CENTRO","barrio":"EMBAJADORES","species_code":"AHI","species":"AESCULUS HIPPOCASTANUM","perimeter_cm":71.0,"height":11.0,"municipal_x":440031.997,"municipal_y":4473181.774}},{"type":"Feature","id":"MAD-1661233","geometry":{"type":"Point","coordinates":[-3.7073303,40.4070507]},"properties":{"source":"madrid","assetnum":"1661233","district":"CENTRO","barrio":"EMBAJADORES","species_code":"PDA","species":"PLATANUS X HISPANICA","perimeter_cm":198.0,"height":18.0,"municipal_x":439982.288,"municipal_y":4473177.606}},{"type":"Feature","id":"MAD-7129818","geometry":{"type":"Point","coordinates":[-3.6985714,40.4113399]},"properties":{"source":"madrid","assetnum":"7129818","district":"CENTRO","barrio":"EMBAJADORES","species_code":"LJA","species":"LIGUSTRUM JAPONICUM","perimeter_cm":30.0,"height":3.5,"municipal_x":440729.257,"municipal_y":4473647.791}},{"type":"Feature","id":"MAD-1656293","geometry":{"type":"Point","coordinates":[-3.6993408,40.4082709]},"properties":{"source":"madrid","assetnum":"1656293","district":"CENTRO","barrio":"EMBAJADORES","species_code":"SJA","species":"STYPHNOLOBIUM JAPONICUM","perimeter_cm":107.0,"height":12.0,"municipal_x":440661.284,"municipal_y":4473307.651}},{"type":"Feature","id":"MAD-1656895","geometry":{"type":"Point","coordinates":[-3.6997472,40.4064265]},"properties":{"source":"madrid","assetnum":"1656895","district":"CENTRO","barrio":"EMBAJADORES","species_code":"LJA","species":"LIGUSTRUM JAPONICUM","perimeter_cm":39.0,"height":8.0,"municipal_x":440625.18,"municipal_y":4473103.2}},{"type":"Feature","id":"MAD-9389883","geometry":{"type":"Point","coordinates":[-3.7079789,40.4093171]},"properties":{"source":"madrid","assetnum":"9389883","district":"CENTRO","barrio":"EMBAJADORES","species_code":"AHI","species":"AESCULUS HIPPOCASTANUM","perimeter_cm":14.0,"height":3.0,"municipal_x":439929.27,"municipal_y":4473429.612}},{"type":"Feature","id":"MAD-9928308","geometry":{"type":"Point","coordinates":[-3.7061342,40.4106473]},"properties":{"source":"madrid","assetnum":"9928308","district":"CENTRO","barrio":"EMBAJADORES","species_code":"LJA","species":"LIGUSTRUM JAPONICUM","perimeter_cm":16.0,"height":4.1,"municipal_x":440086.97,"municipal_y":4473576.019}},{"type":"Feature","id":"MAD-1636385","geometry":{"type":"Point","coordinates":[-3.7106756,40.407251]},"properties":{"source":"madrid","assetnum":"1636385","district":"CENTRO","barrio":"EMBAJADORES","species_code":"ANE","species":"ACER NEGUNDO","perimeter_cm":90.0,"height":10.0,"municipal_x":439698.613,"municipal_y":4473202.115}},{"type":"Feature","id":"MAD-1670985","geometry":{"type":"Point","coordinates":[-3.7036566,40.4068498]},"properties":{"source":"madrid","assetnum":"1670985","district":"CENTRO","barrio":"EMBAJADORES","species_code":"SJA","species":"STYPHNOLOBIUM JAPONICUM","perimeter_cm":73.0,"height":14.0,"municipal_x":440293.827,"municipal_y":4473152.821}},{"type":"Feature","id":"MAD-1683464","geometry":{"type":"Point","coordinates":[-3.702654,40.4070574]},"properties":{"source":"madrid","assetnum":"1683464","district":"CENTRO","barrio":"EMBAJADORES","species_code":"LJA","species":"LIGUSTRUM JAPONICUM","perimeter_cm":44.0,"height":8.0,"municipal_x":440379.089,"municipal_y":4473175.183}},{"type":"Feature","id":"MAD-10202440","geometry":{"type":"Point","coordinates":[-3.7063005,40.4129767]},"properties":{"source":"madrid","assetnum":"10202440","district":"CENTRO","barrio":"EMBAJADORES","species_code":"SJA","species":"STYPHNOLOBIUM JAPONICUM","perimeter_cm":24.0,"height":5.0,"municipal_x":440074.929,"municipal_y":4473834.69}},{"type":"Feature","id":"MAD-1644393","geometry":{"type":"Point","coordinates":[-3.704167,40.4068175]},"properties":{"source":"madrid","assetnum":"1644393","district":"CENTRO","barrio":"EMBAJADORES","species_code":"MEA","species":"MELIA AZEDARACH","perimeter_cm":45.0,"height":7.0,"municipal_x":440250.496,"municipal_y":4473149.579}},{"type":"Feature","id":"MAD-1661583","geometry":{"type":"Point","coordinates":[-3.7072255,40.409947]},"properties":{"source":"madrid","assetnum":"1661583","district":"CENTRO","barrio":"EMBAJADORES","species_code":"LJA","species":"LIGUSTRUM JAPONICUM","perimeter_cm":58.0,"height":9.0,"municipal_x":439993.75,"municipal_y":4473499.025}},{"type":"Feature","id":"MAD-9345724","geometry":{"type":"Point","coordinates":[-3.6973837,40.4075441]},"properties":{"source":"madrid","assetnum":"9345724","district":"CENTRO","barrio":"EMBAJADORES","species_code":"LJV","species":"LIGUSTRUM JAPONICUM 'VARIEGATUM'","perimeter_cm":14.0,"height":2.8,"municipal_x":440826.705,"municipal_y":4473225.67}},{"type":"Feature","id":"MAD-1631259","geometry":{"type":"Point","coordinates":[-3.7055344,40.4064736]},"properties":{"source":"madrid","assetnum":"1631259","district":"CENTRO","barrio":"EMBAJADORES","species_code":"PDA","species":"PLATANUS X HISPANICA","perimeter_cm":59.0,"height":10.0,"municipal_x":440134.159,"municipal_y":4473112.327}},{"type":"Feature","id":"MAD-1659876","geometry":{"type":"Point","coordinates":[-3.6927901,40.4085162]},"properties":{"source":"madrid","assetnum":"1659876","district":"CENTRO","barrio":"EMBAJADORES","species_code":"PDA","species":"PLATANUS X HISPANICA","perimeter_cm":133.0,"height":18.0,"municipal_x":441217.322,"municipal_y":4473330.503}},{"type":"Feature","id":"MAD-9101073","geometry":{"type":"Point","coordinates":[-3.695567,40.4099257]},"properties":{"source":"madrid","assetnum":"9101073","district":"CENTRO","barrio":"EMBAJADORES","species_code":"PCP","species":"PRUNUS CERASIFERA  SUBSP. PISSARDII","perimeter_cm":18.0,"height":5.0,"municipal_x":440982.938,"municipal_y":4473488.806}},{"type":"Feature","id":"MAD-1653294","geometry":{"type":"Point","coordinates":[-3.7003017,40.4057763]},"properties":{"source":"madrid","assetnum":"1653294","district":"CENTRO","barrio":"EMBAJADORES","species_code":"ANE","species":"ACER NEGUNDO","perimeter_cm":66.0,"height":9.0,"municipal_x":440577.557,"municipal_y":4473031.396}},{"type":"Feature","id":"MAD-1657187","geometry":{"type":"Point","coordinates":[-3.7034397,40.4140909]},"properties":{"source":"madrid","assetnum":"1657187","district":"CENTRO","barrio":"EMBAJADORES","species_code":"AHI","species":"AESCULUS HIPPOCASTANUM","perimeter_cm":52.0,"height":7.0,"municipal_x":440318.63,"municipal_y":4473956.427}},{"type":"Feature","id":"MAD-1653137","geometry":{"type":"Point","coordinates":[-3.6992038,40.4081342]},"properties":{"source":"madrid","assetnum":"1653137","district":"CENTRO","barrio":"EMBAJADORES","species_code":"SJA","species":"STYPHNOLOBIUM JAPONICUM","perimeter_cm":42.0,"height":9.0,"municipal_x":440672.784,"municipal_y":4473292.39}},{"type":"Feature","id":"MAD-1680262","geometry":{"type":"Point","coordinates":[-3.6936987,40.4096637]},"properties":{"source":"madrid","assetnum":"1680262","district":"CENTRO","barrio":"EMBAJADORES","species_code":"PDA","species":"PLATANUS X HISPANICA","perimeter_cm":111.0,"height":10.0,"municipal_x":441141.228,"municipal_y":4473458.482}},{"type":"Feature","id":"MAD-1679607","geometry":{"type":"Point","coordinates":[-3.6927203,40.4092385]},"properties":{"source":"madrid","assetnum":"1679607","district":"CENTRO","barrio":"EMBAJADORES","species_code":"PDA","species":"PLATANUS X HISPANICA","perimeter_cm":188.0,"height":17.0,"municipal_x":441223.876,"municipal_y":4473410.627}},{"type":"Feature","id":"MAD-1655277","geometry":{"type":"Point","coordinates":[-3.6991199,40.4070468]},"properties":{"source":"madrid","assetnum":"1655277","district":"CENTRO","barrio":"EMBAJADORES","species_code":"LTM","species":"LIGUSTRUM OVALIFOLIUM 'VARIEGATUM'","perimeter_cm":25.0,"height":6.0,"municipal_x":440678.953,"municipal_y":4473171.627}},{"type":"Feature","id":"MAD-1656297","geometry":{"type":"Point","coordinates":[-3.7028893,40.405728]},"properties":{"source":"madrid","assetnum":"1656297","district":"CENTRO","barrio":"EMBAJADORES","species_code":"SJA","species":"STYPHNOLOBIUM JAPONICUM","perimeter_cm":71.0,"height":13.0,"municipal_x":440357.951,"municipal_y":4473027.776}},{"type":"Feature","id":"MAD-1653471","geometry":{"type":"Point","coordinates":[-3.6925414,40.4088915]},"properties":{"source":"madrid","assetnum":"1653471","district":"CENTRO","barrio":"EMBAJADORES","species_code":"PDA","species":"PLATANUS X HISPANICA","perimeter_cm":138.0,"height":18.0,"municipal_x":441238.751,"municipal_y":4473372.0}},{"type":"Feature","id":"MAD-1657918","geometry":{"type":"Point","coordinates":[-3.7023678,40.4137202]},"properties":{"source":"madrid","assetnum":"1657918","district":"CENTRO","barrio":"EMBAJADORES","species_code":"AHI","species":"AESCULUS HIPPOCASTANUM","perimeter_cm":45.0,"height":8.0,"municipal_x":440409.25,"municipal_y":4473914.564}},{"type":"Feature","id":"MAD-1659831","geometry":{"type":"Point","coordinates":[-3.7068673,40.4062647]},"properties":{"source":"madrid","assetnum":"1659831","district":"CENTRO","barrio":"EMBAJADORES","species_code":"CAU","species":"CELTIS AUSTRALIS","perimeter_cm":17.0,"height":4.5,"municipal_x":440020.875,"municipal_y":4473090.047}},{"type":"Feature","id":"MAD-1680738","geometry":{"type":"Point","coordinates":[-3.698477,40.4114525]},"properties":{"source":"madrid","assetnum":"1680738","district":"CENTRO","barrio":"EMBAJADORES","species_code":"LJA","species":"LIGUSTRUM JAPONICUM","perimeter_cm":15.0,"height":5.5,"municipal_x":440737.368,"municipal_y":4473660.23}},{"type":"Feature","id":"MAD-1661003","geometry":{"type":"Point","coordinates":[-3.7072582,40.4087431]},"properties":{"source":"madrid","assetnum":"1661003","district":"CENTRO","barrio":"EMBAJADORES","species_code":"PDA","species":"PLATANUS X HISPANICA","perimeter_cm":60.0,"height":14.0,"municipal_x":439989.908,"municipal_y":4473365.409}},{"type":"Feature","id":"MAD-2060963","geometry":{"type":"Point","coordinates":[-3.7037872,40.4097333]},"properties":{"source":"madrid","assetnum":"2060963","district":"CENTRO","barrio":"EMBAJADORES","species_code":"PCY","species":"PYRUS CALLERYANA","perimeter_cm":33.0,"height":4.0,"municipal_x":440285.296,"municipal_y":4473472.977}},{"type":"Feature","id":"MAD-1683786","geometry":{"type":"Point","coordinates":[-3.7027089,40.4070328]},"properties":{"source":"madrid","assetnum":"1683786","district":"CENTRO","barrio":"EMBAJADORES","species_code":"LJA","species":"LIGUSTRUM JAPONICUM","perimeter_cm":33.0,"height":7.0,"municipal_x":440374.402,"municipal_y":4473172.493}},{"type":"Feature","id":"MAD-1682880","geometry":{"type":"Point","coordinates":[-3.7033034,40.4064037]},"properties":{"source":"madrid","assetnum":"1682880","district":"CENTRO","barrio":"EMBAJADORES","species_code":"SJA","species":"STYPHNOLOBIUM JAPONICUM","perimeter_cm":39.0,"height":8.0,"municipal_x":440323.405,"municipal_y":4473103.06}},{"type":"Feature","id":"MAD-1657846","geometry":{"type":"Point","coordinates":[-3.7033115,40.4127891]},"properties":{"source":"madrid","assetnum":"1657846","district":"CENTRO","barrio":"EMBAJADORES","species_code":"LJA","species":"LIGUSTRUM JAPONICUM","perimeter_cm":46.0,"height":8.5,"municipal_x":440328.363,"municipal_y":4473811.848}},{"type":"Feature","id":"MAD-1651821","geometry":{"type":"Point","coordinates":[-3.7008349,40.411527]},"properties":{"source":"madrid","assetnum":"1651821","district":"CENTRO","barrio":"EMBAJADORES","species_code":"UMI","species":"ULMUS MINOR","perimeter_cm":64.0,"height":13.0,"municipal_x":440537.376,"municipal_y":4473670.086}},{"type":"Feature","id":"MAD-1661047","geometry":{"type":"Point","coordinates":[-3.7029481,40.4058612]},"properties":{"source":"madrid","assetnum":"1661047","district":"CENTRO","barrio":"EMBAJADORES","species_code":"SJA","species":"STYPHNOLOBIUM JAPONICUM","perimeter_cm":30.0,"height":9.0,"municipal_x":440353.073,"municipal_y":4473042.603}},{"type":"Feature","id":"MAD-1663508","geometry":{"type":"Point","coordinates":[-3.7072782,40.4063743]},"properties":{"source":"madrid","assetnum":"1663508","district":"CENTRO","barrio":"EMBAJADORES","species_code":"PDA","species":"PLATANUS X HISPANICA","perimeter_cm":62.0,"height":12.0,"municipal_x":439986.109,"municipal_y":4473102.494}},{"type":"Feature","id":"MAD-1682972","geometry":{"type":"Point","coordinates":[-3.6982859,40.4079873]},"properties":{"source":"madrid","assetnum":"1682972","district":"CENTRO","barrio":"EMBAJADORES","species_code":"SJA","species":"STYPHNOLOBIUM JAPONICUM","perimeter_cm":30.0,"height":6.0,"municipal_x":440750.543,"municipal_y":4473275.469}},{"type":"Feature","id":"MAD-1629280","geometry":{"type":"Point","coordinates":[-3.7030857,40.4075301]},"properties":{"source":"madrid","assetnum":"1629280","district":"CENTRO","barrio":"EMBAJADORES","species_code":"LJA","species":"LIGUSTRUM JAPONICUM","perimeter_cm":26.0,"height":3.0,"municipal_x":440342.871,"municipal_y":4473227.946}},{"type":"Feature","id":"MAD-2061077","geometry":{"type":"Point","coordinates":[-3.7027385,40.4108187]},"properties":{"source":"madrid","assetnum":"2061077","district":"CENTRO","barrio":"EMBAJADORES","species_code":"PCY","species":"PYRUS CALLERYANA","perimeter_cm":16.0,"height":5.5,"municipal_x":440375.237,"municipal_y":4473592.749}},{"type":"Feature","id":"MAD-1680114","geometry":{"type":"Point","coordinates":[-3.6957946,40.4073338]},"properties":{"source":"madrid","assetnum":"1680114","district":"CENTRO","barrio":"EMBAJADORES","species_code":"SJA","species":"STYPHNOLOBIUM JAPONICUM","perimeter_cm":28.0,"height":7.0,"municipal_x":440961.361,"municipal_y":4473201.256}},{"type":"Feature","id":"MAD-1683110","geometry":{"type":"Point","coordinates":[-3.696654,40.4078451]},"properties":{"source":"madrid","assetnum":"1683110","district":"CENTRO","barrio":"EMBAJADORES","species_code":"UPU","species":"ULMUS PUMILA","perimeter_cm":118.0,"height":16.0,"municipal_x":440888.889,"municipal_y":4473258.586}},{"type":"Feature","id":"MAD-1684543","geometry":{"type":"Point","coordinates":[-3.6943293,40.4090554]},"properties":{"source":"madrid","assetnum":"1684543","district":"CENTRO","barrio":"EMBAJADORES","species_code":"LST","species":"LIQUIDAMBAR STYRACIFLUA","perimeter_cm":49.0,"height":9.0,"municipal_x":441087.197,"municipal_y":4473391.382}},{"type":"Feature","id":"MAD-1663194","geometry":{"type":"Point","coordinates":[-3.7074072,40.4086515]},"properties":{"source":"madrid","assetnum":"1663194","district":"CENTRO","barrio":"EMBAJADORES","species_code":"PDA","species":"PLATANUS X HISPANICA","perimeter_cm":112.0,"height":18.0,"municipal_x":439977.184,"municipal_y":4473355.344}},{"type":"Feature","id":"MAD-1651592","geometry":{"type":"Point","coordinates":[-3.6963435,40.4076163]},"properties":{"source":"madrid","assetnum":"1651592","district":"CENTRO","barrio":"EMBAJADORES","species_code":"SJA","species":"STYPHNOLOBIUM JAPONICUM","perimeter_cm":38.0,"height":8.0,"municipal_x":440915.032,"municipal_y":4473232.987}},{"type":"Feature","id":"MAD-1661244","geometry":{"type":"Point","coordinates":[-3.705076,40.4087383]},"properties":{"source":"madrid","assetnum":"1661244","district":"CENTRO","barrio":"EMBAJADORES","species_code":"SJA","species":"STYPHNOLOBIUM JAPONICUM","perimeter_cm":57.0,"height":11.0,"municipal_x":440175.067,"municipal_y":4473363.397}},{"type":"Feature","id":"MAD-1659738","geometry":{"type":"Point","coordinates":[-3.7106645,40.408391]},"properties":{"source":"madrid","assetnum":"1659738","district":"CENTRO","barrio":"EMBAJADORES","species_code":"LJA","species":"LIGUSTRUM JAPONICUM","perimeter_cm":34.0,"height":7.5,"municipal_x":439700.568,"municipal_y":4473328.65}},{"type":"Feature","id":"MAD-9101104","geometry":{"type":"Point","coordinates":[-3.6957369,40.4101431]},"properties":{"source":"madrid","assetnum":"9101104","district":"CENTRO","barrio":"EMBAJADORES","species_code":"PCP","species":"PRUNUS CERASIFERA  SUBSP. PISSARDII","perimeter_cm":18.0,"height":5.0,"municipal_x":440968.714,"municipal_y":4473513.057}},{"type":"Feature","id":"MAD-1659772","geometry":{"type":"Point","coordinates":[-3.7072037,40.4075305]},"properties":{"source":"madrid","assetnum":"1659772","district":"CENTRO","barrio":"EMBAJADORES","species_code":"PDA","species":"PLATANUS X HISPANICA","perimeter_cm":152.0,"height":18.0,"municipal_x":439993.456,"municipal_y":4473230.778}},{"type":"Feature","id":"MAD-1683937","geometry":{"type":"Point","coordinates":[-3.7032306,40.4074496]},"properties":{"source":"madrid","assetnum":"1683937","district":"CENTRO","barrio":"EMBAJADORES","species_code":"UJA","species":"ULMUS DAVIDIANA VAR. JAPONICA","perimeter_cm":66.0,"height":9.0,"municipal_x":440330.507,"municipal_y":4473219.112}},{"type":"Feature","id":"MAD-9101066","geometry":{"type":"Point","coordinates":[-3.6974479,40.4110252]},"properties":{"source":"madrid","assetnum":"9101066","district":"CENTRO","barrio":"EMBAJADORES","species_code":"PCP","species":"PRUNUS CERASIFERA  SUBSP. PISSARDII","perimeter_cm":18.0,"height":5.0,"municipal_x":440824.304,"municipal_y":4473612.106}},{"type":"Feature","id":"MAD-1676779","geometry":{"type":"Point","coordinates":[-3.7060901,40.4064214]},"properties":{"source":"madrid","assetnum":"1676779","district":"CENTRO","barrio":"EMBAJADORES","species_code":"UPU","species":"ULMUS PUMILA","perimeter_cm":62.0,"height":11.0,"municipal_x":440086.965,"municipal_y":4473106.912}},{"type":"Feature","id":"MAD-1672342","geometry":{"type":"Point","coordinates":[-3.7022405,40.4096574]},"properties":{"source":"madrid","assetnum":"1672342","district":"CENTRO","barrio":"EMBAJADORES","species_code":"UPU","species":"ULMUS PUMILA","perimeter_cm":124.0,"height":17.0,"municipal_x":440416.466,"municipal_y":4473463.502}},{"type":"Feature","id":"MAD-1681946","geometry":{"type":"Point","coordinates":[-3.6954123,40.4104131]},"properties":{"source":"madrid","assetnum":"1681946","district":"CENTRO","barrio":"EMBAJADORES","species_code":"PDA","species":"PLATANUS X HISPANICA","perimeter_cm":93.0,"height":18.0,"municipal_x":440996.487,"municipal_y":4473542.811}},{"type":"Feature","id":"MAD-1636298","geometry":{"type":"Point","coordinates":[-3.7047718,40.4059922]},"properties":{"source":"madrid","assetnum":"1636298","district":"CENTRO","barrio":"EMBAJADORES","species_code":"FCA","species":"FICUS CARICA","perimeter_cm":113.0,"height":8.0,"municipal_x":440198.447,"municipal_y":4473058.379}},{"type":"Feature","id":"MAD-5174460","geometry":{"type":"Point","coordinates":[-3.6980805,40.4080701]},"properties":{"source":"madrid","assetnum":"5174460","district":"CENTRO","barrio":"EMBAJADORES","species_code":"SJA","species":"STYPHNOLOBIUM JAPONICUM","perimeter_cm":16.0,"height":4.15,"municipal_x":440768.039,"municipal_y":4473284.518}},{"type":"Feature","id":"MAD-1651701","geometry":{"type":"Point","coordinates":[-3.6961896,40.4075414]},"properties":{"source":"madrid","assetnum":"1651701","district":"CENTRO","barrio":"EMBAJADORES","species_code":"SJA","species":"STYPHNOLOBIUM JAPONICUM","perimeter_cm":52.0,"height":11.0,"municipal_x":440928.028,"municipal_y":4473224.569}},{"type":"Feature","id":"MAD-1650946","geometry":{"type":"Point","coordinates":[-3.7035451,40.4098202]},"properties":{"source":"madrid","assetnum":"1650946","district":"CENTRO","barrio":"EMBAJADORES","species_code":"KPA","species":"KOELREUTERIA PANICULATA","perimeter_cm":38.0,"height":5.0,"municipal_x":440305.916,"municipal_y":4473482.458}},{"type":"Feature","id":"MAD-1644557","geometry":{"type":"Point","coordinates":[-3.7050993,40.4063542]},"properties":{"source":"madrid","assetnum":"1644557","district":"CENTRO","barrio":"EMBAJADORES","species_code":"CAU","species":"CELTIS AUSTRALIS","perimeter_cm":60.0,"height":8.0,"municipal_x":440170.978,"municipal_y":4473098.777}},{"type":"Feature","id":"MAD-1680117","geometry":{"type":"Point","coordinates":[-3.6970524,40.4100463]},"properties":{"source":"madrid","assetnum":"1680117","district":"CENTRO","barrio":"EMBAJADORES","species_code":"AJU","species":"ALBIZIA JULIBRISSIN","perimeter_cm":26.0,"height":5.0,"municipal_x":440857.009,"municipal_y":4473503.184}},{"type":"Feature","id":"MAD-9101107","geometry":{"type":"Point","coordinates":[-3.6958622,40.4102075]},"properties":{"source":"madrid","assetnum":"9101107","district":"CENTRO","barrio":"EMBAJADORES","species_code":"PCP","species":"PRUNUS CERASIFERA  SUBSP. PISSARDII","perimeter_cm":18.0,"height":5.0,"municipal_x":440958.132,"municipal_y":4473520.287}},{"type":"Feature","id":"MAD-1676232","geometry":{"type":"Point","coordinates":[-3.698625,40.4112382]},"properties":{"source":"madrid","assetnum":"1676232","district":"CENTRO","barrio":"EMBAJADORES","species_code":"AJU","species":"ALBIZIA JULIBRISSIN","perimeter_cm":18.0,"height":4.5,"municipal_x":440724.625,"municipal_y":4473636.54}},{"type":"Feature","id":"MAD-9387188","geometry":{"type":"Point","coordinates":[-3.7003744,40.4113463]},"properties":{"source":"madrid","assetnum":"9387188","district":"CENTRO","barrio":"EMBAJADORES","species_code":"RGE","species":"ROBINIA X MARGARETTA 'CASQUE ROUGE'","perimeter_cm":20.0,"height":6.0,"municipal_x":440576.284,"municipal_y":4473649.714}},{"type":"Feature","id":"MAD-1635699","geometry":{"type":"Point","coordinates":[-3.7057666,40.4059894]},"properties":{"source":"madrid","assetnum":"1635699","district":"CENTRO","barrio":"EMBAJADORES","species_code":"CDE","species":"CEDRUS DEODARA","perimeter_cm":180.0,"height":15.0,"municipal_x":440114.028,"municipal_y":4473058.744}},{"type":"Feature","id":"MAD-1671983","geometry":{"type":"Point","coordinates":[-3.7006559,40.4068099]},"properties":{"source":"madrid","assetnum":"1671983","district":"CENTRO","barrio":"EMBAJADORES","species_code":"LJA","species":"LIGUSTRUM JAPONICUM","perimeter_cm":32.0,"height":10.0,"municipal_x":440548.413,"municipal_y":4473146.361}},{"type":"Feature","id":"MAD-1652331","geometry":{"type":"Point","coordinates":[-3.699162,40.406088]},"properties":{"source":"madrid","assetnum":"1652331","district":"CENTRO","barrio":"EMBAJADORES","species_code":"LJV","species":"LIGUSTRUM JAPONICUM 'VARIEGATUM'","perimeter_cm":18.0,"height":2.5,"municipal_x":440674.538,"municipal_y":4473065.233}},{"type":"Feature","id":"MAD-1660417","geometry":{"type":"Point","coordinates":[-3.702717,40.4107548]},"properties":{"source":"madrid","assetnum":"1660417","district":"CENTRO","barrio":"EMBAJADORES","species_code":"PCY","species":"PYRUS CALLERYANA","perimeter_cm":23.0,"height":8.0,"municipal_x":440377.001,"municipal_y":4473585.634}},{"type":"Feature","id":"MAD-10202497","geometry":{"type":"Point","coordinates":[-3.7039687,40.4123962]},"properties":{"source":"madrid","assetnum":"10202497","district":"CENTRO","barrio":"EMBAJADORES","species_code":"APL","species":"ACER PLATANOIDES","perimeter_cm":25.0,"height":5.0,"municipal_x":440272.254,"municipal_y":4473768.675}},{"type":"Feature","id":"MAD-10202489","geometry":{"type":"Point","coordinates":[-3.7047689,40.4133557]},"properties":{"source":"madrid","assetnum":"10202489","district":"CENTRO","barrio":"EMBAJADORES","species_code":"CAU","species":"CELTIS AUSTRALIS","perimeter_cm":25.0,"height":5.0,"municipal_x":440205.211,"municipal_y":4473875.718}},{"type":"Feature","id":"MAD-1683434","geometry":{"type":"Point","coordinates":[-3.7019754,40.4094192]},"properties":{"source":"madrid","assetnum":"1683434","district":"CENTRO","barrio":"EMBAJADORES","species_code":"RPS","species":"ROBINIA PSEUDOACACIA","perimeter_cm":47.0,"height":10.0,"municipal_x":440438.746,"municipal_y":4473436.884}},{"type":"Feature","id":"MAD-1663357","geometry":{"type":"Point","coordinates":[-3.7049253,40.4125892]},"properties":{"source":"madrid","assetnum":"1663357","district":"CENTRO","barrio":"EMBAJADORES","species_code":"RPS","species":"ROBINIA PSEUDOACACIA","perimeter_cm":52.0,"height":9.0,"municipal_x":440191.263,"municipal_y":4473790.747}},{"type":"Feature","id":"MAD-10202631","geometry":{"type":"Point","coordinates":[-3.6998147,40.4107485]},"properties":{"source":"madrid","assetnum":"10202631","district":"CENTRO","barrio":"EMBAJADORES","species_code":"AMO","species":"ACER MONSPESSULANUM","perimeter_cm":18.0,"height":4.0,"municipal_x":440623.252,"municipal_y":4473582.978}},{"type":"Feature","id":"MAD-1635825","geometry":{"type":"Point","coordinates":[-3.704946,40.406311]},"properties":{"source":"madrid","assetnum":"1635825","district":"CENTRO","barrio":"EMBAJADORES","species_code":"CAU","species":"CELTIS AUSTRALIS","perimeter_cm":75.0,"height":7.0,"municipal_x":440183.943,"municipal_y":4473093.888}},{"type":"Feature","id":"MAD-1680213","geometry":{"type":"Point","coordinates":[-3.6935872,40.407764]},"properties":{"source":"madrid","assetnum":"1680213","district":"CENTRO","barrio":"EMBAJADORES","species_code":"PDA","species":"PLATANUS X HISPANICA","perimeter_cm":154.0,"height":17.0,"municipal_x":441149.031,"municipal_y":4473247.544}},{"type":"Feature","id":"MAD-9331239","geometry":{"type":"Point","coordinates":[-3.7017518,40.4111129]},"properties":{"source":"madrid","assetnum":"9331239","district":"CENTRO","barrio":"EMBAJADORES","species_code":"LJA","species":"LIGUSTRUM JAPONICUM","perimeter_cm":16.0,"height":4.0,"municipal_x":440459.215,"municipal_y":4473624.739}},{"type":"Feature","id":"MAD-1635146","geometry":{"type":"Point","coordinates":[-3.7051984,40.4057429]},"properties":{"source":"madrid","assetnum":"1635146","district":"CENTRO","barrio":"EMBAJADORES","species_code":"SJA","species":"STYPHNOLOBIUM JAPONICUM","perimeter_cm":74.0,"height":9.0,"municipal_x":440162.026,"municipal_y":4473030.992}},{"type":"Feature","id":"MAD-9380102","geometry":{"type":"Point","coordinates":[-3.6983161,40.4108097]},"properties":{"source":"madrid","assetnum":"9380102","district":"CENTRO","barrio":"EMBAJADORES","species_code":"AJU","species":"ALBIZIA JULIBRISSIN","perimeter_cm":18.0,"height":8.2,"municipal_x":440750.457,"municipal_y":4473588.766}},{"type":"Feature","id":"MAD-1630033","geometry":{"type":"Point","coordinates":[-3.705009,40.405589]},"properties":{"source":"madrid","assetnum":"1630033","district":"CENTRO","barrio":"EMBAJADORES","species_code":"SJA","species":"STYPHNOLOBIUM JAPONICUM","perimeter_cm":119.0,"height":10.0,"municipal_x":440177.958,"municipal_y":4473013.78}},{"type":"Feature","id":"MAD-5127897","geometry":{"type":"Point","coordinates":[-3.6972054,40.406628]},"properties":{"source":"madrid","assetnum":"5127897","district":"CENTRO","barrio":"EMBAJADORES","species_code":"LJV","species":"LIGUSTRUM JAPONICUM 'VARIEGATUM'","perimeter_cm":16.0,"height":2.5,"municipal_x":440841.035,"municipal_y":4473123.857}},{"type":"Feature","id":"MAD-1643677","geometry":{"type":"Point","coordinates":[-3.7103634,40.4071587]},"properties":{"source":"madrid","assetnum":"1643677","district":"CENTRO","barrio":"EMBAJADORES","species_code":"PCP","species":"PRUNUS CERASIFERA  SUBSP. PISSARDII","perimeter_cm":67.0,"height":7.0,"municipal_x":439725.019,"municipal_y":4473191.658}},{"type":"Feature","id":"MAD-9119951","geometry":{"type":"Point","coordinates":[-3.7087345,40.4067865]},"properties":{"source":"madrid","assetnum":"9119951","district":"CENTRO","barrio":"EMBAJADORES","species_code":"LJA","species":"LIGUSTRUM JAPONICUM","perimeter_cm":16.0,"height":3.8,"municipal_x":439862.906,"municipal_y":4473149.231}},{"type":"Feature","id":"MAD-1683936","geometry":{"type":"Point","coordinates":[-3.703073,40.4133447]},"properties":{"source":"madrid","assetnum":"1683936","district":"CENTRO","barrio":"EMBAJADORES","species_code":"LJA","species":"LIGUSTRUM JAPONICUM","perimeter_cm":48.0,"height":9.0,"municipal_x":440349.083,"municipal_y":4473873.35}},{"type":"Feature","id":"MAD-9772958","geometry":{"type":"Point","coordinates":[-3.6948889,40.4101804]},"properties":{"source":"madrid","assetnum":"9772958","district":"CENTRO","barrio":"EMBAJADORES","species_code":"SJA","species":"STYPHNOLOBIUM JAPONICUM","perimeter_cm":20.0,"height":6.4,"municipal_x":441040.69,"municipal_y":4473516.627}},{"type":"Feature","id":"MAD-1680113","geometry":{"type":"Point","coordinates":[-3.695894,40.4073851]},"properties":{"source":"madrid","assetnum":"1680113","district":"CENTRO","barrio":"EMBAJADORES","species_code":"SJA","species":"STYPHNOLOBIUM JAPONICUM","perimeter_cm":28.0,"height":5.5,"municipal_x":440952.971,"municipal_y":4473207.017}},{"type":"Feature","id":"MAD-9285544","geometry":{"type":"Point","coordinates":[-3.7028419,40.4081066]},"properties":{"source":"madrid","assetnum":"9285544","district":"CENTRO","barrio":"EMBAJADORES","species_code":"PCP","species":"PRUNUS CERASIFERA  SUBSP. PISSARDII","perimeter_cm":16.0,"height":3.5,"municipal_x":440364.066,"municipal_y":4473291.775}},{"type":"Feature","id":"MAD-1673150","geometry":{"type":"Point","coordinates":[-3.7061191,40.4097833]},"properties":{"source":"madrid","assetnum":"1673150","district":"CENTRO","barrio":"EMBAJADORES","species_code":"LJA","species":"LIGUSTRUM JAPONICUM","perimeter_cm":38.0,"height":7.0,"municipal_x":440087.485,"municipal_y":4473480.105}},{"type":"Feature","id":"MAD-1673274","geometry":{"type":"Point","coordinates":[-3.7060304,40.4096856]},"properties":{"source":"madrid","assetnum":"1673274","district":"CENTRO","barrio":"EMBAJADORES","species_code":"LJA","species":"LIGUSTRUM JAPONICUM","perimeter_cm":56.0,"height":8.0,"municipal_x":440094.919,"municipal_y":4473469.196}},{"type":"Feature","id":"MAD-1673107","geometry":{"type":"Point","coordinates":[-3.7072619,40.4082902]},"properties":{"source":"madrid","assetnum":"1673107","district":"CENTRO","barrio":"EMBAJADORES","species_code":"PDA","species":"PLATANUS X HISPANICA","perimeter_cm":103.0,"height":17.0,"municipal_x":439989.197,"municipal_y":4473315.139}},{"type":"Feature","id":"MAD-9934779","geometry":{"type":"Point","coordinates":[-3.7082174,40.4094076]},"properties":{"source":"madrid","assetnum":"9934779","district":"CENTRO","barrio":"EMBAJADORES","species_code":"AHI","species":"AESCULUS HIPPOCASTANUM","perimeter_cm":16.0,"height":2.7,"municipal_x":439909.109,"municipal_y":4473439.82}},{"type":"Feature","id":"MAD-2009854","geometry":{"type":"Point","coordinates":[-3.7047284,40.4125654]},"properties":{"source":"madrid","assetnum":"2009854","district":"CENTRO","barrio":"EMBAJADORES","species_code":"RPS","species":"ROBINIA PSEUDOACACIA","perimeter_cm":19.0,"height":7.0,"municipal_x":440207.945,"municipal_y":4473787.971}},{"type":"Feature","id":"MAD-1672502","geometry":{"type":"Point","coordinates":[-3.7028679,40.4054614]},"properties":{"source":"madrid","assetnum":"1672502","district":"CENTRO","barrio":"EMBAJADORES","species_code":"PDA","species":"PLATANUS X HISPANICA","perimeter_cm":125.0,"height":15.0,"municipal_x":440359.531,"municipal_y":4472998.173}},{"type":"Feature","id":"MAD-1659792","geometry":{"type":"Point","coordinates":[-3.7082446,40.4092904]},"properties":{"source":"madrid","assetnum":"1659792","district":"CENTRO","barrio":"EMBAJADORES","species_code":"AHI","species":"AESCULUS HIPPOCASTANUM","perimeter_cm":82.0,"height":9.0,"municipal_x":439906.696,"municipal_y":4473426.835}},{"type":"Feature","id":"MAD-9101102","geometry":{"type":"Point","coordinates":[-3.6974213,40.4112421]},"properties":{"source":"madrid","assetnum":"9101102","district":"CENTRO","barrio":"EMBAJADORES","species_code":"PCP","species":"PRUNUS CERASIFERA  SUBSP. PISSARDII","perimeter_cm":18.0,"height":5.0,"municipal_x":440826.753,"municipal_y":4473636.171}},{"type":"Feature","id":"MAD-1691593","geometry":{"type":"Point","coordinates":[-3.7088581,40.4062695]},"properties":{"source":"madrid","assetnum":"1691593","district":"CENTRO","barrio":"EMBAJADORES","species_code":"SJA","species":"STYPHNOLOBIUM JAPONICUM","perimeter_cm":35.0,"height":7.0,"municipal_x":439851.955,"municipal_y":4473091.929}},{"type":"Feature","id":"MAD-10202486","geometry":{"type":"Point","coordinates":[-3.7048052,40.4132603]},"properties":{"source":"madrid","assetnum":"10202486","district":"CENTRO","barrio":"EMBAJADORES","species_code":"CAU","species":"CELTIS AUSTRALIS","perimeter_cm":25.0,"height":5.0,"municipal_x":440202.047,"municipal_y":4473865.156}},{"type":"Feature","id":"MAD-10152142","geometry":{"type":"Point","coordinates":[-3.7081579,40.4093134]},"properties":{"source":"madrid","assetnum":"10152142","district":"CENTRO","barrio":"EMBAJADORES","species_code":"AHI","species":"AESCULUS HIPPOCASTANUM","perimeter_cm":15.0,"height":3.5,"municipal_x":439914.076,"municipal_y":4473429.326}},{"type":"Feature","id":"MAD-7901861","geometry":{"type":"Point","coordinates":[-3.7082015,40.4093021]},"properties":{"source":"madrid","assetnum":"7901861","district":"CENTRO","barrio":"EMBAJADORES","species_code":"AHI","species":"AESCULUS HIPPOCASTANUM","perimeter_cm":16.0,"height":3.0,"municipal_x":439910.364,"municipal_y":4473428.101}},{"type":"Feature","id":"MAD-1643022","geometry":{"type":"Point","coordinates":[-3.7085327,40.4065116]},"properties":{"source":"madrid","assetnum":"1643022","district":"CENTRO","barrio":"EMBAJADORES","species_code":"LIN","species":"LAGERSTROEMIA INDICA","perimeter_cm":27.0,"height":6.0,"municipal_x":439879.786,"municipal_y":4473118.58}},{"type":"Feature","id":"MAD-1653158","geometry":{"type":"Point","coordinates":[-3.7001514,40.4072967]},"properties":{"source":"madrid","assetnum":"1653158","district":"CENTRO","barrio":"EMBAJADORES","species_code":"LJA","species":"LIGUSTRUM JAPONICUM","perimeter_cm":45.0,"height":6.5,"municipal_x":440591.643,"municipal_y":4473200.061}},{"type":"Feature","id":"MAD-1645075","geometry":{"type":"Point","coordinates":[-3.703692,40.4097227]},"properties":{"source":"madrid","assetnum":"1645075","district":"CENTRO","barrio":"EMBAJADORES","species_code":"PCY","species":"PYRUS CALLERYANA","perimeter_cm":40.0,"height":6.0,"municipal_x":440293.362,"municipal_y":4473471.731}},{"type":"Feature","id":"MAD-1662284","geometry":{"type":"Point","coordinates":[-3.7082011,40.4071612]},"properties":{"source":"madrid","assetnum":"1662284","district":"CENTRO","barrio":"EMBAJADORES","species_code":"LJV","species":"LIGUSTRUM JAPONICUM 'VARIEGATUM'","perimeter_cm":34.0,"height":5.5,"municipal_x":439908.494,"municipal_y":4473190.466}},{"type":"Feature","id":"MAD-1660077","geometry":{"type":"Point","coordinates":[-3.7072097,40.4075889]},"properties":{"source":"madrid","assetnum":"1660077","district":"CENTRO","barrio":"EMBAJADORES","species_code":"PDA","species":"PLATANUS X HISPANICA","perimeter_cm":138.0,"height":17.0,"municipal_x":439992.996,"municipal_y":4473237.268}},{"type":"Feature","id":"MAD-1685334","geometry":{"type":"Point","coordinates":[-3.7049799,40.4067876]},"properties":{"source":"madrid","assetnum":"1685334","district":"CENTRO","barrio":"EMBAJADORES","species_code":"UPU","species":"ULMUS PUMILA","perimeter_cm":66.0,"height":11.0,"municipal_x":440181.487,"municipal_y":4473146.806}},{"type":"Feature","id":"MAD-9925365","geometry":{"type":"Point","coordinates":[-3.7054217,40.4060931]},"properties":{"source":"madrid","assetnum":"9925365","district":"CENTRO","barrio":"EMBAJADORES","species_code":"LIN","species":"LAGERSTROEMIA INDICA","perimeter_cm":16.0,"height":2.5,"municipal_x":440143.387,"municipal_y":4473070.02}},{"type":"Feature","id":"MAD-1656227","geometry":{"type":"Point","coordinates":[-3.7089723,40.4105132]},"properties":{"source":"madrid","assetnum":"1656227","district":"CENTRO","barrio":"EMBAJADORES","species_code":"LJA","species":"LIGUSTRUM JAPONICUM","perimeter_cm":31.0,"height":6.0,"municipal_x":439846.047,"municipal_y":4473563.058}},{"type":"Feature","id":"MAD-1657921","geometry":{"type":"Point","coordinates":[-3.7029987,40.4059294]},"properties":{"source":"madrid","assetnum":"1657921","district":"CENTRO","barrio":"EMBAJADORES","species_code":"SJA","species":"STYPHNOLOBIUM JAPONICUM","perimeter_cm":95.0,"height":12.0,"municipal_x":440348.843,"municipal_y":4473050.213}},{"type":"Feature","id":"MAD-8800610","geometry":{"type":"Point","coordinates":[-3.7038739,40.4130449]},"properties":{"source":"madrid","assetnum":"8800610","district":"CENTRO","barrio":"EMBAJADORES","species_code":"LJV","species":"LIGUSTRUM JAPONICUM 'VARIEGATUM'","perimeter_cm":18.0,"height":4.0,"municipal_x":440280.869,"municipal_y":4473840.612}},{"type":"Feature","id":"MAD-9037364","geometry":{"type":"Point","coordinates":[-3.7085791,40.4064262]},"properties":{"source":"madrid","assetnum":"9037364","district":"CENTRO","barrio":"EMBAJADORES","species_code":"LIN","species":"LAGERSTROEMIA INDICA","perimeter_cm":14.0,"height":3.0,"municipal_x":439875.767,"municipal_y":4473109.132}},{"type":"Feature","id":"MAD-1668982","geometry":{"type":"Point","coordinates":[-3.7057062,40.4073664]},"properties":{"source":"madrid","assetnum":"1668982","district":"CENTRO","barrio":"EMBAJADORES","species_code":"LJA","species":"LIGUSTRUM JAPONICUM","perimeter_cm":65.0,"height":13.0,"municipal_x":440120.376,"municipal_y":4473211.547}},{"type":"Feature","id":"MAD-1672354","geometry":{"type":"Point","coordinates":[-3.7012133,40.4055253]},"properties":{"source":"madrid","assetnum":"1672354","district":"CENTRO","barrio":"EMBAJADORES","species_code":"LJA","species":"LIGUSTRUM JAPONICUM","perimeter_cm":15.0,"height":3.0,"municipal_x":440499.981,"municipal_y":4473004.149}},{"type":"Feature","id":"MAD-10202433","geometry":{"type":"Point","coordinates":[-3.7042807,40.4124968]},"properties":{"source":"madrid","assetnum":"10202433","district":"CENTRO","barrio":"EMBAJADORES","species_code":"SJA","species":"STYPHNOLOBIUM JAPONICUM","perimeter_cm":25.0,"height":5.0,"municipal_x":440245.872,"municipal_y":4473780.055}},{"type":"Feature","id":"MAD-1655393","geometry":{"type":"Point","coordinates":[-3.6992602,40.4070623]},"properties":{"source":"madrid","assetnum":"1655393","district":"CENTRO","barrio":"EMBAJADORES","species_code":"LTM","species":"LIGUSTRUM OVALIFOLIUM 'VARIEGATUM'","perimeter_cm":28.0,"height":5.0,"municipal_x":440667.059,"municipal_y":4473173.446}},{"type":"Feature","id":"MAD-1651020","geometry":{"type":"Point","coordinates":[-3.6994632,40.4120221]},"properties":{"source":"madrid","assetnum":"1651020","district":"CENTRO","barrio":"EMBAJADORES","species_code":"PCY","species":"PYRUS CALLERYANA","perimeter_cm":17.0,"height":6.5,"municipal_x":440654.19,"municipal_y":4473724.118}},{"type":"Feature","id":"MAD-10140131","geometry":{"type":"Point","coordinates":[-3.7010185,40.4100221]},"properties":{"source":"madrid","assetnum":"10140131","district":"CENTRO","barrio":"EMBAJADORES","species_code":"RPS","species":"ROBINIA PSEUDOACACIA","perimeter_cm":16.0,"height":4.5,"municipal_x":440520.472,"municipal_y":4473503.158}},{"type":"Feature","id":"MAD-1659396","geometry":{"type":"Point","coordinates":[-3.7054393,40.4090591]},"properties":{"source":"madrid","assetnum":"1659396","district":"CENTRO","barrio":"EMBAJADORES","species_code":"LJA","species":"LIGUSTRUM JAPONICUM","perimeter_cm":19.0,"height":5.0,"municipal_x":440144.525,"municipal_y":4473399.257}},{"type":"Feature","id":"MAD-1658993","geometry":{"type":"Point","coordinates":[-3.6978727,40.4070717]},"properties":{"source":"madrid","assetnum":"1658993","district":"CENTRO","barrio":"EMBAJADORES","species_code":"SJA","species":"STYPHNOLOBIUM JAPONICUM","perimeter_cm":16.0,"height":7.0,"municipal_x":440784.798,"municipal_y":4473173.561}},{"type":"Feature","id":"MAD-1672062","geometry":{"type":"Point","coordinates":[-3.7088804,40.4106351]},"properties":{"source":"madrid","assetnum":"1672062","district":"CENTRO","barrio":"EMBAJADORES","species_code":"LJA","species":"LIGUSTRUM JAPONICUM","perimeter_cm":37.0,"height":7.0,"municipal_x":439853.954,"municipal_y":4473576.524}},{"type":"Feature","id":"MAD-9342409","geometry":{"type":"Point","coordinates":[-3.7054297,40.4061758]},"properties":{"source":"madrid","assetnum":"9342409","district":"CENTRO","barrio":"EMBAJADORES","species_code":"LIN","species":"LAGERSTROEMIA INDICA","perimeter_cm":18.0,"height":3.5,"municipal_x":440142.78,"municipal_y":4473079.199}},{"type":"Feature","id":"MAD-1682856","geometry":{"type":"Point","coordinates":[-3.7018086,40.4065516]},"properties":{"source":"madrid","assetnum":"1682856","district":"CENTRO","barrio":"EMBAJADORES","species_code":"LJA","species":"LIGUSTRUM JAPONICUM","perimeter_cm":25.0,"height":6.0,"municipal_x":440450.374,"municipal_y":4473118.471}},{"type":"Feature","id":"MAD-7901848","geometry":{"type":"Point","coordinates":[-3.7072422,40.4107824]},"properties":{"source":"madrid","assetnum":"7901848","district":"CENTRO","barrio":"EMBAJADORES","species_code":"LJA","species":"LIGUSTRUM JAPONICUM","perimeter_cm":14.0,"height":3.0,"municipal_x":439993.079,"municipal_y":4473591.764}},{"type":"Feature","id":"MAD-1629348","geometry":{"type":"Point","coordinates":[-3.7062489,40.4063223]},"properties":{"source":"madrid","assetnum":"1629348","district":"CENTRO","barrio":"EMBAJADORES","species_code":"SJA","species":"STYPHNOLOBIUM JAPONICUM","perimeter_cm":170.0,"height":8.0,"municipal_x":440073.403,"municipal_y":4473096.017}},{"type":"Feature","id":"MAD-1660533","geometry":{"type":"Point","coordinates":[-3.7066881,40.4116981]},"properties":{"source":"madrid","assetnum":"1660533","district":"CENTRO","barrio":"EMBAJADORES","species_code":"PDA","species":"PLATANUS X HISPANICA","perimeter_cm":119.0,"height":19.0,"municipal_x":440040.908,"municipal_y":4473693.031}},{"type":"Feature","id":"MAD-1656961","geometry":{"type":"Point","coordinates":[-3.6961863,40.4074086]},"properties":{"source":"madrid","assetnum":"1656961","district":"CENTRO","barrio":"EMBAJADORES","species_code":"SJA","species":"STYPHNOLOBIUM JAPONICUM","perimeter_cm":28.0,"height":7.0,"municipal_x":440928.191,"municipal_y":4473209.827}},{"type":"Feature","id":"MAD-1658995","geometry":{"type":"Point","coordinates":[-3.6978888,40.4068865]},"properties":{"source":"madrid","assetnum":"1658995","district":"CENTRO","barrio":"EMBAJADORES","species_code":"SJA","species":"STYPHNOLOBIUM JAPONICUM","perimeter_cm":36.0,"height":10.0,"municipal_x":440783.273,"municipal_y":4473153.012}},{"type":"Feature","id":"MAD-10202493","geometry":{"type":"Point","coordinates":[-3.7046903,40.4138242]},"properties":{"source":"madrid","assetnum":"10202493","district":"CENTRO","barrio":"EMBAJADORES","species_code":"CAU","species":"CELTIS AUSTRALIS","perimeter_cm":25.0,"height":5.0,"municipal_x":440212.29,"municipal_y":4473927.666}},{"type":"Feature","id":"MAD-1642940","geometry":{"type":"Point","coordinates":[-3.7045113,40.4065214]},"properties":{"source":"madrid","assetnum":"1642940","district":"CENTRO","barrio":"EMBAJADORES","species_code":"KPA","species":"KOELREUTERIA PANICULATA","perimeter_cm":49.0,"height":7.0,"municipal_x":440221.019,"municipal_y":4473116.94}},{"type":"Feature","id":"MAD-10122408","geometry":{"type":"Point","coordinates":[-3.7070847,40.4062609]},"properties":{"source":"madrid","assetnum":"10122408","district":"CENTRO","barrio":"EMBAJADORES","species_code":"PDA","species":"PLATANUS X HISPANICA","perimeter_cm":17.0,"height":4.38,"municipal_x":440002.424,"municipal_y":4473089.777}},{"type":"Feature","id":"MAD-1659840","geometry":{"type":"Point","coordinates":[-3.7065181,40.4063235]},"properties":{"source":"madrid","assetnum":"1659840","district":"CENTRO","barrio":"EMBAJADORES","species_code":"UPU","species":"ULMUS PUMILA","perimeter_cm":112.0,"height":15.0,"municipal_x":440050.561,"municipal_y":4473096.331}},{"type":"Feature","id":"MAD-9875972","geometry":{"type":"Point","coordinates":[-3.7074517,40.4106272]},"properties":{"source":"madrid","assetnum":"9875972","district":"CENTRO","barrio":"EMBAJADORES","species_code":"LJA","species":"LIGUSTRUM JAPONICUM","perimeter_cm":12.0,"height":4.0,"municipal_x":439975.162,"municipal_y":4473574.68}},{"type":"Feature","id":"MAD-1670202","geometry":{"type":"Point","coordinates":[-3.7038525,40.4074004]},"properties":{"source":"madrid","assetnum":"1670202","district":"CENTRO","barrio":"EMBAJADORES","species_code":"LJA","species":"LIGUSTRUM JAPONICUM","perimeter_cm":16.0,"height":4.5,"municipal_x":440277.698,"municipal_y":4473214.064}},{"type":"Feature","id":"MAD-10202676","geometry":{"type":"Point","coordinates":[-3.7047579,40.4137735]},"properties":{"source":"madrid","assetnum":"10202676","district":"CENTRO","barrio":"EMBAJADORES","species_code":"PAR","species":"PYRUS CALLERYANA 'CHANTICLEER'","perimeter_cm":25.0,"height":5.0,"municipal_x":440206.509,"municipal_y":4473922.093}},{"type":"Feature","id":"MAD-6747367","geometry":{"type":"Point","coordinates":[-3.7045832,40.406707]},"properties":{"source":"madrid","assetnum":"6747367","district":"CENTRO","barrio":"EMBAJADORES","species_code":"KPA","species":"KOELREUTERIA PANICULATA","perimeter_cm":22.0,"height":4.5,"municipal_x":440215.076,"municipal_y":4473137.598}},{"type":"Feature","id":"MAD-1683432","geometry":{"type":"Point","coordinates":[-3.700163,40.4083911]},"properties":{"source":"madrid","assetnum":"1683432","district":"CENTRO","barrio":"EMBAJADORES","species_code":"SJA","species":"STYPHNOLOBIUM JAPONICUM","perimeter_cm":53.0,"height":8.0,"municipal_x":440591.624,"municipal_y":4473321.552}},{"type":"Feature","id":"MAD-1671169","geometry":{"type":"Point","coordinates":[-3.7059484,40.4076911]},"properties":{"source":"madrid","assetnum":"1671169","district":"CENTRO","barrio":"EMBAJADORES","species_code":"LJA","species":"LIGUSTRUM JAPONICUM","perimeter_cm":35.0,"height":9.0,"municipal_x":440100.111,"municipal_y":4473247.747}},{"type":"Feature","id":"MAD-1685260","geometry":{"type":"Point","coordinates":[-3.7013411,40.4065965]},"properties":{"source":"madrid","assetnum":"1685260","district":"CENTRO","barrio":"EMBAJADORES","species_code":"PCP","species":"PRUNUS CERASIFERA  SUBSP. PISSARDII","perimeter_cm":78.0,"height":9.0,"municipal_x":440490.083,"municipal_y":4473123.142}},{"type":"Feature","id":"MAD-10179849","geometry":{"type":"Point","coordinates":[-3.704418,40.4067747]},"properties":{"source":"madrid","assetnum":"10179849","district":"CENTRO","barrio":"EMBAJADORES","species_code":"CAU","species":"CELTIS AUSTRALIS","perimeter_cm":17.0,"height":3.0,"municipal_x":440229.159,"municipal_y":4473144.995}},{"type":"Feature","id":"MAD-7901949","geometry":{"type":"Point","coordinates":[-3.7081539,40.4066526]},"properties":{"source":"madrid","assetnum":"7901949","district":"CENTRO","barrio":"EMBAJADORES","species_code":"APL","species":"ACER PLATANOIDES","perimeter_cm":16.0,"height":5.0,"municipal_x":439912.05,"municipal_y":4473133.979}},{"type":"Feature","id":"MAD-1657343","geometry":{"type":"Point","coordinates":[-3.6979891,40.40683]},"properties":{"source":"madrid","assetnum":"1657343","district":"CENTRO","barrio":"EMBAJADORES","species_code":"SJA","species":"STYPHNOLOBIUM JAPONICUM","perimeter_cm":33.0,"height":9.0,"municipal_x":440774.713,"municipal_y":4473146.802}},{"type":"Feature","id":"MAD-1680878","geometry":{"type":"Point","coordinates":[-3.7017536,40.4060506]},"properties":{"source":"madrid","assetnum":"1680878","district":"CENTRO","barrio":"EMBAJADORES","species_code":"PCP","species":"PRUNUS CERASIFERA  SUBSP. PISSARDII","perimeter_cm":37.0,"height":8.0,"municipal_x":440454.602,"municipal_y":4473062.822}},{"type":"Feature","id":"MAD-8797558","geometry":{"type":"Point","coordinates":[-3.7072641,40.4107465]},"properties":{"source":"madrid","assetnum":"8797558","district":"CENTRO","barrio":"EMBAJADORES","species_code":"LJA","species":"LIGUSTRUM JAPONICUM","perimeter_cm":16.0,"height":4.0,"municipal_x":439991.19,"municipal_y":4473587.788}},{"type":"Feature","id":"MAD-1653273","geometry":{"type":"Point","coordinates":[-3.6930597,40.4088288]},"properties":{"source":"madrid","assetnum":"1653273","district":"CENTRO","barrio":"EMBAJADORES","species_code":"LJV","species":"LIGUSTRUM JAPONICUM 'VARIEGATUM'","perimeter_cm":41.0,"height":6.0,"municipal_x":441194.722,"municipal_y":4473365.384}},{"type":"Feature","id":"MAD-1657080","geometry":{"type":"Point","coordinates":[-3.7029065,40.4076634]},"properties":{"source":"madrid","assetnum":"1657080","district":"CENTRO","barrio":"EMBAJADORES","species_code":"UPU","species":"ULMUS PUMILA","perimeter_cm":120.0,"height":15.0,"municipal_x":440358.199,"municipal_y":4473242.622}},{"type":"Feature","id":"MAD-1682920","geometry":{"type":"Point","coordinates":[-3.7031867,40.4075401]},"properties":{"source":"madrid","assetnum":"1682920","district":"CENTRO","barrio":"EMBAJADORES","species_code":"UPU","species":"ULMUS PUMILA","perimeter_cm":144.0,"height":16.0,"municipal_x":440334.309,"municipal_y":4473229.118}},{"type":"Feature","id":"MAD-10202643","geometry":{"type":"Point","coordinates":[-3.7005099,40.4102237]},"properties":{"source":"madrid","assetnum":"10202643","district":"CENTRO","barrio":"EMBAJADORES","species_code":"AMO","species":"ACER MONSPESSULANUM","perimeter_cm":18.0,"height":4.0,"municipal_x":440563.802,"municipal_y":4473525.201}},{"type":"Feature","id":"MAD-1657923","geometry":{"type":"Point","coordinates":[-3.7002333,40.4061065]},"properties":{"source":"madrid","assetnum":"1657923","district":"CENTRO","barrio":"EMBAJADORES","species_code":"LJA","species":"LIGUSTRUM JAPONICUM","perimeter_cm":30.0,"height":8.0,"municipal_x":440583.652,"municipal_y":4473068.01}},{"type":"Feature","id":"MAD-1682889","geometry":{"type":"Point","coordinates":[-3.6962087,40.4081682]},"properties":{"source":"madrid","assetnum":"1682889","district":"CENTRO","barrio":"EMBAJADORES","species_code":"LJV","species":"LIGUSTRUM JAPONICUM 'VARIEGATUM'","perimeter_cm":35.0,"height":7.0,"municipal_x":440926.952,"municipal_y":4473294.151}},{"type":"Feature","id":"MAD-1629123","geometry":{"type":"Point","coordinates":[-3.7031562,40.407553]},"properties":{"source":"madrid","assetnum":"1629123","district":"CENTRO","barrio":"EMBAJADORES","species_code":"LJA","species":"LIGUSTRUM JAPONICUM","perimeter_cm":22.0,"height":3.0,"municipal_x":440336.915,"municipal_y":4473230.531}},{"type":"Feature","id":"MAD-9101056","geometry":{"type":"Point","coordinates":[-3.6968751,40.4107286]},"properties":{"source":"madrid","assetnum":"9101056","district":"CENTRO","barrio":"EMBAJADORES","species_code":"PCP","species":"PRUNUS CERASIFERA  SUBSP. PISSARDII","perimeter_cm":18.0,"height":5.0,"municipal_x":440872.651,"municipal_y":4473578.802}},{"type":"Feature","id":"MAD-2009397","geometry":{"type":"Point","coordinates":[-3.7034491,40.4124387]},"properties":{"source":"madrid","assetnum":"2009397","district":"CENTRO","barrio":"EMBAJADORES","species_code":"CIA","species":"CITRUS X AURANTIUM","perimeter_cm":27.0,"height":4.5,"municipal_x":440316.373,"municipal_y":4473773.037}},{"type":"Feature","id":"MAD-1671938","geometry":{"type":"Point","coordinates":[-3.6962756,40.4079848]},"properties":{"source":"madrid","assetnum":"1671938","district":"CENTRO","barrio":"EMBAJADORES","species_code":"LJV","species":"LIGUSTRUM JAPONICUM 'VARIEGATUM'","perimeter_cm":41.0,"height":9.0,"municipal_x":440921.111,"municipal_y":4473273.841}},{"type":"Feature","id":"MAD-1627518","geometry":{"type":"Point","coordinates":[-3.7037336,40.4084844]},"properties":{"source":"madrid","assetnum":"1627518","district":"CENTRO","barrio":"EMBAJADORES","species_code":"MGR","species":"MAGNOLIA GRANDIFLORA","perimeter_cm":53.0,"height":6.5,"municipal_x":440288.739,"municipal_y":4473334.312}},{"type":"Feature","id":"MAD-1656865","geometry":{"type":"Point","coordinates":[-3.7008601,40.410465]},"properties":{"source":"madrid","assetnum":"1656865","district":"CENTRO","barrio":"EMBAJADORES","species_code":"MGR","species":"MAGNOLIA GRANDIFLORA","perimeter_cm":55.0,"height":12.0,"municipal_x":440534.302,"municipal_y":4473552.217}},{"type":"Feature","id":"MAD-1659824","geometry":{"type":"Point","coordinates":[-3.7049678,40.4068589]},"properties":{"source":"madrid","assetnum":"1659824","district":"CENTRO","barrio":"EMBAJADORES","species_code":"UPU","species":"ULMUS PUMILA","perimeter_cm":92.0,"height":12.0,"municipal_x":440182.581,"municipal_y":4473154.714}},{"type":"Feature","id":"MAD-1652538","geometry":{"type":"Point","coordinates":[-3.7022899,40.4098782]},"properties":{"source":"madrid","assetnum":"1652538","district":"CENTRO","barrio":"EMBAJADORES","species_code":"RPS","species":"ROBINIA PSEUDOACACIA","perimeter_cm":32.0,"height":5.0,"municipal_x":440412.467,"municipal_y":4473488.045}},{"type":"Feature","id":"MAD-1685180","geometry":{"type":"Point","coordinates":[-3.7062215,40.4064649]},"properties":{"source":"madrid","assetnum":"1685180","district":"CENTRO","barrio":"EMBAJADORES","species_code":"UGL","species":"ULMUS GLABRA","perimeter_cm":85.0,"height":16.0,"municipal_x":440075.849,"municipal_y":4473111.83}},{"type":"Feature","id":"MAD-1676792","geometry":{"type":"Point","coordinates":[-3.6950596,40.4090664]},"properties":{"source":"madrid","assetnum":"1676792","district":"CENTRO","barrio":"EMBAJADORES","species_code":"AJU","species":"ALBIZIA JULIBRISSIN","perimeter_cm":15.0,"height":4.0,"municipal_x":441025.235,"municipal_y":4473393.09}},{"type":"Feature","id":"MAD-9101105","geometry":{"type":"Point","coordinates":[-3.6979054,40.4107263]},"properties":{"source":"madrid","assetnum":"9101105","district":"CENTRO","barrio":"EMBAJADORES","species_code":"PCP","species":"PRUNUS CERASIFERA  SUBSP. PISSARDII","perimeter_cm":18.0,"height":5.0,"municipal_x":440785.225,"municipal_y":4473579.235}},{"type":"Feature","id":"MAD-1657297","geometry":{"type":"Point","coordinates":[-3.7004995,40.4077051]},"properties":{"source":"madrid","assetnum":"1657297","district":"CENTRO","barrio":"EMBAJADORES","species_code":"LJA","species":"LIGUSTRUM JAPONICUM","perimeter_cm":22.0,"height":3.0,"municipal_x":440562.473,"municipal_y":4473245.625}},{"type":"Feature","id":"MAD-1682881","geometry":{"type":"Point","coordinates":[-3.7028756,40.4057002]},"properties":{"source":"madrid","assetnum":"1682881","district":"CENTRO","barrio":"EMBAJADORES","species_code":"SJA","species":"STYPHNOLOBIUM JAPONICUM","perimeter_cm":67.0,"height":12.0,"municipal_x":440359.081,"municipal_y":4473024.686}},{"type":"Feature","id":"MAD-10140157","geometry":{"type":"Point","coordinates":[-3.6951878,40.4085396]},"properties":{"source":"madrid","assetnum":"10140157","district":"CENTRO","barrio":"EMBAJADORES","species_code":"RPS","species":"ROBINIA PSEUDOACACIA","perimeter_cm":16.0,"height":4.5,"municipal_x":441013.902,"municipal_y":4473334.694}},{"type":"Feature","id":"MAD-1651589","geometry":{"type":"Point","coordinates":[-3.69594,40.4083937]},"properties":{"source":"madrid","assetnum":"1651589","district":"CENTRO","barrio":"EMBAJADORES","species_code":"LJV","species":"LIGUSTRUM JAPONICUM 'VARIEGATUM'","perimeter_cm":38.0,"height":8.5,"municipal_x":440949.95,"municipal_y":4473319.003}},{"type":"Feature","id":"MAD-9127783","geometry":{"type":"Point","coordinates":[-3.6938003,40.4090522]},"properties":{"source":"madrid","assetnum":"9127783","district":"CENTRO","barrio":"EMBAJADORES","species_code":"LST","species":"LIQUIDAMBAR STYRACIFLUA","perimeter_cm":17.0,"height":4.0,"municipal_x":441132.072,"municipal_y":4473390.671}},{"type":"Feature","id":"MAD-1682918","geometry":{"type":"Point","coordinates":[-3.6998483,40.4067995]},"properties":{"source":"madrid","assetnum":"1682918","district":"CENTRO","barrio":"EMBAJADORES","species_code":"LJA","species":"LIGUSTRUM JAPONICUM","perimeter_cm":62.0,"height":9.0,"municipal_x":440616.932,"municipal_y":4473144.67}},{"type":"Feature","id":"MAD-1685261","geometry":{"type":"Point","coordinates":[-3.7029002,40.4069507]},"properties":{"source":"madrid","assetnum":"1685261","district":"CENTRO","barrio":"EMBAJADORES","species_code":"LJA","species":"LIGUSTRUM JAPONICUM","perimeter_cm":31.0,"height":6.0,"municipal_x":440358.102,"municipal_y":4473163.508}},{"type":"Feature","id":"MAD-1677614","geometry":{"type":"Point","coordinates":[-3.7070164,40.4063204]},"properties":{"source":"madrid","assetnum":"1677614","district":"CENTRO","barrio":"EMBAJADORES","species_code":"PDA","species":"PLATANUS X HISPANICA","perimeter_cm":41.0,"height":9.0,"municipal_x":440008.274,"municipal_y":4473096.327}},{"type":"Feature","id":"MAD-1682919","geometry":{"type":"Point","coordinates":[-3.6996045,40.4064058]},"properties":{"source":"madrid","assetnum":"1682919","district":"CENTRO","barrio":"EMBAJADORES","species_code":"LJA","species":"LIGUSTRUM JAPONICUM","perimeter_cm":26.0,"height":4.5,"municipal_x":440637.272,"municipal_y":4473100.81}},{"type":"Feature","id":"MAD-1635158","geometry":{"type":"Point","coordinates":[-3.7056198,40.4060649]},"properties":{"source":"madrid","assetnum":"1635158","district":"CENTRO","barrio":"EMBAJADORES","species_code":"AAL","species":"AILANTHUS ALTISSIMA","perimeter_cm":175.0,"height":16.0,"municipal_x":440126.551,"municipal_y":4473067.024}},{"type":"Feature","id":"MAD-10202451","geometry":{"type":"Point","coordinates":[-3.7036445,40.4123956]},"properties":{"source":"madrid","assetnum":"10202451","district":"CENTRO","barrio":"EMBAJADORES","species_code":"PAR","species":"PYRUS CALLERYANA 'CHANTICLEER'","perimeter_cm":25.0,"height":5.0,"municipal_x":440299.759,"municipal_y":4473768.393}},{"type":"Feature","id":"MAD-9126609","geometry":{"type":"Point","coordinates":[-3.7028327,40.409296]},"properties":{"source":"madrid","assetnum":"9126609","district":"CENTRO","barrio":"EMBAJADORES","species_code":"LJA","species":"LIGUSTRUM JAPONICUM","perimeter_cm":17.0,"height":3.8,"municipal_x":440365.9,"municipal_y":4473423.79}},{"type":"Feature","id":"MAD-1628705","geometry":{"type":"Point","coordinates":[-3.704365,40.4123795]},"properties":{"source":"madrid","assetnum":"1628705","district":"CENTRO","barrio":"EMBAJADORES","species_code":"PDA","species":"PLATANUS X HISPANICA","perimeter_cm":200.0,"height":17.0,"municipal_x":440238.615,"municipal_y":4473767.093}},{"type":"Feature","id":"MAD-7129886","geometry":{"type":"Point","coordinates":[-3.7103537,40.406944]},"properties":{"source":"madrid","assetnum":"7129886","district":"CENTRO","barrio":"EMBAJADORES","species_code":"CAU","species":"CELTIS AUSTRALIS","perimeter_cm":20.0,"height":5.0,"municipal_x":439725.655,"municipal_y":4473167.818}},{"type":"Feature","id":"MAD-1651530","geometry":{"type":"Point","coordinates":[-3.7029837,40.405711]},"properties":{"source":"madrid","assetnum":"1651530","district":"CENTRO","barrio":"EMBAJADORES","species_code":"RPS","species":"ROBINIA PSEUDOACACIA","perimeter_cm":94.0,"height":18.0,"municipal_x":440349.924,"municipal_y":4473025.955}},{"type":"Feature","id":"MAD-10185989","geometry":{"type":"Point","coordinates":[-3.70416,40.4068671]},"properties":{"source":"madrid","assetnum":"10185989","district":"CENTRO","barrio":"EMBAJADORES","species_code":"CAU","species":"CELTIS AUSTRALIS","perimeter_cm":18.0,"height":5.0,"municipal_x":440251.128,"municipal_y":4473155.078}},{"type":"Feature","id":"MAD-1656627","geometry":{"type":"Point","coordinates":[-3.7027722,40.4138578]},"properties":{"source":"madrid","assetnum":"1656627","district":"CENTRO","barrio":"EMBAJADORES","species_code":"AHI","species":"AESCULUS HIPPOCASTANUM","perimeter_cm":53.0,"height":8.0,"municipal_x":440375.061,"municipal_y":4473930.1}},{"type":"Feature","id":"MAD-1658824","geometry":{"type":"Point","coordinates":[-3.6980119,40.406561]},"properties":{"source":"madrid","assetnum":"1658824","district":"CENTRO","barrio":"EMBAJADORES","species_code":"SJA","species":"STYPHNOLOBIUM JAPONICUM","perimeter_cm":95.0,"height":17.0,"municipal_x":440772.543,"municipal_y":4473116.961}},{"type":"Feature","id":"MAD-1680111","geometry":{"type":"Point","coordinates":[-3.7016948,40.4120663]},"properties":{"source":"madrid","assetnum":"1680111","district":"CENTRO","barrio":"EMBAJADORES","species_code":"LJA","species":"LIGUSTRUM JAPONICUM","perimeter_cm":21.0,"height":5.0,"municipal_x":440464.894,"municipal_y":4473730.522}},{"type":"Feature","id":"MAD-1657018","geometry":{"type":"Point","coordinates":[-3.6935004,40.4089247]},"properties":{"source":"madrid","assetnum":"1657018","district":"CENTRO","barrio":"EMBAJADORES","species_code":"LST","species":"LIQUIDAMBAR STYRACIFLUA","perimeter_cm":72.0,"height":13.0,"municipal_x":441157.411,"municipal_y":4473376.314}},{"type":"Feature","id":"MAD-9037368","geometry":{"type":"Point","coordinates":[-3.7085457,40.4065781]},"properties":{"source":"madrid","assetnum":"9037368","district":"CENTRO","barrio":"EMBAJADORES","species_code":"LIN","species":"LAGERSTROEMIA INDICA","perimeter_cm":14.0,"height":3.0,"municipal_x":439878.74,"municipal_y":4473125.974}},{"type":"Feature","id":"MAD-1628574","geometry":{"type":"Point","coordinates":[-3.7035815,40.4085425]},"properties":{"source":"madrid","assetnum":"1628574","district":"CENTRO","barrio":"EMBAJADORES","species_code":"MGR","species":"MAGNOLIA GRANDIFLORA","perimeter_cm":45.0,"height":6.0,"municipal_x":440301.695,"municipal_y":4473340.661}},{"type":"Feature","id":"MAD-10144507","geometry":{"type":"Point","coordinates":[-3.6991433,40.4070916]},"properties":{"source":"madrid","assetnum":"10144507","district":"CENTRO","barrio":"EMBAJADORES","species_code":"LJV","species":"LIGUSTRUM JAPONICUM 'VARIEGATUM'","perimeter_cm":17.0,"height":2.9,"municipal_x":440677.005,"municipal_y":4473176.623}},{"type":"Feature","id":"MAD-2064044","geometry":{"type":"Point","coordinates":[-3.6963697,40.4074939]},"properties":{"source":"madrid","assetnum":"2064044","district":"CENTRO","barrio":"EMBAJADORES","species_code":"SJA","species":"STYPHNOLOBIUM JAPONICUM","perimeter_cm":18.0,"height":3.0,"municipal_x":440912.703,"municipal_y":4473219.417}},{"type":"Feature","id":"MAD-1651615","geometry":{"type":"Point","coordinates":[-3.7041928,40.4069712]},"properties":{"source":"madrid","assetnum":"1651615","district":"CENTRO","barrio":"EMBAJADORES","species_code":"UPU","species":"ULMUS PUMILA","perimeter_cm":65.0,"height":11.0,"municipal_x":440248.44,"municipal_y":4473166.655}},{"type":"Feature","id":"MAD-8902867","geometry":{"type":"Point","coordinates":[-3.7040454,40.406747]},"properties":{"source":"madrid","assetnum":"8902867","district":"CENTRO","barrio":"EMBAJADORES","species_code":"KPA","species":"KOELREUTERIA PANICULATA","perimeter_cm":22.0,"height":5.0,"municipal_x":440260.752,"municipal_y":4473141.669}},{"type":"Feature","id":"MAD-1659818","geometry":{"type":"Point","coordinates":[-3.7063955,40.4071652]},"properties":{"source":"madrid","assetnum":"1659818","district":"CENTRO","barrio":"EMBAJADORES","species_code":"AHI","species":"AESCULUS HIPPOCASTANUM","perimeter_cm":64.0,"height":10.0,"municipal_x":440061.711,"municipal_y":4473189.681}},{"type":"Feature","id":"MAD-1652433","geometry":{"type":"Point","coordinates":[-3.6969032,40.4077711]},"properties":{"source":"madrid","assetnum":"1652433","district":"CENTRO","barrio":"EMBAJADORES","species_code":"SJA","species":"STYPHNOLOBIUM JAPONICUM","perimeter_cm":59.0,"height":9.0,"municipal_x":440867.672,"municipal_y":4473250.538}},{"type":"Feature","id":"MAD-7126819","geometry":{"type":"Point","coordinates":[-3.7059039,40.4118447]},"properties":{"source":"madrid","assetnum":"7126819","district":"CENTRO","barrio":"EMBAJADORES","species_code":"MEA","species":"MELIA AZEDARACH","perimeter_cm":36.0,"height":6.0,"municipal_x":440107.569,"municipal_y":4473708.77}},{"type":"Feature","id":"MAD-1656311","geometry":{"type":"Point","coordinates":[-3.6968111,40.4078653]},"properties":{"source":"madrid","assetnum":"1656311","district":"CENTRO","barrio":"EMBAJADORES","species_code":"SJA","species":"STYPHNOLOBIUM JAPONICUM","perimeter_cm":15.0,"height":6.0,"municipal_x":440875.574,"municipal_y":4473260.932}},{"type":"Feature","id":"MAD-9101074","geometry":{"type":"Point","coordinates":[-3.6955988,40.4098812]},"properties":{"source":"madrid","assetnum":"9101074","district":"CENTRO","barrio":"EMBAJADORES","species_code":"PCP","species":"PRUNUS CERASIFERA  SUBSP. PISSARDII","perimeter_cm":18.0,"height":5.0,"municipal_x":440980.2,"municipal_y":4473483.886}},{"type":"Feature","id":"MAD-1653280","geometry":{"type":"Point","coordinates":[-3.697859,40.407255]},"properties":{"source":"madrid","assetnum":"1653280","district":"CENTRO","barrio":"EMBAJADORES","species_code":"SJA","species":"STYPHNOLOBIUM JAPONICUM","perimeter_cm":26.0,"height":8.0,"municipal_x":440786.123,"municipal_y":4473193.892}},{"type":"Feature","id":"MAD-1682867","geometry":{"type":"Point","coordinates":[-3.6982163,40.40809]},"properties":{"source":"madrid","assetnum":"1682867","district":"CENTRO","barrio":"EMBAJADORES","species_code":"SJA","species":"STYPHNOLOBIUM JAPONICUM","perimeter_cm":49.0,"height":9.0,"municipal_x":440756.539,"municipal_y":4473286.818}},{"type":"Feature","id":"MAD-8800638","geometry":{"type":"Point","coordinates":[-3.7010209,40.4099006]},"properties":{"source":"madrid","assetnum":"8800638","district":"CENTRO","barrio":"EMBAJADORES","species_code":"RPS","species":"ROBINIA PSEUDOACACIA","perimeter_cm":20.0,"height":5.0,"municipal_x":440520.161,"municipal_y":4473489.678}},{"type":"Feature","id":"MAD-1671933","geometry":{"type":"Point","coordinates":[-3.7032997,40.4125168]},"properties":{"source":"madrid","assetnum":"1671933","district":"CENTRO","barrio":"EMBAJADORES","species_code":"CSI","species":"CERCIS SILIQUASTRUM","perimeter_cm":42.0,"height":7.0,"municipal_x":440329.117,"municipal_y":4473781.612}},{"type":"Feature","id":"MAD-1657340","geometry":{"type":"Point","coordinates":[-3.6979679,40.4070644]},"properties":{"source":"madrid","assetnum":"1657340","district":"CENTRO","barrio":"EMBAJADORES","species_code":"SJA","species":"STYPHNOLOBIUM JAPONICUM","perimeter_cm":67.0,"height":14.0,"municipal_x":440776.713,"municipal_y":4473172.81}},{"type":"Feature","id":"MAD-1685154","geometry":{"type":"Point","coordinates":[-3.7072088,40.4072029]},"properties":{"source":"madrid","assetnum":"1685154","district":"CENTRO","barrio":"EMBAJADORES","species_code":"PDA","species":"PLATANUS X HISPANICA","perimeter_cm":153.0,"height":18.0,"municipal_x":439992.736,"municipal_y":4473194.418}},{"type":"Feature","id":"MAD-9101080","geometry":{"type":"Point","coordinates":[-3.6953241,40.4102628]},"properties":{"source":"madrid","assetnum":"9101080","district":"CENTRO","barrio":"EMBAJADORES","species_code":"PCP","species":"PRUNUS CERASIFERA  SUBSP. PISSARDII","perimeter_cm":18.0,"height":5.0,"municipal_x":441003.84,"municipal_y":4473526.064}},{"type":"Feature","id":"MAD-1655306","geometry":{"type":"Point","coordinates":[-3.6933077,40.4079443]},"properties":{"source":"madrid","assetnum":"1655306","district":"CENTRO","barrio":"EMBAJADORES","species_code":"PDA","species":"PLATANUS X HISPANICA","perimeter_cm":154.0,"height":18.0,"municipal_x":441172.911,"municipal_y":4473267.364}},{"type":"Feature","id":"MAD-6747398","geometry":{"type":"Point","coordinates":[-3.7042679,40.4068846]},"properties":{"source":"madrid","assetnum":"6747398","district":"CENTRO","barrio":"EMBAJADORES","species_code":"KPA","species":"KOELREUTERIA PANICULATA","perimeter_cm":23.0,"height":5.0,"municipal_x":440241.994,"municipal_y":4473157.089}},{"type":"Feature","id":"MAD-10140154","geometry":{"type":"Point","coordinates":[-3.7070669,40.4099682]},"properties":{"source":"madrid","assetnum":"10140154","district":"CENTRO","barrio":"EMBAJADORES","species_code":"LJA","species":"LIGUSTRUM JAPONICUM","perimeter_cm":20.0,"height":4.2,"municipal_x":440007.229,"municipal_y":4473501.27}},{"type":"Feature","id":"MAD-1683738","geometry":{"type":"Point","coordinates":[-3.700221,40.4084009]},"properties":{"source":"madrid","assetnum":"1683738","district":"CENTRO","barrio":"EMBAJADORES","species_code":"UPU","species":"ULMUS PUMILA","perimeter_cm":105.0,"height":17.0,"municipal_x":440586.714,"municipal_y":4473322.672}},{"type":"Feature","id":"MAD-1685254","geometry":{"type":"Point","coordinates":[-3.6970907,40.4079026]},"properties":{"source":"madrid","assetnum":"1685254","district":"CENTRO","barrio":"EMBAJADORES","species_code":"SJA","species":"STYPHNOLOBIUM JAPONICUM","perimeter_cm":43.0,"height":9.0,"municipal_x":440851.885,"municipal_y":4473265.266}},{"type":"Feature","id":"MAD-1683992","geometry":{"type":"Point","coordinates":[-3.7018087,40.4092491]},"properties":{"source":"madrid","assetnum":"1683992","district":"CENTRO","barrio":"EMBAJADORES","species_code":"RPS","species":"ROBINIA PSEUDOACACIA","perimeter_cm":37.0,"height":7.0,"municipal_x":440452.746,"municipal_y":4473417.895}},{"type":"Feature","id":"MAD-5127912","geometry":{"type":"Point","coordinates":[-3.7006286,40.4056857]},"properties":{"source":"madrid","assetnum":"5127912","district":"CENTRO","barrio":"EMBAJADORES","species_code":"LJA","species":"LIGUSTRUM JAPONICUM","perimeter_cm":14.0,"height":3.0,"municipal_x":440549.736,"municipal_y":4473021.561}},{"type":"Feature","id":"MAD-9387190","geometry":{"type":"Point","coordinates":[-3.701189,40.4068098]},"properties":{"source":"madrid","assetnum":"9387190","district":"CENTRO","barrio":"EMBAJADORES","species_code":"ACA","species":"ACER CAMPESTRE","perimeter_cm":20.0,"height":5.2,"municipal_x":440503.173,"municipal_y":4473146.712}},{"type":"Feature","id":"MAD-1661245","geometry":{"type":"Point","coordinates":[-3.7049631,40.4086363]},"properties":{"source":"madrid","assetnum":"1661245","district":"CENTRO","barrio":"EMBAJADORES","species_code":"SJA","species":"STYPHNOLOBIUM JAPONICUM","perimeter_cm":54.0,"height":10.0,"municipal_x":440184.557,"municipal_y":4473351.997}},{"type":"Feature","id":"MAD-1661068","geometry":{"type":"Point","coordinates":[-3.7074901,40.4127367]},"properties":{"source":"madrid","assetnum":"1661068","district":"CENTRO","barrio":"EMBAJADORES","species_code":"LJA","species":"LIGUSTRUM JAPONICUM","perimeter_cm":27.0,"height":3.5,"municipal_x":439973.777,"municipal_y":4473808.855}},{"type":"Feature","id":"MAD-1643717","geometry":{"type":"Point","coordinates":[-3.7084381,40.4062796]},"properties":{"source":"madrid","assetnum":"1643717","district":"CENTRO","barrio":"EMBAJADORES","species_code":"LIN","species":"LAGERSTROEMIA INDICA","perimeter_cm":20.0,"height":6.0,"municipal_x":439887.606,"municipal_y":4473092.772}},{"type":"Feature","id":"MAD-1657017","geometry":{"type":"Point","coordinates":[-3.6992836,40.4082573]},"properties":{"source":"madrid","assetnum":"1657017","district":"CENTRO","barrio":"EMBAJADORES","species_code":"SJA","species":"STYPHNOLOBIUM JAPONICUM","perimeter_cm":37.0,"height":10.0,"municipal_x":440666.124,"municipal_y":4473306.101}},{"type":"Feature","id":"MAD-1682912","geometry":{"type":"Point","coordinates":[-3.6957952,40.4085672]},"properties":{"source":"madrid","assetnum":"1682912","district":"CENTRO","barrio":"EMBAJADORES","species_code":"LJV","species":"LIGUSTRUM JAPONICUM 'VARIEGATUM'","perimeter_cm":42.0,"height":8.0,"municipal_x":440962.383,"municipal_y":4473338.17}},{"type":"Feature","id":"MAD-1660378","geometry":{"type":"Point","coordinates":[-3.7074348,40.4100959]},"properties":{"source":"madrid","assetnum":"1660378","district":"CENTRO","barrio":"EMBAJADORES","species_code":"LJA","species":"LIGUSTRUM JAPONICUM","perimeter_cm":53.0,"height":8.0,"municipal_x":439976.126,"municipal_y":4473515.693}},{"type":"Feature","id":"MAD-9387184","geometry":{"type":"Point","coordinates":[-3.7003671,40.4114134]},"properties":{"source":"madrid","assetnum":"9387184","district":"CENTRO","barrio":"EMBAJADORES","species_code":"RGE","species":"ROBINIA X MARGARETTA 'CASQUE ROUGE'","perimeter_cm":20.0,"height":6.0,"municipal_x":440576.967,"municipal_y":4473657.16}},{"type":"Feature","id":"MAD-1683436","geometry":{"type":"Point","coordinates":[-3.6959059,40.4076756]},"properties":{"source":"madrid","assetnum":"1683436","district":"CENTRO","barrio":"EMBAJADORES","species_code":"RPS","species":"ROBINIA PSEUDOACACIA","perimeter_cm":50.0,"height":10.0,"municipal_x":440952.217,"municipal_y":4473239.277}},{"type":"Feature","id":"MAD-9942983","geometry":{"type":"Point","coordinates":[-3.70004,40.4088326]},"properties":{"source":"madrid","assetnum":"9942983","district":"CENTRO","barrio":"EMBAJADORES","species_code":"HSY","species":"HIBISCUS SYRIACUS","perimeter_cm":16.0,"height":3.0,"municipal_x":440602.448,"municipal_y":4473370.466}},{"type":"Feature","id":"MAD-9430587","geometry":{"type":"Point","coordinates":[-3.6960387,40.4095879]},"properties":{"source":"madrid","assetnum":"9430587","district":"CENTRO","barrio":"EMBAJADORES","species_code":"PDA","species":"PLATANUS X HISPANICA","perimeter_cm":18.0,"height":4.2,"municipal_x":440942.614,"municipal_y":4473451.628}},{"type":"Feature","id":"MAD-9101086","geometry":{"type":"Point","coordinates":[-3.695872,40.4104997]},"properties":{"source":"madrid","assetnum":"9101086","district":"CENTRO","barrio":"EMBAJADORES","species_code":"PCP","species":"PRUNUS CERASIFERA  SUBSP. PISSARDII","perimeter_cm":18.0,"height":5.0,"municipal_x":440957.561,"municipal_y":4473552.726}},{"type":"Feature","id":"MAD-1652533","geometry":{"type":"Point","coordinates":[-3.6958989,40.4106248]},"properties":{"source":"madrid","assetnum":"1652533","district":"CENTRO","barrio":"EMBAJADORES","species_code":"PDA","species":"PLATANUS X HISPANICA","perimeter_cm":98.0,"height":13.0,"municipal_x":440955.382,"municipal_y":4473566.633}},{"type":"Feature","id":"MAD-1656791","geometry":{"type":"Point","coordinates":[-3.7001886,40.4060344]},"properties":{"source":"madrid","assetnum":"1656791","district":"CENTRO","barrio":"EMBAJADORES","species_code":"LJA","species":"LIGUSTRUM JAPONICUM","perimeter_cm":28.0,"height":8.0,"municipal_x":440587.382,"municipal_y":4473059.97}},{"type":"Feature","id":"MAD-1674566","geometry":{"type":"Point","coordinates":[-3.7080349,40.4094198]},"properties":{"source":"madrid","assetnum":"1674566","district":"CENTRO","barrio":"EMBAJADORES","species_code":"AHI","species":"AESCULUS HIPPOCASTANUM","perimeter_cm":97.0,"height":9.0,"municipal_x":439924.604,"municipal_y":4473441.052}},{"type":"Feature","id":"MAD-1691610","geometry":{"type":"Point","coordinates":[-3.7055677,40.4056833]},"properties":{"source":"madrid","assetnum":"1691610","district":"CENTRO","barrio":"EMBAJADORES","species_code":"SJA","species":"STYPHNOLOBIUM JAPONICUM","perimeter_cm":44.0,"height":6.0,"municipal_x":440130.639,"municipal_y":4473024.635}},{"type":"Feature","id":"MAD-1653381","geometry":{"type":"Point","coordinates":[-3.7029225,40.4057717]},"properties":{"source":"madrid","assetnum":"1653381","district":"CENTRO","barrio":"EMBAJADORES","species_code":"LJV","species":"LIGUSTRUM JAPONICUM 'VARIEGATUM'","perimeter_cm":39.0,"height":10.0,"municipal_x":440355.172,"municipal_y":4473032.653}},{"type":"Feature","id":"MAD-2009338","geometry":{"type":"Point","coordinates":[-3.7000596,40.4074238]},"properties":{"source":"madrid","assetnum":"2009338","district":"CENTRO","barrio":"EMBAJADORES","species_code":"HSY","species":"HIBISCUS SYRIACUS","perimeter_cm":24.0,"height":7.0,"municipal_x":440599.551,"municipal_y":4473214.103}},{"type":"Feature","id":"MAD-9034213","geometry":{"type":"Point","coordinates":[-3.7011314,40.40687]},"properties":{"source":"madrid","assetnum":"9034213","district":"CENTRO","barrio":"EMBAJADORES","species_code":"PCP","species":"PRUNUS CERASIFERA  SUBSP. PISSARDII","perimeter_cm":14.0,"height":3.5,"municipal_x":440508.113,"municipal_y":4473153.352}},{"type":"Feature","id":"MAD-1642884","geometry":{"type":"Point","coordinates":[-3.7042594,40.4067969]},"properties":{"source":"madrid","assetnum":"1642884","district":"CENTRO","barrio":"EMBAJADORES","species_code":"MEA","species":"MELIA AZEDARACH","perimeter_cm":52.0,"height":7.0,"municipal_x":440242.636,"municipal_y":4473147.357}},{"type":"Feature","id":"MAD-1659877","geometry":{"type":"Point","coordinates":[-3.694544,40.4100309]},"properties":{"source":"madrid","assetnum":"1659877","district":"CENTRO","barrio":"EMBAJADORES","species_code":"SJA","species":"STYPHNOLOBIUM JAPONICUM","perimeter_cm":44.0,"height":10.0,"municipal_x":441069.829,"municipal_y":4473499.797}},{"type":"Feature","id":"MAD-1655316","geometry":{"type":"Point","coordinates":[-3.7002184,40.4128724]},"properties":{"source":"madrid","assetnum":"1655316","district":"CENTRO","barrio":"EMBAJADORES","species_code":"AHI","species":"AESCULUS HIPPOCASTANUM","perimeter_cm":42.0,"height":7.0,"municipal_x":440590.866,"municipal_y":4473819.003}},{"type":"Feature","id":"MAD-1635157","geometry":{"type":"Point","coordinates":[-3.7056472,40.4059201]},"properties":{"source":"madrid","assetnum":"1635157","district":"CENTRO","barrio":"EMBAJADORES","species_code":"SJA","species":"STYPHNOLOBIUM JAPONICUM","perimeter_cm":170.0,"height":10.0,"municipal_x":440124.097,"municipal_y":4473050.972}},{"type":"Feature","id":"MAD-1681947","geometry":{"type":"Point","coordinates":[-3.6953243,40.4103809]},"properties":{"source":"madrid","assetnum":"1681947","district":"CENTRO","barrio":"EMBAJADORES","species_code":"PDA","species":"PLATANUS X HISPANICA","perimeter_cm":225.0,"height":20.0,"municipal_x":441003.928,"municipal_y":4473539.167}},{"type":"Feature","id":"MAD-1680311","geometry":{"type":"Point","coordinates":[-3.6956645,40.4105223]},"properties":{"source":"madrid","assetnum":"1680311","district":"CENTRO","barrio":"EMBAJADORES","species_code":"PDA","species":"PLATANUS X HISPANICA","perimeter_cm":111.0,"height":16.0,"municipal_x":440975.185,"municipal_y":4473555.099}},{"type":"Feature","id":"MAD-1683950","geometry":{"type":"Point","coordinates":[-3.707119,40.4107638]},"properties":{"source":"madrid","assetnum":"1683950","district":"CENTRO","barrio":"EMBAJADORES","species_code":"LJA","species":"LIGUSTRUM JAPONICUM","perimeter_cm":39.0,"height":7.0,"municipal_x":440003.512,"municipal_y":4473589.615}},{"type":"Feature","id":"MAD-1635715","geometry":{"type":"Point","coordinates":[-3.7054377,40.4058208]},"properties":{"source":"madrid","assetnum":"1635715","district":"CENTRO","barrio":"EMBAJADORES","species_code":"SJA","species":"STYPHNOLOBIUM JAPONICUM","perimeter_cm":76.0,"height":8.0,"municipal_x":440141.791,"municipal_y":4473039.805}},{"type":"Feature","id":"MAD-1656292","geometry":{"type":"Point","coordinates":[-3.7009206,40.4100053]},"properties":{"source":"madrid","assetnum":"1656292","district":"CENTRO","barrio":"EMBAJADORES","species_code":"RPS","species":"ROBINIA PSEUDOACACIA","perimeter_cm":39.0,"height":7.5,"municipal_x":440528.766,"municipal_y":4473501.233}},{"type":"Feature","id":"MAD-10202449","geometry":{"type":"Point","coordinates":[-3.704653,40.4123732]},"properties":{"source":"madrid","assetnum":"10202449","district":"CENTRO","barrio":"EMBAJADORES","species_code":"PAR","species":"PYRUS CALLERYANA 'CHANTICLEER'","perimeter_cm":28.0,"height":5.5,"municipal_x":440214.168,"municipal_y":4473766.582}},{"type":"Feature","id":"MAD-1653157","geometry":{"type":"Point","coordinates":[-3.6978653,40.4071514]},"properties":{"source":"madrid","assetnum":"1653157","district":"CENTRO","barrio":"EMBAJADORES","species_code":"SJA","species":"STYPHNOLOBIUM JAPONICUM","perimeter_cm":35.0,"height":9.0,"municipal_x":440785.502,"municipal_y":4473182.396}},{"type":"Feature","id":"MAD-1685264","geometry":{"type":"Point","coordinates":[-3.6959865,40.409565]},"properties":{"source":"madrid","assetnum":"1685264","district":"CENTRO","barrio":"EMBAJADORES","species_code":"PDA","species":"PLATANUS X HISPANICA","perimeter_cm":71.0,"height":14.0,"municipal_x":440947.024,"municipal_y":4473449.048}},{"type":"Feature","id":"MAD-8365726","geometry":{"type":"Point","coordinates":[-3.702431,40.4106153]},"properties":{"source":"madrid","assetnum":"8365726","district":"CENTRO","barrio":"EMBAJADORES","species_code":"MEA","species":"MELIA AZEDARACH","perimeter_cm":26.0,"height":5.0,"municipal_x":440401.151,"municipal_y":4473569.964}},{"type":"Feature","id":"MAD-1686508","geometry":{"type":"Point","coordinates":[-3.7072566,40.4083726]},"properties":{"source":"madrid","assetnum":"1686508","district":"CENTRO","barrio":"EMBAJADORES","species_code":"PDA","species":"PLATANUS X HISPANICA","perimeter_cm":81.0,"height":14.0,"municipal_x":439989.717,"municipal_y":4473324.289}},{"type":"Feature","id":"MAD-10202628","geometry":{"type":"Point","coordinates":[-3.7003171,40.4107562]},"properties":{"source":"madrid","assetnum":"10202628","district":"CENTRO","barrio":"EMBAJADORES","species_code":"AMO","species":"ACER MONSPESSULANUM","perimeter_cm":18.0,"height":4.0,"municipal_x":440580.632,"municipal_y":4473584.178}},{"type":"Feature","id":"MAD-1645230","geometry":{"type":"Point","coordinates":[-3.7039528,40.4096746]},"properties":{"source":"madrid","assetnum":"1645230","district":"CENTRO","barrio":"EMBAJADORES","species_code":"PCY","species":"PYRUS CALLERYANA","perimeter_cm":49.0,"height":6.0,"municipal_x":440271.193,"municipal_y":4473466.57}},{"type":"Feature","id":"MAD-2053828","geometry":{"type":"Point","coordinates":[-3.6932811,40.4074324]},"properties":{"source":"madrid","assetnum":"2053828","district":"CENTRO","barrio":"EMBAJADORES","species_code":"QIL","species":"QUERCUS ILEX","perimeter_cm":38.0,"height":7.0,"municipal_x":441174.716,"municipal_y":4473210.532}},{"type":"Feature","id":"MAD-1683994","geometry":{"type":"Point","coordinates":[-3.7003836,40.4076656]},"properties":{"source":"madrid","assetnum":"1683994","district":"CENTRO","barrio":"EMBAJADORES","species_code":"LJA","species":"LIGUSTRUM JAPONICUM","perimeter_cm":56.0,"height":8.0,"municipal_x":440572.268,"municipal_y":4473241.161}},{"type":"Feature","id":"MAD-9383084","geometry":{"type":"Point","coordinates":[-3.7060956,40.407026]},"properties":{"source":"madrid","assetnum":"9383084","district":"CENTRO","barrio":"EMBAJADORES","species_code":"AHI","species":"AESCULUS HIPPOCASTANUM","perimeter_cm":18.0,"height":3.6,"municipal_x":440087.03,"municipal_y":4473174.028}},{"type":"Feature","id":"MAD-1683832","geometry":{"type":"Point","coordinates":[-3.7000239,40.4058528]},"properties":{"source":"madrid","assetnum":"1683832","district":"CENTRO","barrio":"EMBAJADORES","species_code":"ANE","species":"ACER NEGUNDO","perimeter_cm":52.0,"height":10.0,"municipal_x":440601.197,"municipal_y":4473039.703}},{"type":"Feature","id":"MAD-1659839","geometry":{"type":"Point","coordinates":[-3.7060904,40.4068567]},"properties":{"source":"madrid","assetnum":"1659839","district":"CENTRO","barrio":"EMBAJADORES","species_code":"AHI","species":"AESCULUS HIPPOCASTANUM","perimeter_cm":48.0,"height":11.0,"municipal_x":440087.32,"municipal_y":4473155.23}},{"type":"Feature","id":"MAD-1672395","geometry":{"type":"Point","coordinates":[-3.7011531,40.4056376]},"properties":{"source":"madrid","assetnum":"1672395","district":"CENTRO","barrio":"EMBAJADORES","species_code":"LJA","species":"LIGUSTRUM JAPONICUM","perimeter_cm":63.0,"height":11.0,"municipal_x":440505.193,"municipal_y":4473016.579}},{"type":"Feature","id":"MAD-1670300","geometry":{"type":"Point","coordinates":[-3.6957848,40.4092977]},"properties":{"source":"madrid","assetnum":"1670300","district":"CENTRO","barrio":"EMBAJADORES","species_code":"AJU","species":"ALBIZIA JULIBRISSIN","perimeter_cm":49.0,"height":9.0,"municipal_x":440963.906,"municipal_y":4473419.241}},{"type":"Feature","id":"MAD-1660995","geometry":{"type":"Point","coordinates":[-3.7045285,40.4085419]},"properties":{"source":"madrid","assetnum":"1660995","district":"CENTRO","barrio":"EMBAJADORES","species_code":"UPU","species":"ULMUS PUMILA","perimeter_cm":101.0,"height":14.0,"municipal_x":440221.346,"municipal_y":4473341.226}},{"type":"Feature","id":"MAD-1661375","geometry":{"type":"Point","coordinates":[-3.7045827,40.4085505]},"properties":{"source":"madrid","assetnum":"1661375","district":"CENTRO","barrio":"EMBAJADORES","species_code":"UPU","species":"ULMUS PUMILA","perimeter_cm":78.0,"height":14.0,"municipal_x":440216.756,"municipal_y":4473342.226}},{"type":"Feature","id":"MAD-1636387","geometry":{"type":"Point","coordinates":[-3.7052911,40.4057126]},"properties":{"source":"madrid","assetnum":"1636387","district":"CENTRO","barrio":"EMBAJADORES","species_code":"SJA","species":"STYPHNOLOBIUM JAPONICUM","perimeter_cm":250.0,"height":16.0,"municipal_x":440154.135,"municipal_y":4473027.692}},{"type":"Feature","id":"MAD-1671808","geometry":{"type":"Point","coordinates":[-3.7010045,40.4103793]},"properties":{"source":"madrid","assetnum":"1671808","district":"CENTRO","barrio":"EMBAJADORES","species_code":"MGR","species":"MAGNOLIA GRANDIFLORA","perimeter_cm":63.0,"height":12.0,"municipal_x":440521.976,"municipal_y":4473542.797}},{"type":"Feature","id":"MAD-7129746","geometry":{"type":"Point","coordinates":[-3.707328,40.4112731]},"properties":{"source":"madrid","assetnum":"7129746","district":"CENTRO","barrio":"EMBAJADORES","species_code":"LJA","species":"LIGUSTRUM JAPONICUM","perimeter_cm":26.0,"height":3.5,"municipal_x":439986.236,"municipal_y":4473646.292}},{"type":"Feature","id":"MAD-10202626","geometry":{"type":"Point","coordinates":[-3.7088861,40.4088225]},"properties":{"source":"madrid","assetnum":"10202626","district":"CENTRO","barrio":"EMBAJADORES","species_code":"AMO","species":"ACER MONSPESSULANUM","perimeter_cm":18.0,"height":4.0,"municipal_x":439851.855,"municipal_y":4473375.334}},{"type":"Feature","id":"MAD-6963480","geometry":{"type":"Point","coordinates":[-3.7035074,40.406776]},"properties":{"source":"madrid","assetnum":"6963480","district":"CENTRO","barrio":"EMBAJADORES","species_code":"AUM","species":"ACER BUERGERIANUM","perimeter_cm":17.0,"height":4.0,"municipal_x":440306.427,"municipal_y":4473144.526}},{"type":"Feature","id":"MAD-5037596","geometry":{"type":"Point","coordinates":[-3.6967809,40.4097878]},"properties":{"source":"madrid","assetnum":"5037596","district":"CENTRO","barrio":"EMBAJADORES","species_code":"AJU","species":"ALBIZIA JULIBRISSIN","perimeter_cm":15.0,"height":3.0,"municipal_x":440879.821,"municipal_y":4473474.313}},{"type":"Feature","id":"MAD-1631261","geometry":{"type":"Point","coordinates":[-3.7060784,40.406115]},"properties":{"source":"madrid","assetnum":"1631261","district":"CENTRO","barrio":"EMBAJADORES","species_code":"SJA","species":"STYPHNOLOBIUM JAPONICUM","perimeter_cm":146.0,"height":12.0,"municipal_x":440087.688,"municipal_y":4473072.892}},{"type":"Feature","id":"MAD-9934801","geometry":{"type":"Point","coordinates":[-3.7080624,40.4093384]},"properties":{"source":"madrid","assetnum":"9934801","district":"CENTRO","barrio":"EMBAJADORES","species_code":"AHI","species":"AESCULUS HIPPOCASTANUM","perimeter_cm":16.0,"height":2.7,"municipal_x":439922.199,"municipal_y":4473432.041}},{"type":"Feature","id":"MAD-1651682","geometry":{"type":"Point","coordinates":[-3.6940825,40.4098315]},"properties":{"source":"madrid","assetnum":"1651682","district":"CENTRO","barrio":"EMBAJADORES","species_code":"SJA","species":"STYPHNOLOBIUM JAPONICUM","perimeter_cm":35.0,"height":7.0,"municipal_x":441108.809,"municipal_y":4473477.36}},{"type":"Feature","id":"MAD-1653323","geometry":{"type":"Point","coordinates":[-3.6931353,40.408728]},"properties":{"source":"madrid","assetnum":"1653323","district":"CENTRO","barrio":"EMBAJADORES","species_code":"LST","species":"LIQUIDAMBAR STYRACIFLUA","perimeter_cm":44.0,"height":10.0,"municipal_x":441188.222,"municipal_y":4473354.245}},{"type":"Feature","id":"MAD-1683578","geometry":{"type":"Point","coordinates":[-3.6973792,40.4079601]},"properties":{"source":"madrid","assetnum":"1683578","district":"CENTRO","barrio":"EMBAJADORES","species_code":"SJA","species":"STYPHNOLOBIUM JAPONICUM","perimeter_cm":62.0,"height":12.0,"municipal_x":440827.453,"municipal_y":4473271.838}},{"type":"Feature","id":"MAD-1672558","geometry":{"type":"Point","coordinates":[-3.6969891,40.4066881]},"properties":{"source":"madrid","assetnum":"1672558","district":"CENTRO","barrio":"EMBAJADORES","species_code":"ANE","species":"ACER NEGUNDO","perimeter_cm":59.0,"height":9.0,"municipal_x":440859.437,"municipal_y":4473130.388}},{"type":"Feature","id":"MAD-1643716","geometry":{"type":"Point","coordinates":[-3.7088652,40.4064829]},"properties":{"source":"madrid","assetnum":"1643716","district":"CENTRO","barrio":"EMBAJADORES","species_code":"LIN","species":"LAGERSTROEMIA INDICA","perimeter_cm":22.0,"height":5.0,"municipal_x":439851.547,"municipal_y":4473115.623}},{"type":"Feature","id":"MAD-1643413","geometry":{"type":"Point","coordinates":[-3.7045136,40.4068183]},"properties":{"source":"madrid","assetnum":"1643413","district":"CENTRO","barrio":"EMBAJADORES","species_code":"FAM","species":"FRAXINUS AMERICANA","perimeter_cm":35.0,"height":7.0,"municipal_x":440221.085,"municipal_y":4473149.898}},{"type":"Feature","id":"MAD-1649734","geometry":{"type":"Point","coordinates":[-3.7048548,40.4063523]},"properties":{"source":"madrid","assetnum":"1649734","district":"CENTRO","barrio":"EMBAJADORES","species_code":"CAU","species":"CELTIS AUSTRALIS","perimeter_cm":57.0,"height":7.0,"municipal_x":440191.718,"municipal_y":4473098.401}},{"type":"Feature","id":"MAD-10202441","geometry":{"type":"Point","coordinates":[-3.7062311,40.4129539]},"properties":{"source":"madrid","assetnum":"10202441","district":"CENTRO","barrio":"EMBAJADORES","species_code":"SJA","species":"STYPHNOLOBIUM JAPONICUM","perimeter_cm":24.0,"height":5.0,"municipal_x":440080.794,"municipal_y":4473832.116}},{"type":"Feature","id":"MAD-1643419","geometry":{"type":"Point","coordinates":[-3.7042306,40.4065454]},"properties":{"source":"madrid","assetnum":"1643419","district":"CENTRO","barrio":"EMBAJADORES","species_code":"MEA","species":"MELIA AZEDARACH","perimeter_cm":81.0,"height":8.0,"municipal_x":440244.857,"municipal_y":4473119.418}},{"type":"Feature","id":"MAD-1635193","geometry":{"type":"Point","coordinates":[-3.7049729,40.406159]},"properties":{"source":"madrid","assetnum":"1635193","district":"CENTRO","barrio":"EMBAJADORES","species_code":"BRP","species":"BROUSSONETIA PAPYRIFERA","perimeter_cm":63.0,"height":7.0,"municipal_x":440181.532,"municipal_y":4473077.025}},{"type":"Feature","id":"MAD-1681358","geometry":{"type":"Point","coordinates":[-3.6992514,40.4081407]},"properties":{"source":"madrid","assetnum":"1681358","district":"CENTRO","barrio":"EMBAJADORES","species_code":"SJA","species":"STYPHNOLOBIUM JAPONICUM","perimeter_cm":124.0,"height":18.0,"municipal_x":440668.754,"municipal_y":4473293.14}},{"type":"Feature","id":"MAD-1659819","geometry":{"type":"Point","coordinates":[-3.7068794,40.4070579]},"properties":{"source":"madrid","assetnum":"1659819","district":"CENTRO","barrio":"EMBAJADORES","species_code":"AHI","species":"AESCULUS HIPPOCASTANUM","perimeter_cm":117.0,"height":11.0,"municipal_x":440020.558,"municipal_y":4473178.098}},{"type":"Feature","id":"MAD-1661609","geometry":{"type":"Point","coordinates":[-3.7073749,40.4072159]},"properties":{"source":"madrid","assetnum":"1661609","district":"CENTRO","barrio":"EMBAJADORES","species_code":"PDA","species":"PLATANUS X HISPANICA","perimeter_cm":138.0,"height":18.0,"municipal_x":439978.652,"municipal_y":4473195.976}},{"type":"Feature","id":"MAD-5272382","geometry":{"type":"Point","coordinates":[-3.694975,40.4102181]},"properties":{"source":"madrid","assetnum":"5272382","district":"CENTRO","barrio":"EMBAJADORES","species_code":"SJA","species":"STYPHNOLOBIUM JAPONICUM","perimeter_cm":24.0,"height":6.0,"municipal_x":441033.425,"municipal_y":4473520.869}},{"type":"Feature","id":"MAD-1680331","geometry":{"type":"Point","coordinates":[-3.7012574,40.4058753]},"properties":{"source":"madrid","assetnum":"1680331","district":"CENTRO","barrio":"EMBAJADORES","species_code":"LJA","species":"LIGUSTRUM JAPONICUM","perimeter_cm":25.0,"height":7.0,"municipal_x":440496.545,"municipal_y":4473043.034}},{"type":"Feature","id":"MAD-1685153","geometry":{"type":"Point","coordinates":[-3.7080503,40.4065813]},"properties":{"source":"madrid","assetnum":"1685153","district":"CENTRO","barrio":"EMBAJADORES","species_code":"APS","species":"ACER PSEUDOPLATANUS","perimeter_cm":55.0,"height":9.0,"municipal_x":439920.779,"municipal_y":4473125.991}},{"type":"Feature","id":"MAD-1652330","geometry":{"type":"Point","coordinates":[-3.6970563,40.4112323]},"properties":{"source":"madrid","assetnum":"1652330","district":"CENTRO","barrio":"EMBAJADORES","species_code":"PDA","species":"PLATANUS X HISPANICA","perimeter_cm":44.0,"height":9.0,"municipal_x":440857.719,"municipal_y":4473634.834}},{"type":"Feature","id":"MAD-2066490","geometry":{"type":"Point","coordinates":[-3.7042284,40.4079179]},"properties":{"source":"madrid","assetnum":"2066490","district":"CENTRO","barrio":"EMBAJADORES","species_code":"LJA","species":"LIGUSTRUM JAPONICUM","perimeter_cm":16.0,"height":4.5,"municipal_x":440246.256,"municipal_y":4473271.765}},{"type":"Feature","id":"MAD-1661311","geometry":{"type":"Point","coordinates":[-3.7074059,40.4093963]},"properties":{"source":"madrid","assetnum":"1661311","district":"CENTRO","barrio":"EMBAJADORES","species_code":"PDA","species":"PLATANUS X HISPANICA","perimeter_cm":109.0,"height":18.0,"municipal_x":439977.959,"municipal_y":4473438.02}},{"type":"Feature","id":"MAD-1653324","geometry":{"type":"Point","coordinates":[-3.6932131,40.4086236]},"properties":{"source":"madrid","assetnum":"1653324","district":"CENTRO","barrio":"EMBAJADORES","species_code":"LST","species":"LIQUIDAMBAR STYRACIFLUA","perimeter_cm":20.0,"height":5.0,"municipal_x":441181.522,"municipal_y":4473342.705}},{"type":"Feature","id":"MAD-1658585","geometry":{"type":"Point","coordinates":[-3.7011763,40.4090767]},"properties":{"source":"madrid","assetnum":"1658585","district":"CENTRO","barrio":"EMBAJADORES","species_code":"LJA","species":"LIGUSTRUM JAPONICUM","perimeter_cm":36.0,"height":6.0,"municipal_x":440506.247,"municipal_y":4473398.329}},{"type":"Feature","id":"MAD-1673142","geometry":{"type":"Point","coordinates":[-3.7072706,40.4080675]},"properties":{"source":"madrid","assetnum":"1673142","district":"CENTRO","barrio":"EMBAJADORES","species_code":"PDA","species":"PLATANUS X HISPANICA","perimeter_cm":138.0,"height":18.0,"municipal_x":439988.257,"municipal_y":4473290.429}},{"type":"Feature","id":"MAD-2011360","geometry":{"type":"Point","coordinates":[-3.6957382,40.4078875]},"properties":{"source":"madrid","assetnum":"2011360","district":"CENTRO","barrio":"EMBAJADORES","species_code":"RPS","species":"ROBINIA PSEUDOACACIA","perimeter_cm":22.0,"height":7.0,"municipal_x":440966.631,"municipal_y":4473262.687}},{"type":"Feature","id":"MAD-7925217","geometry":{"type":"Point","coordinates":[-3.7042658,40.4068469]},"properties":{"source":"madrid","assetnum":"7925217","district":"CENTRO","barrio":"EMBAJADORES","species_code":"KPA","species":"KOELREUTERIA PANICULATA","perimeter_cm":17.0,"height":3.5,"municipal_x":440242.137,"municipal_y":4473152.903}},{"type":"Feature","id":"MAD-9037387","geometry":{"type":"Point","coordinates":[-3.7012622,40.4087225]},"properties":{"source":"madrid","assetnum":"9037387","district":"CENTRO","barrio":"EMBAJADORES","species_code":"LJA","species":"LIGUSTRUM JAPONICUM","perimeter_cm":16.0,"height":4.5,"municipal_x":440498.65,"municipal_y":4473359.073}},{"type":"Feature","id":"MAD-1656790","geometry":{"type":"Point","coordinates":[-3.6995066,40.406256]},"properties":{"source":"madrid","assetnum":"1656790","district":"CENTRO","barrio":"EMBAJADORES","species_code":"LJA","species":"LIGUSTRUM JAPONICUM","perimeter_cm":53.0,"height":8.0,"municipal_x":440645.442,"municipal_y":4473084.11}},{"type":"Feature","id":"MAD-1659798","geometry":{"type":"Point","coordinates":[-3.708231,40.4093677]},"properties":{"source":"madrid","assetnum":"1659798","district":"CENTRO","barrio":"EMBAJADORES","species_code":"AHI","species":"AESCULUS HIPPOCASTANUM","perimeter_cm":97.0,"height":6.0,"municipal_x":439907.927,"municipal_y":4473435.4}},{"type":"Feature","id":"MAD-7901886","geometry":{"type":"Point","coordinates":[-3.6939051,40.409107]},"properties":{"source":"madrid","assetnum":"7901886","district":"CENTRO","barrio":"EMBAJADORES","species_code":"LST","species":"LIQUIDAMBAR STYRACIFLUA","perimeter_cm":12.0,"height":3.0,"municipal_x":441123.235,"municipal_y":4473396.828}},{"type":"Feature","id":"MAD-9345676","geometry":{"type":"Point","coordinates":[-3.7080415,40.4065486]},"properties":{"source":"madrid","assetnum":"9345676","district":"CENTRO","barrio":"EMBAJADORES","species_code":"LJV","species":"LIGUSTRUM JAPONICUM 'VARIEGATUM'","perimeter_cm":14.0,"height":2.8,"municipal_x":439921.499,"municipal_y":4473122.361}},{"type":"Feature","id":"MAD-10202475","geometry":{"type":"Point","coordinates":[-3.7044731,40.4121909]},"properties":{"source":"madrid","assetnum":"10202475","district":"CENTRO","barrio":"EMBAJADORES","species_code":"CAU","species":"CELTIS AUSTRALIS","perimeter_cm":27.0,"height":5.0,"municipal_x":440229.277,"municipal_y":4473746.227}},{"type":"Feature","id":"MAD-1671814","geometry":{"type":"Point","coordinates":[-3.6968772,40.4078694]},"properties":{"source":"madrid","assetnum":"1671814","district":"CENTRO","barrio":"EMBAJADORES","species_code":"UPU","species":"ULMUS PUMILA","perimeter_cm":107.0,"height":15.0,"municipal_x":440869.965,"municipal_y":4473261.436}},{"type":"Feature","id":"MAD-10145043","geometry":{"type":"Point","coordinates":[-3.6944167,40.4089618]},"properties":{"source":"madrid","assetnum":"10145043","district":"CENTRO","barrio":"EMBAJADORES","species_code":"LJV","species":"LIGUSTRUM JAPONICUM 'VARIEGATUM'","perimeter_cm":16.0,"height":3.38,"municipal_x":441079.7,"municipal_y":4473381.045}},{"type":"Feature","id":"MAD-10202491","geometry":{"type":"Point","coordinates":[-3.7046999,40.4135378]},"properties":{"source":"madrid","assetnum":"10202491","district":"CENTRO","barrio":"EMBAJADORES","species_code":"CAU","species":"CELTIS AUSTRALIS","perimeter_cm":25.0,"height":5.0,"municipal_x":440211.221,"municipal_y":4473895.888}},{"type":"Feature","id":"MAD-1650641","geometry":{"type":"Point","coordinates":[-3.7035702,40.4098588]},"properties":{"source":"madrid","assetnum":"1650641","district":"CENTRO","barrio":"EMBAJADORES","species_code":"KPA","species":"KOELREUTERIA PANICULATA","perimeter_cm":39.0,"height":5.0,"municipal_x":440303.817,"municipal_y":4473486.757}},{"type":"Feature","id":"MAD-1656345","geometry":{"type":"Point","coordinates":[-3.6998754,40.4066244]},"properties":{"source":"madrid","assetnum":"1656345","district":"CENTRO","barrio":"EMBAJADORES","species_code":"LJA","species":"LIGUSTRUM JAPONICUM","perimeter_cm":46.0,"height":9.0,"municipal_x":440614.476,"municipal_y":4473125.252}},{"type":"Feature","id":"MAD-1671827","geometry":{"type":"Point","coordinates":[-3.6966713,40.4097353]},"properties":{"source":"madrid","assetnum":"1671827","district":"CENTRO","barrio":"EMBAJADORES","species_code":"AJU","species":"ALBIZIA JULIBRISSIN","perimeter_cm":93.0,"height":9.0,"municipal_x":440889.071,"municipal_y":4473468.406}},{"type":"Feature","id":"MAD-1644395","geometry":{"type":"Point","coordinates":[-3.7044905,40.4065523]},"properties":{"source":"madrid","assetnum":"1644395","district":"CENTRO","barrio":"EMBAJADORES","species_code":"MEA","species":"MELIA AZEDARACH","perimeter_cm":47.0,"height":7.0,"municipal_x":440222.813,"municipal_y":4473120.358}},{"type":"Feature","id":"MAD-9387752","geometry":{"type":"Point","coordinates":[-3.7059386,40.4064003]},"properties":{"source":"madrid","assetnum":"9387752","district":"CENTRO","barrio":"EMBAJADORES","species_code":"PDU","species":"PRUNUS DULCIS","perimeter_cm":16.0,"height":2.0,"municipal_x":440099.802,"municipal_y":4473104.473}},{"type":"Feature","id":"MAD-1671369","geometry":{"type":"Point","coordinates":[-3.7037211,40.406939]},"properties":{"source":"madrid","assetnum":"1671369","district":"CENTRO","barrio":"EMBAJADORES","species_code":"RPS","species":"ROBINIA PSEUDOACACIA","perimeter_cm":92.0,"height":16.0,"municipal_x":440288.432,"municipal_y":4473162.768}},{"type":"Feature","id":"MAD-10126806","geometry":{"type":"Point","coordinates":[-3.7037978,40.4067585]},"properties":{"source":"madrid","assetnum":"10126806","district":"CENTRO","barrio":"EMBAJADORES","species_code":"PAR","species":"PYRUS CALLERYANA 'CHANTICLEER'","perimeter_cm":16.0,"height":3.0,"municipal_x":440281.765,"municipal_y":4473142.781}},{"type":"Feature","id":"MAD-1647651","geometry":{"type":"Point","coordinates":[-3.6997464,40.4069374]},"properties":{"source":"madrid","assetnum":"1647651","district":"CENTRO","barrio":"EMBAJADORES","species_code":"LJV","species":"LIGUSTRUM JAPONICUM 'VARIEGATUM'","perimeter_cm":26.0,"height":5.0,"municipal_x":440625.696,"municipal_y":4473159.912}},{"type":"Feature","id":"MAD-1683444","geometry":{"type":"Point","coordinates":[-3.7015502,40.4090209]},"properties":{"source":"madrid","assetnum":"1683444","district":"CENTRO","barrio":"EMBAJADORES","species_code":"RPS","species":"ROBINIA PSEUDOACACIA","perimeter_cm":51.0,"height":7.0,"municipal_x":440474.476,"municipal_y":4473392.393}},{"type":"Feature","id":"MAD-9394504","geometry":{"type":"Point","coordinates":[-3.7042359,40.4116598]},"properties":{"source":"madrid","assetnum":"9394504","district":"CENTRO","barrio":"EMBAJADORES","species_code":"LJA","species":"LIGUSTRUM JAPONICUM","perimeter_cm":18.0,"height":3.2,"municipal_x":440248.932,"municipal_y":4473687.121}},{"type":"Feature","id":"MAD-1635169","geometry":{"type":"Point","coordinates":[-3.7054801,40.4060243]},"properties":{"source":"madrid","assetnum":"1635169","district":"CENTRO","barrio":"EMBAJADORES","species_code":"AAL","species":"AILANTHUS ALTISSIMA","perimeter_cm":190.0,"height":16.0,"municipal_x":440138.371,"municipal_y":4473062.426}},{"type":"Feature","id":"MAD-1656283","geometry":{"type":"Point","coordinates":[-3.699528,40.4083002]},"properties":{"source":"madrid","assetnum":"1656283","district":"CENTRO","barrio":"EMBAJADORES","species_code":"SJA","species":"STYPHNOLOBIUM JAPONICUM","perimeter_cm":56.0,"height":9.0,"municipal_x":440645.424,"municipal_y":4473311.031}},{"type":"Feature","id":"MAD-5037377","geometry":{"type":"Point","coordinates":[-3.7016191,40.4131451]},"properties":{"source":"madrid","assetnum":"5037377","district":"CENTRO","barrio":"EMBAJADORES","species_code":"LJA","species":"LIGUSTRUM JAPONICUM","perimeter_cm":14.0,"height":3.6,"municipal_x":440472.261,"municipal_y":4473850.216}},{"type":"Feature","id":"MAD-9101063","geometry":{"type":"Point","coordinates":[-3.697391,40.4109961]},"properties":{"source":"madrid","assetnum":"9101063","district":"CENTRO","barrio":"EMBAJADORES","species_code":"PCP","species":"PRUNUS CERASIFERA  SUBSP. PISSARDII","perimeter_cm":18.0,"height":5.0,"municipal_x":440829.11,"municipal_y":4473608.839}},{"type":"Feature","id":"MAD-1656789","geometry":{"type":"Point","coordinates":[-3.6963541,40.4078849]},"properties":{"source":"madrid","assetnum":"1656789","district":"CENTRO","barrio":"EMBAJADORES","species_code":"LJV","species":"LIGUSTRUM JAPONICUM 'VARIEGATUM'","perimeter_cm":32.0,"height":7.0,"municipal_x":440914.371,"municipal_y":4473262.808}},{"type":"Feature","id":"MAD-1681951","geometry":{"type":"Point","coordinates":[-3.698392,40.411556]},"properties":{"source":"madrid","assetnum":"1681951","district":"CENTRO","barrio":"EMBAJADORES","species_code":"LJA","species":"LIGUSTRUM JAPONICUM","perimeter_cm":61.0,"height":11.0,"municipal_x":440744.673,"municipal_y":4473671.658}},{"type":"Feature","id":"MAD-1677028","geometry":{"type":"Point","coordinates":[-3.7007304,40.4090298]},"properties":{"source":"madrid","assetnum":"1677028","district":"CENTRO","barrio":"EMBAJADORES","species_code":"LJV","species":"LIGUSTRUM JAPONICUM 'VARIEGATUM'","perimeter_cm":18.0,"height":3.5,"municipal_x":440544.045,"municipal_y":4473392.82}},{"type":"Feature","id":"MAD-9424244","geometry":{"type":"Point","coordinates":[-3.7009374,40.4089974]},"properties":{"source":"madrid","assetnum":"9424244","district":"CENTRO","barrio":"EMBAJADORES","species_code":"LJA","species":"LIGUSTRUM JAPONICUM","perimeter_cm":18.0,"height":3.0,"municipal_x":440526.449,"municipal_y":4473389.37}},{"type":"Feature","id":"MAD-1629562","geometry":{"type":"Point","coordinates":[-3.7060925,40.4062688]},"properties":{"source":"madrid","assetnum":"1629562","district":"CENTRO","barrio":"EMBAJADORES","species_code":"BRP","species":"BROUSSONETIA PAPYRIFERA","perimeter_cm":143.0,"height":null,"municipal_x":440086.623,"municipal_y":4473089.981}},{"type":"Feature","id":"MAD-7901829","geometry":{"type":"Point","coordinates":[-3.6994163,40.4082788]},"properties":{"source":"madrid","assetnum":"7901829","district":"CENTRO","barrio":"EMBAJADORES","species_code":"SJA","species":"STYPHNOLOBIUM JAPONICUM","perimeter_cm":16.0,"height":3.0,"municipal_x":440654.884,"municipal_y":4473308.581}},{"type":"Feature","id":"MAD-1660164","geometry":{"type":"Point","coordinates":[-3.7068013,40.4062887]},"properties":{"source":"madrid","assetnum":"1660164","district":"CENTRO","barrio":"EMBAJADORES","species_code":"PDA","species":"PLATANUS X HISPANICA","perimeter_cm":20.0,"height":6.0,"municipal_x":440026.495,"municipal_y":4473092.667}},{"type":"Feature","id":"MAD-5174565","geometry":{"type":"Point","coordinates":[-3.7004101,40.4057512]},"properties":{"source":"madrid","assetnum":"5174565","district":"CENTRO","barrio":"EMBAJADORES","species_code":"LJV","species":"LIGUSTRUM JAPONICUM 'VARIEGATUM'","perimeter_cm":18.0,"height":3.0,"municipal_x":440568.34,"municipal_y":4473028.69}},{"type":"Feature","id":"MAD-9394442","geometry":{"type":"Point","coordinates":[-3.6995566,40.4061084]},"properties":{"source":"madrid","assetnum":"9394442","district":"CENTRO","barrio":"EMBAJADORES","species_code":"LJA","species":"LIGUSTRUM JAPONICUM","perimeter_cm":16.0,"height":3.5,"municipal_x":440641.073,"municipal_y":4473067.765}},{"type":"Feature","id":"MAD-1635727","geometry":{"type":"Point","coordinates":[-3.7052116,40.4058807]},"properties":{"source":"madrid","assetnum":"1635727","district":"CENTRO","barrio":"EMBAJADORES","species_code":"AAL","species":"AILANTHUS ALTISSIMA","perimeter_cm":81.0,"height":8.0,"municipal_x":440161.024,"municipal_y":4473046.3}},{"type":"Feature","id":"MAD-1657264","geometry":{"type":"Point","coordinates":[-3.6979751,40.4069802]},"properties":{"source":"madrid","assetnum":"1657264","district":"CENTRO","barrio":"EMBAJADORES","species_code":"SJA","species":"STYPHNOLOBIUM JAPONICUM","perimeter_cm":62.0,"height":11.0,"municipal_x":440776.027,"municipal_y":4473163.475}},{"type":"Feature","id":"MAD-1672451","geometry":{"type":"Point","coordinates":[-3.7071919,40.4113506]},"properties":{"source":"madrid","assetnum":"1672451","district":"CENTRO","barrio":"EMBAJADORES","species_code":"LJA","species":"LIGUSTRUM JAPONICUM","perimeter_cm":16.0,"height":4.0,"municipal_x":439997.851,"municipal_y":4473654.801}},{"type":"Feature","id":"MAD-1660268","geometry":{"type":"Point","coordinates":[-3.7012122,40.4058239]},"properties":{"source":"madrid","assetnum":"1660268","district":"CENTRO","barrio":"EMBAJADORES","species_code":"LJA","species":"LIGUSTRUM JAPONICUM","perimeter_cm":29.0,"height":7.0,"municipal_x":440500.343,"municipal_y":4473037.295}},{"type":"Feature","id":"MAD-1659838","geometry":{"type":"Point","coordinates":[-3.7060893,40.4068033]},"properties":{"source":"madrid","assetnum":"1659838","district":"CENTRO","barrio":"EMBAJADORES","species_code":"AHI","species":"AESCULUS HIPPOCASTANUM","perimeter_cm":54.0,"height":11.0,"municipal_x":440087.367,"municipal_y":4473149.298}},{"type":"Feature","id":"MAD-10202446","geometry":{"type":"Point","coordinates":[-3.7046204,40.4123365]},"properties":{"source":"madrid","assetnum":"10202446","district":"CENTRO","barrio":"EMBAJADORES","species_code":"PAR","species":"PYRUS CALLERYANA 'CHANTICLEER'","perimeter_cm":28.0,"height":6.0,"municipal_x":440216.903,"municipal_y":4473762.49}},{"type":"Feature","id":"MAD-1630146","geometry":{"type":"Point","coordinates":[-3.7106033,40.4072916]},"properties":{"source":"madrid","assetnum":"1630146","district":"CENTRO","barrio":"EMBAJADORES","species_code":"ANE","species":"ACER NEGUNDO","perimeter_cm":63.0,"height":7.0,"municipal_x":439704.78,"municipal_y":4473206.578}},{"type":"Feature","id":"MAD-1659769","geometry":{"type":"Point","coordinates":[-3.7060849,40.4067125]},"properties":{"source":"madrid","assetnum":"1659769","district":"CENTRO","barrio":"EMBAJADORES","species_code":"AHI","species":"AESCULUS HIPPOCASTANUM","perimeter_cm":106.0,"height":12.0,"municipal_x":440087.662,"municipal_y":4473139.217}},{"type":"Feature","id":"MAD-5037526","geometry":{"type":"Point","coordinates":[-3.7037609,40.4125144]},"properties":{"source":"madrid","assetnum":"5037526","district":"CENTRO","barrio":"EMBAJADORES","species_code":"SJA","species":"STYPHNOLOBIUM JAPONICUM","perimeter_cm":14.0,"height":3.0,"municipal_x":440289.986,"municipal_y":4473781.657}},{"type":"Feature","id":"MAD-1647990","geometry":{"type":"Point","coordinates":[-3.698186,40.4073418]},"properties":{"source":"madrid","assetnum":"1647990","district":"CENTRO","barrio":"EMBAJADORES","species_code":"LJV","species":"LIGUSTRUM JAPONICUM 'VARIEGATUM'","perimeter_cm":29.0,"height":5.0,"municipal_x":440758.453,"municipal_y":4473203.747}},{"type":"Feature","id":"MAD-1671811","geometry":{"type":"Point","coordinates":[-3.7032025,40.4062188]},"properties":{"source":"madrid","assetnum":"1671811","district":"CENTRO","barrio":"EMBAJADORES","species_code":"SJA","species":"STYPHNOLOBIUM JAPONICUM","perimeter_cm":48.0,"height":9.0,"municipal_x":440331.804,"municipal_y":4473082.475}},{"type":"Feature","id":"MAD-9126671","geometry":{"type":"Point","coordinates":[-3.7033329,40.406283]},"properties":{"source":"madrid","assetnum":"9126671","district":"CENTRO","barrio":"EMBAJADORES","species_code":"AUM","species":"ACER BUERGERIANUM","perimeter_cm":15.0,"height":3.0,"municipal_x":440320.793,"municipal_y":4473089.688}},{"type":"Feature","id":"MAD-2053826","geometry":{"type":"Point","coordinates":[-3.6926544,40.4081807]},"properties":{"source":"madrid","assetnum":"2053826","district":"CENTRO","barrio":"EMBAJADORES","species_code":"LST","species":"LIQUIDAMBAR STYRACIFLUA","perimeter_cm":56.0,"height":6.0,"municipal_x":441228.547,"municipal_y":4473293.169}},{"type":"Feature","id":"MAD-1659863","geometry":{"type":"Point","coordinates":[-3.6930272,40.4093719]},"properties":{"source":"madrid","assetnum":"1659863","district":"CENTRO","barrio":"EMBAJADORES","species_code":"PDA","species":"PLATANUS X HISPANICA","perimeter_cm":156.0,"height":18.0,"municipal_x":441197.954,"municipal_y":4473425.646}},{"type":"Feature","id":"MAD-1683630","geometry":{"type":"Point","coordinates":[-3.7072924,40.4108879]},"properties":{"source":"madrid","assetnum":"1683630","district":"CENTRO","barrio":"EMBAJADORES","species_code":"LJA","species":"LIGUSTRUM JAPONICUM","perimeter_cm":35.0,"height":6.0,"municipal_x":439988.916,"municipal_y":4473603.503}},{"type":"Feature","id":"MAD-7129695","geometry":{"type":"Point","coordinates":[-3.7007985,40.4123864]},"properties":{"source":"madrid","assetnum":"7129695","district":"CENTRO","barrio":"EMBAJADORES","species_code":"LJV","species":"LIGUSTRUM JAPONICUM 'VARIEGATUM'","perimeter_cm":19.0,"height":3.5,"municipal_x":440541.221,"municipal_y":4473765.45}},{"type":"Feature","id":"MAD-9176712","geometry":{"type":"Point","coordinates":[-3.6953546,40.41022]},"properties":{"source":"madrid","assetnum":"9176712","district":"CENTRO","barrio":"EMBAJADORES","species_code":"PCP","species":"PRUNUS CERASIFERA  SUBSP. PISSARDII","perimeter_cm":14.0,"height":3.5,"municipal_x":441001.218,"municipal_y":4473521.336}},{"type":"Feature","id":"MAD-1651681","geometry":{"type":"Point","coordinates":[-3.6962907,40.4096778]},"properties":{"source":"madrid","assetnum":"1651681","district":"CENTRO","barrio":"EMBAJADORES","species_code":"PDA","species":"PLATANUS X HISPANICA","perimeter_cm":117.0,"height":18.0,"municipal_x":440921.314,"municipal_y":4473461.778}},{"type":"Feature","id":"MAD-1653156","geometry":{"type":"Point","coordinates":[-3.6978591,40.4072177]},"properties":{"source":"madrid","assetnum":"1653156","district":"CENTRO","barrio":"EMBAJADORES","species_code":"SJA","species":"STYPHNOLOBIUM JAPONICUM","perimeter_cm":43.0,"height":10.0,"municipal_x":440786.083,"municipal_y":4473189.752}},{"type":"Feature","id":"MAD-1679648","geometry":{"type":"Point","coordinates":[-3.7014057,40.4091832]},"properties":{"source":"madrid","assetnum":"1679648","district":"CENTRO","barrio":"EMBAJADORES","species_code":"CBU","species":"CATALPA BUNGEI","perimeter_cm":43.0,"height":7.0,"municipal_x":440486.882,"municipal_y":4473410.305}},{"type":"Feature","id":"MAD-9942982","geometry":{"type":"Point","coordinates":[-3.7007055,40.412384]},"properties":{"source":"madrid","assetnum":"9942982","district":"CENTRO","barrio":"EMBAJADORES","species_code":"LJA","species":"LIGUSTRUM JAPONICUM","perimeter_cm":18.0,"height":4.0,"municipal_x":440549.106,"municipal_y":4473765.117}},{"type":"Feature","id":"MAD-7129705","geometry":{"type":"Point","coordinates":[-3.7015035,40.4063899]},"properties":{"source":"madrid","assetnum":"7129705","district":"CENTRO","barrio":"EMBAJADORES","species_code":"PCP","species":"PRUNUS CERASIFERA  SUBSP. PISSARDII","perimeter_cm":22.0,"height":3.5,"municipal_x":440476.122,"municipal_y":4473100.312}},{"type":"Feature","id":"MAD-1650654","geometry":{"type":"Point","coordinates":[-3.7056126,40.4063192]},"properties":{"source":"madrid","assetnum":"1650654","district":"CENTRO","barrio":"EMBAJADORES","species_code":"CAU","species":"CELTIS AUSTRALIS","perimeter_cm":34.0,"height":6.0,"municipal_x":440127.388,"municipal_y":4473095.247}},{"type":"Feature","id":"MAD-1652432","geometry":{"type":"Point","coordinates":[-3.7001156,40.407221]},"properties":{"source":"madrid","assetnum":"1652432","district":"CENTRO","barrio":"EMBAJADORES","species_code":"LJA","species":"LIGUSTRUM JAPONICUM","perimeter_cm":56.0,"height":8.0,"municipal_x":440594.615,"municipal_y":4473191.631}},{"type":"Feature","id":"MAD-1656342","geometry":{"type":"Point","coordinates":[-3.7000967,40.4058791]},"properties":{"source":"madrid","assetnum":"1656342","district":"CENTRO","barrio":"EMBAJADORES","species_code":"LJA","species":"LIGUSTRUM JAPONICUM","perimeter_cm":36.0,"height":8.0,"municipal_x":440595.044,"municipal_y":4473042.671}},{"type":"Feature","id":"MAD-5037299","geometry":{"type":"Point","coordinates":[-3.6999813,40.4089487]},"properties":{"source":"madrid","assetnum":"5037299","district":"CENTRO","barrio":"EMBAJADORES","species_code":"LJA","species":"LIGUSTRUM JAPONICUM","perimeter_cm":14.0,"height":3.7,"municipal_x":440607.535,"municipal_y":4473383.322}},{"type":"Feature","id":"MAD-1657290","geometry":{"type":"Point","coordinates":[-3.7011169,40.4090898]},"properties":{"source":"madrid","assetnum":"1657290","district":"CENTRO","barrio":"EMBAJADORES","species_code":"LJA","species":"LIGUSTRUM JAPONICUM","perimeter_cm":44.0,"height":6.5,"municipal_x":440511.305,"municipal_y":4473399.745}},{"type":"Feature","id":"MAD-7129794","geometry":{"type":"Point","coordinates":[-3.6928744,40.4092266]},"properties":{"source":"madrid","assetnum":"7129794","district":"CENTRO","barrio":"EMBAJADORES","species_code":"LJV","species":"LIGUSTRUM JAPONICUM 'VARIEGATUM'","perimeter_cm":18.0,"height":3.5,"municipal_x":441210.791,"municipal_y":4473409.409}},{"type":"Feature","id":"MAD-9878189","geometry":{"type":"Point","coordinates":[-3.703802,40.4067127]},"properties":{"source":"madrid","assetnum":"9878189","district":"CENTRO","barrio":"EMBAJADORES","species_code":"MEA","species":"MELIA AZEDARACH","perimeter_cm":17.0,"height":3.5,"municipal_x":440281.369,"municipal_y":4473137.698}},{"type":"Feature","id":"MAD-1684619","geometry":{"type":"Point","coordinates":[-3.7044525,40.40932]},"properties":{"source":"madrid","assetnum":"1684619","district":"CENTRO","barrio":"EMBAJADORES","species_code":"LJA","species":"LIGUSTRUM JAPONICUM","perimeter_cm":39.0,"height":8.0,"municipal_x":440228.486,"municipal_y":4473427.548}},{"type":"Feature","id":"MAD-9772959","geometry":{"type":"Point","coordinates":[-3.6978815,40.4069711]},"properties":{"source":"madrid","assetnum":"9772959","district":"CENTRO","barrio":"EMBAJADORES","species_code":"FAN","species":"FRAXINUS ANGUSTIFOLIA","perimeter_cm":18.0,"height":3.8,"municipal_x":440783.963,"municipal_y":4473162.402}},{"type":"Feature","id":"MAD-9342413","geometry":{"type":"Point","coordinates":[-3.704284,40.4065443]},"properties":{"source":"madrid","assetnum":"9342413","district":"CENTRO","barrio":"EMBAJADORES","species_code":"KPA","species":"KOELREUTERIA PANICULATA","perimeter_cm":16.0,"height":3.5,"municipal_x":440240.328,"municipal_y":4473119.332}},{"type":"Feature","id":"MAD-1652431","geometry":{"type":"Point","coordinates":[-3.6971162,40.4112605]},"properties":{"source":"madrid","assetnum":"1652431","district":"CENTRO","barrio":"EMBAJADORES","species_code":"PDA","species":"PLATANUS X HISPANICA","perimeter_cm":135.0,"height":18.0,"municipal_x":440852.657,"municipal_y":4473638.002}},{"type":"Feature","id":"MAD-1629627","geometry":{"type":"Point","coordinates":[-3.7037542,40.4067967]},"properties":{"source":"madrid","assetnum":"1629627","district":"CENTRO","barrio":"EMBAJADORES","species_code":"PCP","species":"PRUNUS CERASIFERA  SUBSP. PISSARDII","perimeter_cm":53.0,"height":6.0,"municipal_x":440285.499,"municipal_y":4473146.993}},{"type":"Feature","id":"MAD-1683431","geometry":{"type":"Point","coordinates":[-3.7002775,40.4084095]},"properties":{"source":"madrid","assetnum":"1683431","district":"CENTRO","barrio":"EMBAJADORES","species_code":"SJA","species":"STYPHNOLOBIUM JAPONICUM","perimeter_cm":43.0,"height":7.0,"municipal_x":440581.924,"municipal_y":4473323.672}},{"type":"Feature","id":"MAD-1661046","geometry":{"type":"Point","coordinates":[-3.7029898,40.4058802]},"properties":{"source":"madrid","assetnum":"1661046","district":"CENTRO","barrio":"EMBAJADORES","species_code":"LJV","species":"LIGUSTRUM JAPONICUM 'VARIEGATUM'","perimeter_cm":32.0,"height":7.0,"municipal_x":440349.552,"municipal_y":4473044.743}},{"type":"Feature","id":"MAD-9285542","geometry":{"type":"Point","coordinates":[-3.7028269,40.4082313]},"properties":{"source":"madrid","assetnum":"9285542","district":"CENTRO","barrio":"EMBAJADORES","species_code":"PCP","species":"PRUNUS CERASIFERA  SUBSP. PISSARDII","perimeter_cm":16.0,"height":3.5,"municipal_x":440365.449,"municipal_y":4473305.601}},{"type":"Feature","id":"MAD-1660384","geometry":{"type":"Point","coordinates":[-3.706879,40.4105346]},"properties":{"source":"madrid","assetnum":"1660384","district":"CENTRO","barrio":"EMBAJADORES","species_code":"LJA","species":"LIGUSTRUM JAPONICUM","perimeter_cm":45.0,"height":8.0,"municipal_x":440023.673,"municipal_y":4473564.008}},{"type":"Feature","id":"MAD-1656853","geometry":{"type":"Point","coordinates":[-3.702351,40.4098381]},"properties":{"source":"madrid","assetnum":"1656853","district":"CENTRO","barrio":"EMBAJADORES","species_code":"UPU","species":"ULMUS PUMILA","perimeter_cm":139.0,"height":17.0,"municipal_x":440407.251,"municipal_y":4473483.632}},{"type":"Feature","id":"MAD-1656630","geometry":{"type":"Point","coordinates":[-3.7028212,40.4056449]},"properties":{"source":"madrid","assetnum":"1656630","district":"CENTRO","barrio":"EMBAJADORES","species_code":"SJA","species":"STYPHNOLOBIUM JAPONICUM","perimeter_cm":47.0,"height":8.0,"municipal_x":440363.649,"municipal_y":4473018.511}},{"type":"Feature","id":"MAD-5174552","geometry":{"type":"Point","coordinates":[-3.6969031,40.4098475]},"properties":{"source":"madrid","assetnum":"5174552","district":"CENTRO","barrio":"EMBAJADORES","species_code":"AJU","species":"ALBIZIA JULIBRISSIN","perimeter_cm":14.0,"height":3.6,"municipal_x":440869.502,"municipal_y":4473481.024}},{"type":"Feature","id":"MAD-1647566","geometry":{"type":"Point","coordinates":[-3.6980485,40.4073233]},"properties":{"source":"madrid","assetnum":"1647566","district":"CENTRO","barrio":"EMBAJADORES","species_code":"LJV","species":"LIGUSTRUM JAPONICUM 'VARIEGATUM'","perimeter_cm":24.0,"height":4.5,"municipal_x":440770.103,"municipal_y":4473201.606}},{"type":"Feature","id":"MAD-1660978","geometry":{"type":"Point","coordinates":[-3.7048275,40.4069025]},"properties":{"source":"madrid","assetnum":"1660978","district":"CENTRO","barrio":"EMBAJADORES","species_code":"CAU","species":"CELTIS AUSTRALIS","perimeter_cm":47.0,"height":8.0,"municipal_x":440194.522,"municipal_y":4473159.464}},{"type":"Feature","id":"MAD-1656413","geometry":{"type":"Point","coordinates":[-3.7023044,40.4097616]},"properties":{"source":"madrid","assetnum":"1656413","district":"CENTRO","barrio":"EMBAJADORES","species_code":"CAU","species":"CELTIS AUSTRALIS","perimeter_cm":82.0,"height":13.0,"municipal_x":440411.132,"municipal_y":4473475.113}},{"type":"Feature","id":"MAD-1642761","geometry":{"type":"Point","coordinates":[-3.7085878,40.4063598]},"properties":{"source":"madrid","assetnum":"1642761","district":"CENTRO","barrio":"EMBAJADORES","species_code":"LIN","species":"LAGERSTROEMIA INDICA","perimeter_cm":20.0,"height":5.0,"municipal_x":439874.975,"municipal_y":4473101.769}},{"type":"Feature","id":"MAD-1685650","geometry":{"type":"Point","coordinates":[-3.7060966,40.4071489]},"properties":{"source":"madrid","assetnum":"1685650","district":"CENTRO","barrio":"EMBAJADORES","species_code":"AHI","species":"AESCULUS HIPPOCASTANUM","perimeter_cm":52.0,"height":11.0,"municipal_x":440087.059,"municipal_y":4473187.665}},{"type":"Feature","id":"MAD-1660366","geometry":{"type":"Point","coordinates":[-3.7011002,40.4056855]},"properties":{"source":"madrid","assetnum":"1660366","district":"CENTRO","barrio":"EMBAJADORES","species_code":"LJA","species":"LIGUSTRUM JAPONICUM","perimeter_cm":20.0,"height":4.0,"municipal_x":440509.718,"municipal_y":4473021.862}},{"type":"Feature","id":"MAD-2063935","geometry":{"type":"Point","coordinates":[-3.6962971,40.4074629]},"properties":{"source":"madrid","assetnum":"2063935","district":"CENTRO","barrio":"EMBAJADORES","species_code":"SJA","species":"STYPHNOLOBIUM JAPONICUM","perimeter_cm":14.0,"height":3.8,"municipal_x":440918.836,"municipal_y":4473215.922}},{"type":"Feature","id":"MAD-1662930","geometry":{"type":"Point","coordinates":[-3.7052965,40.4113268]},"properties":{"source":"madrid","assetnum":"1662930","district":"CENTRO","barrio":"EMBAJADORES","species_code":"LJA","species":"LIGUSTRUM JAPONICUM","perimeter_cm":38.0,"height":9.0,"municipal_x":440158.644,"municipal_y":4473650.869}},{"type":"Feature","id":"MAD-1683820","geometry":{"type":"Point","coordinates":[-3.701384,40.4065487]},"properties":{"source":"madrid","assetnum":"1683820","district":"CENTRO","barrio":"EMBAJADORES","species_code":"PCP","species":"PRUNUS CERASIFERA  SUBSP. PISSARDII","perimeter_cm":66.0,"height":9.0,"municipal_x":440486.403,"municipal_y":4473117.862}},{"type":"Feature","id":"MAD-9132666","geometry":{"type":"Point","coordinates":[-3.6999843,40.4070146]},"properties":{"source":"madrid","assetnum":"9132666","district":"CENTRO","barrio":"EMBAJADORES","species_code":"LJA","species":"LIGUSTRUM JAPONICUM","perimeter_cm":17.0,"height":3.8,"municipal_x":440605.576,"municipal_y":4473168.64}},{"type":"Feature","id":"MAD-9101062","geometry":{"type":"Point","coordinates":[-3.6966088,40.4105914]},"properties":{"source":"madrid","assetnum":"9101062","district":"CENTRO","barrio":"EMBAJADORES","species_code":"PCP","species":"PRUNUS CERASIFERA  SUBSP. PISSARDII","perimeter_cm":18.0,"height":5.0,"municipal_x":440895.125,"municipal_y":4473563.395}},{"type":"Feature","id":"MAD-1655043","geometry":{"type":"Point","coordinates":[-3.6931599,40.4080495]},"properties":{"source":"madrid","assetnum":"1655043","district":"CENTRO","barrio":"EMBAJADORES","species_code":"PDA","species":"PLATANUS X HISPANICA","perimeter_cm":160.0,"height":18.0,"municipal_x":441185.541,"municipal_y":4473278.944}},{"type":"Feature","id":"MAD-9329786","geometry":{"type":"Point","coordinates":[-3.7071808,40.41064]},"properties":{"source":"madrid","assetnum":"9329786","district":"CENTRO","barrio":"EMBAJADORES","species_code":"LJA","species":"LIGUSTRUM JAPONICUM","perimeter_cm":16.0,"height":4.0,"municipal_x":439998.158,"municipal_y":4473575.915}},{"type":"Feature","id":"MAD-8797527","geometry":{"type":"Point","coordinates":[-3.7009244,40.4099649]},"properties":{"source":"madrid","assetnum":"8797527","district":"CENTRO","barrio":"EMBAJADORES","species_code":"RPS","species":"ROBINIA PSEUDOACACIA","perimeter_cm":20.0,"height":5.8,"municipal_x":440528.406,"municipal_y":4473496.753}},{"type":"Feature","id":"MAD-1635159","geometry":{"type":"Point","coordinates":[-3.7053798,40.4057978]},"properties":{"source":"madrid","assetnum":"1635159","district":"CENTRO","barrio":"EMBAJADORES","species_code":"CSI","species":"CERCIS SILIQUASTRUM","perimeter_cm":72.0,"height":7.0,"municipal_x":440146.684,"municipal_y":4473037.209}},{"type":"Feature","id":"MAD-1643723","geometry":{"type":"Point","coordinates":[-3.7102607,40.4072064]},"properties":{"source":"madrid","assetnum":"1643723","district":"CENTRO","barrio":"EMBAJADORES","species_code":"ANE","species":"ACER NEGUNDO","perimeter_cm":90.0,"height":8.0,"municipal_x":439733.776,"municipal_y":4473196.88}},{"type":"Feature","id":"MAD-1671836","geometry":{"type":"Point","coordinates":[-3.7010095,40.4072133]},"properties":{"source":"madrid","assetnum":"1671836","district":"CENTRO","barrio":"EMBAJADORES","species_code":"PCP","species":"PRUNUS CERASIFERA  SUBSP. PISSARDII","perimeter_cm":59.0,"height":9.0,"municipal_x":440518.763,"municipal_y":4473191.382}},{"type":"Feature","id":"MAD-1671211","geometry":{"type":"Point","coordinates":[-3.7068505,40.4137488]},"properties":{"source":"madrid","assetnum":"1671211","district":"CENTRO","barrio":"EMBAJADORES","species_code":"HSY","species":"HIBISCUS SYRIACUS","perimeter_cm":19.0,"height":4.0,"municipal_x":440028.944,"municipal_y":4473920.762}},{"type":"Feature","id":"MAD-9875966","geometry":{"type":"Point","coordinates":[-3.7070105,40.4108008]},"properties":{"source":"madrid","assetnum":"9875966","district":"CENTRO","barrio":"EMBAJADORES","species_code":"LJA","species":"LIGUSTRUM JAPONICUM","perimeter_cm":13.0,"height":3.9,"municipal_x":440012.751,"municipal_y":4473593.651}},{"type":"Feature","id":"MAD-1660075","geometry":{"type":"Point","coordinates":[-3.7068719,40.4062107]},"properties":{"source":"madrid","assetnum":"1660075","district":"CENTRO","barrio":"EMBAJADORES","species_code":"PDA","species":"PLATANUS X HISPANICA","perimeter_cm":43.0,"height":9.0,"municipal_x":440020.438,"municipal_y":4473084.051}},{"type":"Feature","id":"MAD-1655041","geometry":{"type":"Point","coordinates":[-3.7004843,40.4123928]},"properties":{"source":"madrid","assetnum":"1655041","district":"CENTRO","barrio":"EMBAJADORES","species_code":"LJA","species":"LIGUSTRUM JAPONICUM","perimeter_cm":34.0,"height":6.5,"municipal_x":440567.883,"municipal_y":4473765.955}},{"type":"Feature","id":"MAD-2009325","geometry":{"type":"Point","coordinates":[-3.7041559,40.4124006]},"properties":{"source":"madrid","assetnum":"2009325","district":"CENTRO","barrio":"EMBAJADORES","species_code":"UPU","species":"ULMUS PUMILA","perimeter_cm":200.0,"height":16.0,"municipal_x":440256.37,"municipal_y":4473769.287}},{"type":"Feature","id":"MAD-1652463","geometry":{"type":"Point","coordinates":[-3.7024178,40.4101297]},"properties":{"source":"madrid","assetnum":"1652463","district":"CENTRO","barrio":"EMBAJADORES","species_code":"UMI","species":"ULMUS MINOR","perimeter_cm":145.0,"height":17.0,"municipal_x":440401.837,"municipal_y":4473516.045}},{"type":"Feature","id":"MAD-1653200","geometry":{"type":"Point","coordinates":[-3.6932985,40.4088349]},"properties":{"source":"madrid","assetnum":"1653200","district":"CENTRO","barrio":"EMBAJADORES","species_code":"LST","species":"LIQUIDAMBAR STYRACIFLUA","perimeter_cm":61.0,"height":11.0,"municipal_x":441174.465,"municipal_y":4473366.218}},{"type":"Feature","id":"MAD-1682992","geometry":{"type":"Point","coordinates":[-3.700926,40.4099087]},"properties":{"source":"madrid","assetnum":"1682992","district":"CENTRO","barrio":"EMBAJADORES","species_code":"RPS","species":"ROBINIA PSEUDOACACIA","perimeter_cm":69.0,"height":10.0,"municipal_x":440528.216,"municipal_y":4473490.513}},{"type":"Feature","id":"MAD-1658461","geometry":{"type":"Point","coordinates":[-3.6938869,40.4096672]},"properties":{"source":"madrid","assetnum":"1658461","district":"CENTRO","barrio":"EMBAJADORES","species_code":"LJV","species":"LIGUSTRUM JAPONICUM 'VARIEGATUM'","perimeter_cm":40.0,"height":6.0,"municipal_x":441125.26,"municipal_y":4473458.994}},{"type":"Feature","id":"MAD-1685702","geometry":{"type":"Point","coordinates":[-3.706104,40.407214]},"properties":{"source":"madrid","assetnum":"1685702","district":"CENTRO","barrio":"EMBAJADORES","species_code":"AHI","species":"AESCULUS HIPPOCASTANUM","perimeter_cm":72.0,"height":9.5,"municipal_x":440086.49,"municipal_y":4473194.904}},{"type":"Feature","id":"MAD-1662113","geometry":{"type":"Point","coordinates":[-3.7072453,40.4061094]},"properties":{"source":"madrid","assetnum":"1662113","district":"CENTRO","barrio":"EMBAJADORES","species_code":"PDA","species":"PLATANUS X HISPANICA","perimeter_cm":60.0,"height":12.0,"municipal_x":439988.668,"municipal_y":4473073.062}},{"type":"Feature","id":"MAD-1658581","geometry":{"type":"Point","coordinates":[-3.6959617,40.4084588]},"properties":{"source":"madrid","assetnum":"1658581","district":"CENTRO","barrio":"EMBAJADORES","species_code":"LJV","species":"LIGUSTRUM JAPONICUM 'VARIEGATUM'","perimeter_cm":42.0,"height":8.0,"municipal_x":440948.16,"municipal_y":4473326.251}},{"type":"Feature","id":"MAD-1661826","geometry":{"type":"Point","coordinates":[-3.7074043,40.4091595]},"properties":{"source":"madrid","assetnum":"1661826","district":"CENTRO","barrio":"EMBAJADORES","species_code":"PDA","species":"PLATANUS X HISPANICA","perimeter_cm":64.0,"height":16.0,"municipal_x":439977.879,"municipal_y":4473411.731}},{"type":"Feature","id":"MAD-1659737","geometry":{"type":"Point","coordinates":[-3.7091545,40.4062997]},"properties":{"source":"madrid","assetnum":"1659737","district":"CENTRO","barrio":"EMBAJADORES","species_code":"UPU","species":"ULMUS PUMILA","perimeter_cm":176.0,"height":15.0,"municipal_x":439826.836,"municipal_y":4473095.49}},{"type":"Feature","id":"MAD-9934923","geometry":{"type":"Point","coordinates":[-3.7080589,40.4094576]},"properties":{"source":"madrid","assetnum":"9934923","district":"CENTRO","barrio":"EMBAJADORES","species_code":"AHI","species":"AESCULUS HIPPOCASTANUM","perimeter_cm":16.0,"height":2.7,"municipal_x":439922.608,"municipal_y":4473445.268}},{"type":"Feature","id":"MAD-1682859","geometry":{"type":"Point","coordinates":[-3.6956423,40.4080058]},"properties":{"source":"madrid","assetnum":"1682859","district":"CENTRO","barrio":"EMBAJADORES","species_code":"RPS","species":"ROBINIA PSEUDOACACIA","perimeter_cm":55.0,"height":10.0,"municipal_x":440974.871,"municipal_y":4473275.751}},{"type":"Feature","id":"MAD-1629563","geometry":{"type":"Point","coordinates":[-3.7050548,40.4057007]},"properties":{"source":"madrid","assetnum":"1629563","district":"CENTRO","barrio":"EMBAJADORES","species_code":"ERJ","species":"ERIOBOTRYA JAPONICA","perimeter_cm":40.0,"height":6.0,"municipal_x":440174.169,"municipal_y":4473026.216}},{"type":"Feature","id":"MAD-1643463","geometry":{"type":"Point","coordinates":[-3.70432,40.4066226]},"properties":{"source":"madrid","assetnum":"1643463","district":"CENTRO","barrio":"EMBAJADORES","species_code":"KPA","species":"KOELREUTERIA PANICULATA","perimeter_cm":43.0,"height":7.0,"municipal_x":440237.338,"municipal_y":4473128.048}},{"type":"Feature","id":"MAD-1682888","geometry":{"type":"Point","coordinates":[-3.6962958,40.4080595]},"properties":{"source":"madrid","assetnum":"1682888","district":"CENTRO","barrio":"EMBAJADORES","species_code":"LJV","species":"LIGUSTRUM JAPONICUM 'VARIEGATUM'","perimeter_cm":26.0,"height":6.0,"municipal_x":440919.465,"municipal_y":4473282.149}},{"type":"Feature","id":"MAD-1662075","geometry":{"type":"Point","coordinates":[-3.708111,40.4064809]},"properties":{"source":"madrid","assetnum":"1662075","district":"CENTRO","barrio":"EMBAJADORES","species_code":"APS","species":"ACER PSEUDOPLATANUS","perimeter_cm":27.0,"height":7.0,"municipal_x":439915.539,"municipal_y":4473114.888}},{"type":"Feature","id":"MAD-5174495","geometry":{"type":"Point","coordinates":[-3.7008154,40.409037]},"properties":{"source":"madrid","assetnum":"5174495","district":"CENTRO","barrio":"EMBAJADORES","species_code":"LJA","species":"LIGUSTRUM JAPONICUM","perimeter_cm":14.0,"height":3.4,"municipal_x":440536.836,"municipal_y":4473393.681}},{"type":"Feature","id":"MAD-1658584","geometry":{"type":"Point","coordinates":[-3.7007825,40.40702]},"properties":{"source":"madrid","assetnum":"1658584","district":"CENTRO","barrio":"EMBAJADORES","species_code":"LJA","species":"LIGUSTRUM JAPONICUM","perimeter_cm":41.0,"height":9.0,"municipal_x":440537.853,"municipal_y":4473169.771}},{"type":"Feature","id":"MAD-1674054","geometry":{"type":"Point","coordinates":[-3.7038571,40.413115]},"properties":{"source":"madrid","assetnum":"1674054","district":"CENTRO","barrio":"EMBAJADORES","species_code":"LJA","species":"LIGUSTRUM JAPONICUM","perimeter_cm":53.0,"height":8.0,"municipal_x":440282.353,"municipal_y":4473848.385}},{"type":"Feature","id":"MAD-1673766","geometry":{"type":"Point","coordinates":[-3.7072404,40.4091808]},"properties":{"source":"madrid","assetnum":"1673766","district":"CENTRO","barrio":"EMBAJADORES","species_code":"PDA","species":"PLATANUS X HISPANICA","perimeter_cm":148.0,"height":20.0,"municipal_x":439991.808,"municipal_y":4473413.989}},{"type":"Feature","id":"MAD-1657289","geometry":{"type":"Point","coordinates":[-3.7010228,40.4088524]},"properties":{"source":"madrid","assetnum":"1657289","district":"CENTRO","barrio":"EMBAJADORES","species_code":"LJA","species":"LIGUSTRUM JAPONICUM","perimeter_cm":45.0,"height":8.0,"municipal_x":440519.079,"municipal_y":4473373.327}},{"type":"Feature","id":"MAD-7925213","geometry":{"type":"Point","coordinates":[-3.7033948,40.4099223]},"properties":{"source":"madrid","assetnum":"7925213","district":"CENTRO","barrio":"EMBAJADORES","species_code":"KPA","species":"KOELREUTERIA PANICULATA","perimeter_cm":17.0,"height":4.0,"municipal_x":440318.763,"municipal_y":4473493.69}},{"type":"Feature","id":"MAD-1656185","geometry":{"type":"Point","coordinates":[-3.6936236,40.4096307]},"properties":{"source":"madrid","assetnum":"1656185","district":"CENTRO","barrio":"EMBAJADORES","species_code":"PDA","species":"PLATANUS X HISPANICA","perimeter_cm":34.0,"height":9.0,"municipal_x":441147.575,"municipal_y":4473454.766}},{"type":"Feature","id":"MAD-1674568","geometry":{"type":"Point","coordinates":[-3.7045833,40.4083362]},"properties":{"source":"madrid","assetnum":"1674568","district":"CENTRO","barrio":"EMBAJADORES","species_code":"SJA","species":"STYPHNOLOBIUM JAPONICUM","perimeter_cm":50.0,"height":10.0,"municipal_x":440216.514,"municipal_y":4473318.434}},{"type":"Feature","id":"MAD-1676224","geometry":{"type":"Point","coordinates":[-3.6994188,40.4118039]},"properties":{"source":"madrid","assetnum":"1676224","district":"CENTRO","barrio":"EMBAJADORES","species_code":"GBI","species":"GINKGO BILOBA","perimeter_cm":14.0,"height":4.0,"municipal_x":440657.768,"municipal_y":4473699.863}},{"type":"Feature","id":"MAD-1656746","geometry":{"type":"Point","coordinates":[-3.6999288,40.4067105]},"properties":{"source":"madrid","assetnum":"1656746","district":"CENTRO","barrio":"EMBAJADORES","species_code":"LJA","species":"LIGUSTRUM JAPONICUM","perimeter_cm":53.0,"height":9.0,"municipal_x":440610.016,"municipal_y":4473134.842}},{"type":"Feature","id":"MAD-1680211","geometry":{"type":"Point","coordinates":[-3.6926305,40.408762]},"properties":{"source":"madrid","assetnum":"1680211","district":"CENTRO","barrio":"EMBAJADORES","species_code":"PDA","species":"PLATANUS X HISPANICA","perimeter_cm":58.0,"height":14.0,"municipal_x":441231.078,"municipal_y":4473357.679}},{"type":"Feature","id":"MAD-8800648","geometry":{"type":"Point","coordinates":[-3.703296,40.4074223]},"properties":{"source":"madrid","assetnum":"8800648","district":"CENTRO","barrio":"EMBAJADORES","species_code":"SJA","species":"STYPHNOLOBIUM JAPONICUM","perimeter_cm":30.0,"height":6.0,"municipal_x":440324.931,"municipal_y":4473216.122}},{"type":"Feature","id":"MAD-1651709","geometry":{"type":"Point","coordinates":[-3.7001973,40.408295]},"properties":{"source":"madrid","assetnum":"1651709","district":"CENTRO","barrio":"EMBAJADORES","species_code":"SJA","species":"STYPHNOLOBIUM JAPONICUM","perimeter_cm":64.0,"height":11.0,"municipal_x":440588.632,"municipal_y":4473310.908}},{"type":"Feature","id":"MAD-1680116","geometry":{"type":"Point","coordinates":[-3.6971858,40.4101056]},"properties":{"source":"madrid","assetnum":"1680116","district":"CENTRO","barrio":"EMBAJADORES","species_code":"AJU","species":"ALBIZIA JULIBRISSIN","perimeter_cm":73.0,"height":11.0,"municipal_x":440845.742,"municipal_y":4473509.854}},{"type":"Feature","id":"MAD-1656800","geometry":{"type":"Point","coordinates":[-3.7023462,40.4055337]},"properties":{"source":"madrid","assetnum":"1656800","district":"CENTRO","barrio":"EMBAJADORES","species_code":"PDA","species":"PLATANUS X HISPANICA","perimeter_cm":160.0,"height":17.0,"municipal_x":440403.862,"municipal_y":4473005.852}},{"type":"Feature","id":"MAD-8800625","geometry":{"type":"Point","coordinates":[-3.7004076,40.4112217]},"properties":{"source":"madrid","assetnum":"8800625","district":"CENTRO","barrio":"EMBAJADORES","species_code":"RPS","species":"ROBINIA PSEUDOACACIA","perimeter_cm":20.0,"height":5.0,"municipal_x":440573.363,"municipal_y":4473635.911}},{"type":"Feature","id":"MAD-9934925","geometry":{"type":"Point","coordinates":[-3.7055484,40.4112692]},"properties":{"source":"madrid","assetnum":"9934925","district":"CENTRO","barrio":"EMBAJADORES","species_code":"LJA","species":"LIGUSTRUM JAPONICUM","perimeter_cm":16.0,"height":4.0,"municipal_x":440137.222,"municipal_y":4473644.643}},{"type":"Feature","id":"MAD-9387177","geometry":{"type":"Point","coordinates":[-3.6953998,40.4082756]},"properties":{"source":"madrid","assetnum":"9387177","district":"CENTRO","barrio":"EMBAJADORES","species_code":"RGE","species":"ROBINIA X MARGARETTA 'CASQUE ROUGE'","perimeter_cm":20.0,"height":6.0,"municipal_x":440995.682,"municipal_y":4473305.537}},{"type":"Feature","id":"MAD-7129725","geometry":{"type":"Point","coordinates":[-3.7016441,40.4130035]},"properties":{"source":"madrid","assetnum":"7129725","district":"CENTRO","barrio":"EMBAJADORES","species_code":"LJA","species":"LIGUSTRUM JAPONICUM","perimeter_cm":26.0,"height":3.5,"municipal_x":440470.018,"municipal_y":4473834.517}},{"type":"Feature","id":"MAD-7901820","geometry":{"type":"Point","coordinates":[-3.7035217,40.4125185]},"properties":{"source":"madrid","assetnum":"7901820","district":"CENTRO","barrio":"EMBAJADORES","species_code":"SJA","species":"STYPHNOLOBIUM JAPONICUM","perimeter_cm":16.0,"height":3.0,"municipal_x":440310.282,"municipal_y":4473781.944}},{"type":"Feature","id":"MAD-1653152","geometry":{"type":"Point","coordinates":[-3.7023762,40.4100458]},"properties":{"source":"madrid","assetnum":"1653152","district":"CENTRO","barrio":"EMBAJADORES","species_code":"UMI","species":"ULMUS MINOR","perimeter_cm":138.0,"height":16.0,"municipal_x":440405.297,"municipal_y":4473506.705}},{"type":"Feature","id":"MAD-1643421","geometry":{"type":"Point","coordinates":[-3.7044375,40.4068296]},"properties":{"source":"madrid","assetnum":"1643421","district":"CENTRO","barrio":"EMBAJADORES","species_code":"FAM","species":"FRAXINUS AMERICANA","perimeter_cm":21.0,"height":6.5,"municipal_x":440227.555,"municipal_y":4473151.105}},{"type":"Feature","id":"MAD-9119963","geometry":{"type":"Point","coordinates":[-3.7063518,40.4099887]},"properties":{"source":"madrid","assetnum":"9119963","district":"CENTRO","barrio":"EMBAJADORES","species_code":"LJA","species":"LIGUSTRUM JAPONICUM","perimeter_cm":16.0,"height":3.8,"municipal_x":440067.918,"municipal_y":4473503.055}},{"type":"Feature","id":"MAD-2067512","geometry":{"type":"Point","coordinates":[-3.7070909,40.4136753]},"properties":{"source":"madrid","assetnum":"2067512","district":"CENTRO","barrio":"EMBAJADORES","species_code":"HSY","species":"HIBISCUS SYRIACUS","perimeter_cm":17.0,"height":3.5,"municipal_x":440008.484,"municipal_y":4473912.772}},{"type":"Feature","id":"MAD-9870858","geometry":{"type":"Point","coordinates":[-3.710854,40.4069163]},"properties":{"source":"madrid","assetnum":"9870858","district":"CENTRO","barrio":"EMBAJADORES","species_code":"CAU","species":"CELTIS AUSTRALIS","perimeter_cm":20.0,"height":4.3,"municipal_x":439683.179,"municipal_y":4473165.089}},{"type":"Feature","id":"MAD-9101060","geometry":{"type":"Point","coordinates":[-3.6969222,40.4107531]},"properties":{"source":"madrid","assetnum":"9101060","district":"CENTRO","barrio":"EMBAJADORES","species_code":"PCP","species":"PRUNUS CERASIFERA  SUBSP. PISSARDII","perimeter_cm":18.0,"height":5.0,"municipal_x":440868.67,"municipal_y":4473581.555}},{"type":"Feature","id":"MAD-1660271","geometry":{"type":"Point","coordinates":[-3.7023225,40.4103113]},"properties":{"source":"madrid","assetnum":"1660271","district":"CENTRO","barrio":"EMBAJADORES","species_code":"LJA","species":"LIGUSTRUM JAPONICUM","perimeter_cm":38.0,"height":9.0,"municipal_x":440410.088,"municipal_y":4473536.145}},{"type":"Feature","id":"MAD-7942780","geometry":{"type":"Point","coordinates":[-3.7035378,40.4081466]},"properties":{"source":"madrid","assetnum":"7942780","district":"CENTRO","barrio":"EMBAJADORES","species_code":"ACA","species":"ACER CAMPESTRE","perimeter_cm":80.0,"height":4.0,"municipal_x":440305.058,"municipal_y":4473296.685}},{"type":"Feature","id":"MAD-1627565","geometry":{"type":"Point","coordinates":[-3.7039078,40.4084132]},"properties":{"source":"madrid","assetnum":"1627565","district":"CENTRO","barrio":"EMBAJADORES","species_code":"MGR","species":"MAGNOLIA GRANDIFLORA","perimeter_cm":56.0,"height":9.0,"municipal_x":440273.9,"municipal_y":4473326.52}},{"type":"Feature","id":"MAD-1663283","geometry":{"type":"Point","coordinates":[-3.706157,40.4111798]},"properties":{"source":"madrid","assetnum":"1663283","district":"CENTRO","barrio":"EMBAJADORES","species_code":"LJA","species":"LIGUSTRUM JAPONICUM","perimeter_cm":54.0,"height":9.0,"municipal_x":440085.506,"municipal_y":4473635.14}},{"type":"Feature","id":"MAD-1672345","geometry":{"type":"Point","coordinates":[-3.7029294,40.4136778]},"properties":{"source":"madrid","assetnum":"1672345","district":"CENTRO","barrio":"EMBAJADORES","species_code":"LJA","species":"LIGUSTRUM JAPONICUM","perimeter_cm":33.0,"height":5.0,"municipal_x":440361.565,"municipal_y":4473910.233}},{"type":"Feature","id":"MAD-1628573","geometry":{"type":"Point","coordinates":[-3.7046584,40.4063671]},"properties":{"source":"madrid","assetnum":"1628573","district":"CENTRO","barrio":"EMBAJADORES","species_code":"CAU","species":"CELTIS AUSTRALIS","perimeter_cm":78.0,"height":8.0,"municipal_x":440208.399,"municipal_y":4473099.92}},{"type":"Feature","id":"MAD-1668464","geometry":{"type":"Point","coordinates":[-3.7073146,40.4066875]},"properties":{"source":"madrid","assetnum":"1668464","district":"CENTRO","barrio":"EMBAJADORES","species_code":"PDA","species":"PLATANUS X HISPANICA","perimeter_cm":69.0,"height":13.0,"municipal_x":439983.296,"municipal_y":4473137.277}},{"type":"Feature","id":"MAD-9389886","geometry":{"type":"Point","coordinates":[-3.7083937,40.4092089]},"properties":{"source":"madrid","assetnum":"9389886","district":"CENTRO","barrio":"EMBAJADORES","species_code":"AHI","species":"AESCULUS HIPPOCASTANUM","perimeter_cm":14.0,"height":3.0,"municipal_x":439893.973,"municipal_y":4473417.886}},{"type":"Feature","id":"MAD-10174078","geometry":{"type":"Point","coordinates":[-3.6951764,40.4091231]},"properties":{"source":"madrid","assetnum":"10174078","district":"CENTRO","barrio":"EMBAJADORES","species_code":"AJU","species":"ALBIZIA JULIBRISSIN","perimeter_cm":17.0,"height":3.4,"municipal_x":441015.378,"municipal_y":4473399.462}},{"type":"Feature","id":"MAD-7901907","geometry":{"type":"Point","coordinates":[-3.7009201,40.4088036]},"properties":{"source":"madrid","assetnum":"7901907","district":"CENTRO","barrio":"EMBAJADORES","species_code":"LJA","species":"LIGUSTRUM JAPONICUM","perimeter_cm":14.0,"height":3.0,"municipal_x":440527.748,"municipal_y":4473367.848}},{"type":"Feature","id":"MAD-1653184","geometry":{"type":"Point","coordinates":[-3.6931872,40.408656]},"properties":{"source":"madrid","assetnum":"1653184","district":"CENTRO","barrio":"EMBAJADORES","species_code":"LST","species":"LIQUIDAMBAR STYRACIFLUA","perimeter_cm":60.0,"height":12.0,"municipal_x":441183.752,"municipal_y":4473346.285}},{"type":"Feature","id":"MAD-1680150","geometry":{"type":"Point","coordinates":[-3.6993866,40.4081588]},"properties":{"source":"madrid","assetnum":"1680150","district":"CENTRO","barrio":"EMBAJADORES","species_code":"SJA","species":"STYPHNOLOBIUM JAPONICUM","perimeter_cm":106.0,"height":16.0,"municipal_x":440657.294,"municipal_y":4473295.241}},{"type":"Feature","id":"MAD-1660982","geometry":{"type":"Point","coordinates":[-3.7070942,40.406306]},"properties":{"source":"madrid","assetnum":"1660982","district":"CENTRO","barrio":"EMBAJADORES","species_code":"PDA","species":"PLATANUS X HISPANICA","perimeter_cm":66.0,"height":11.0,"municipal_x":440001.664,"municipal_y":4473094.787}},{"type":"Feature","id":"MAD-1680742","geometry":{"type":"Point","coordinates":[-3.6960374,40.4095509]},"properties":{"source":"madrid","assetnum":"1680742","district":"CENTRO","barrio":"EMBAJADORES","species_code":"PCY","species":"PYRUS CALLERYANA","perimeter_cm":17.0,"height":5.0,"municipal_x":440942.694,"municipal_y":4473447.518}},{"type":"Feature","id":"MAD-1677618","geometry":{"type":"Point","coordinates":[-3.6951176,40.4090924]},"properties":{"source":"madrid","assetnum":"1677618","district":"CENTRO","barrio":"EMBAJADORES","species_code":"AJU","species":"ALBIZIA JULIBRISSIN","perimeter_cm":15.0,"height":4.0,"municipal_x":441020.338,"municipal_y":4473396.014}},{"type":"Feature","id":"MAD-1672063","geometry":{"type":"Point","coordinates":[-3.7068707,40.4117358]},"properties":{"source":"madrid","assetnum":"1672063","district":"CENTRO","barrio":"EMBAJADORES","species_code":"PDA","species":"PLATANUS X HISPANICA","perimeter_cm":122.0,"height":19.0,"municipal_x":440025.443,"municipal_y":4473697.338}},{"type":"Feature","id":"MAD-1647998","geometry":{"type":"Point","coordinates":[-3.6953089,40.4083919]},"properties":{"source":"madrid","assetnum":"1647998","district":"CENTRO","barrio":"EMBAJADORES","species_code":"RPS","species":"ROBINIA PSEUDOACACIA","perimeter_cm":46.0,"height":11.0,"municipal_x":441003.492,"municipal_y":4473318.386}},{"type":"Feature","id":"MAD-1635736","geometry":{"type":"Point","coordinates":[-3.7057457,40.406038]},"properties":{"source":"madrid","assetnum":"1635736","district":"CENTRO","barrio":"EMBAJADORES","species_code":"AAL","species":"AILANTHUS ALTISSIMA","perimeter_cm":170.0,"height":16.0,"municipal_x":440115.844,"municipal_y":4473064.12}},{"type":"Feature","id":"MAD-1661986","geometry":{"type":"Point","coordinates":[-3.7039145,40.4073195]},"properties":{"source":"madrid","assetnum":"1661986","district":"CENTRO","barrio":"EMBAJADORES","species_code":"SJA","species":"STYPHNOLOBIUM JAPONICUM","perimeter_cm":73.0,"height":14.0,"municipal_x":440272.363,"municipal_y":4473205.13}},{"type":"Feature","id":"MAD-1684569","geometry":{"type":"Point","coordinates":[-3.7071076,40.4108675]},"properties":{"source":"madrid","assetnum":"1684569","district":"CENTRO","barrio":"EMBAJADORES","species_code":"LJA","species":"LIGUSTRUM JAPONICUM","perimeter_cm":54.0,"height":9.0,"municipal_x":440004.577,"municipal_y":4473601.115}},{"type":"Feature","id":"MAD-1656338","geometry":{"type":"Point","coordinates":[-3.7022709,40.4096962]},"properties":{"source":"madrid","assetnum":"1656338","district":"CENTRO","barrio":"EMBAJADORES","species_code":"UPU","species":"ULMUS PUMILA","perimeter_cm":110.0,"height":17.0,"municipal_x":440413.916,"municipal_y":4473467.832}},{"type":"Feature","id":"MAD-1662067","geometry":{"type":"Point","coordinates":[-3.7086725,40.4068011]},"properties":{"source":"madrid","assetnum":"1662067","district":"CENTRO","barrio":"EMBAJADORES","species_code":"LJA","species":"LIGUSTRUM JAPONICUM","perimeter_cm":48.0,"height":5.0,"municipal_x":439868.178,"municipal_y":4473150.816}},{"type":"Feature","id":"MAD-10132786","geometry":{"type":"Point","coordinates":[-3.7009499,40.4091847]},"properties":{"source":"madrid","assetnum":"10132786","district":"CENTRO","barrio":"EMBAJADORES","species_code":"RPS","species":"ROBINIA PSEUDOACACIA","perimeter_cm":17.0,"height":4.25,"municipal_x":440525.554,"municipal_y":4473410.163}},{"type":"Feature","id":"MAD-2075492","geometry":{"type":"Point","coordinates":[-3.7013936,40.4133556]},"properties":{"source":"madrid","assetnum":"2075492","district":"CENTRO","barrio":"EMBAJADORES","species_code":"AHI","species":"AESCULUS HIPPOCASTANUM","perimeter_cm":38.0,"height":6.5,"municipal_x":440491.584,"municipal_y":4473873.435}},{"type":"Feature","id":"MAD-10202442","geometry":{"type":"Point","coordinates":[-3.7056614,40.4127872]},"properties":{"source":"madrid","assetnum":"10202442","district":"CENTRO","barrio":"EMBAJADORES","species_code":"SJA","species":"STYPHNOLOBIUM JAPONICUM","perimeter_cm":24.0,"height":5.0,"municipal_x":440128.981,"municipal_y":4473813.222}},{"type":"Feature","id":"MAD-7932524","geometry":{"type":"Point","coordinates":[-3.7036194,40.4069474]},"properties":{"source":"madrid","assetnum":"7932524","district":"CENTRO","barrio":"EMBAJADORES","species_code":"AUM","species":"ACER BUERGERIANUM","perimeter_cm":16.0,"height":4.5,"municipal_x":440297.076,"municipal_y":4473163.63}},{"type":"Feature","id":"MAD-1631258","geometry":{"type":"Point","coordinates":[-3.7054756,40.4064495]},"properties":{"source":"madrid","assetnum":"1631258","district":"CENTRO","barrio":"EMBAJADORES","species_code":"PDA","species":"PLATANUS X HISPANICA","perimeter_cm":97.0,"height":12.0,"municipal_x":440139.134,"municipal_y":4473109.619}},{"type":"Feature","id":"MAD-7901905","geometry":{"type":"Point","coordinates":[-3.7007375,40.4069435]},"properties":{"source":"madrid","assetnum":"7901905","district":"CENTRO","barrio":"EMBAJADORES","species_code":"LJA","species":"LIGUSTRUM JAPONICUM","perimeter_cm":14.0,"height":3.0,"municipal_x":440541.603,"municipal_y":4473161.251}},{"type":"Feature","id":"MAD-8365116","geometry":{"type":"Point","coordinates":[-3.7036704,40.4096833]},"properties":{"source":"madrid","assetnum":"8365116","district":"CENTRO","barrio":"EMBAJADORES","species_code":"PCY","species":"PYRUS CALLERYANA","perimeter_cm":24.0,"height":5.0,"municipal_x":440295.167,"municipal_y":4473467.345}},{"type":"Feature","id":"MAD-9925377","geometry":{"type":"Point","coordinates":[-3.7086502,40.4063194]},"properties":{"source":"madrid","assetnum":"9925377","district":"CENTRO","barrio":"EMBAJADORES","species_code":"LIN","species":"LAGERSTROEMIA INDICA","perimeter_cm":16.0,"height":2.5,"municipal_x":439869.64,"municipal_y":4473097.332}},{"type":"Feature","id":"MAD-1636386","geometry":{"type":"Point","coordinates":[-3.705372,40.4059805]},"properties":{"source":"madrid","assetnum":"1636386","district":"CENTRO","barrio":"EMBAJADORES","species_code":"SJA","species":"STYPHNOLOBIUM JAPONICUM","perimeter_cm":185.0,"height":12.0,"municipal_x":440147.502,"municipal_y":4473057.482}},{"type":"Feature","id":"MAD-1635702","geometry":{"type":"Point","coordinates":[-3.7051547,40.4062981]},"properties":{"source":"madrid","assetnum":"1635702","district":"CENTRO","barrio":"EMBAJADORES","species_code":"CAU","species":"CELTIS AUSTRALIS","perimeter_cm":49.0,"height":7.0,"municipal_x":440166.226,"municipal_y":4473092.594}},{"type":"Feature","id":"MAD-1671975","geometry":{"type":"Point","coordinates":[-3.7029783,40.4135624]},"properties":{"source":"madrid","assetnum":"1671975","district":"CENTRO","barrio":"EMBAJADORES","species_code":"LJA","species":"LIGUSTRUM JAPONICUM","perimeter_cm":34.0,"height":7.0,"municipal_x":440357.312,"municipal_y":4473897.457}},{"type":"Feature","id":"MAD-9101061","geometry":{"type":"Point","coordinates":[-3.6973344,40.4109667]},"properties":{"source":"madrid","assetnum":"9101061","district":"CENTRO","barrio":"EMBAJADORES","species_code":"PCP","species":"PRUNUS CERASIFERA  SUBSP. PISSARDII","perimeter_cm":18.0,"height":5.0,"municipal_x":440833.885,"municipal_y":4473605.536}},{"type":"Feature","id":"MAD-2062804","geometry":{"type":"Point","coordinates":[-3.6939323,40.4097688]},"properties":{"source":"madrid","assetnum":"2062804","district":"CENTRO","barrio":"EMBAJADORES","species_code":"PDA","species":"PLATANUS X HISPANICA","perimeter_cm":19.0,"height":4.5,"municipal_x":441121.497,"municipal_y":4473470.303}},{"type":"Feature","id":"MAD-1656351","geometry":{"type":"Point","coordinates":[-3.6979503,40.4072427]},"properties":{"source":"madrid","assetnum":"1656351","district":"CENTRO","barrio":"EMBAJADORES","species_code":"SJA","species":"STYPHNOLOBIUM JAPONICUM","perimeter_cm":16.0,"height":5.0,"municipal_x":440778.368,"municipal_y":4473192.592}},{"type":"Feature","id":"MAD-10150184","geometry":{"type":"Point","coordinates":[-3.7105866,40.4071962]},"properties":{"source":"madrid","assetnum":"10150184","district":"CENTRO","barrio":"EMBAJADORES","species_code":"LTU","species":"LIRIODENDRON TULIPIFERA","perimeter_cm":15.0,"height":4.0,"municipal_x":439706.118,"municipal_y":4473195.974}},{"type":"Feature","id":"MAD-9101082","geometry":{"type":"Point","coordinates":[-3.6959623,40.4103902]},"properties":{"source":"madrid","assetnum":"9101082","district":"CENTRO","barrio":"EMBAJADORES","species_code":"PCP","species":"PRUNUS CERASIFERA  SUBSP. PISSARDII","perimeter_cm":18.0,"height":5.0,"municipal_x":440949.799,"municipal_y":4473540.629}},{"type":"Feature","id":"MAD-1654095","geometry":{"type":"Point","coordinates":[-3.6976691,40.4079961]},"properties":{"source":"madrid","assetnum":"1654095","district":"CENTRO","barrio":"EMBAJADORES","species_code":"SJA","species":"STYPHNOLOBIUM JAPONICUM","perimeter_cm":42.0,"height":9.0,"municipal_x":440802.889,"municipal_y":4473276.031}},{"type":"Feature","id":"MAD-6747396","geometry":{"type":"Point","coordinates":[-3.7043904,40.4068375]},"properties":{"source":"madrid","assetnum":"6747396","district":"CENTRO","barrio":"EMBAJADORES","species_code":"KPA","species":"KOELREUTERIA PANICULATA","perimeter_cm":37.0,"height":6.0,"municipal_x":440231.558,"municipal_y":4473151.953}},{"type":"Feature","id":"MAD-1671849","geometry":{"type":"Point","coordinates":[-3.6988907,40.4081952]},"properties":{"source":"madrid","assetnum":"1671849","district":"CENTRO","barrio":"EMBAJADORES","species_code":"SJA","species":"STYPHNOLOBIUM JAPONICUM","perimeter_cm":40.0,"height":8.0,"municipal_x":440699.404,"municipal_y":4473298.95}},{"type":"Feature","id":"MAD-1683505","geometry":{"type":"Point","coordinates":[-3.6997924,40.4083389]},"properties":{"source":"madrid","assetnum":"1683505","district":"CENTRO","barrio":"EMBAJADORES","species_code":"SJA","species":"STYPHNOLOBIUM JAPONICUM","perimeter_cm":55.0,"height":9.0,"municipal_x":440623.024,"municipal_y":4473315.501}},{"type":"Feature","id":"MAD-1657192","geometry":{"type":"Point","coordinates":[-3.6961042,40.4082808]},"properties":{"source":"madrid","assetnum":"1657192","district":"CENTRO","barrio":"EMBAJADORES","species_code":"LJA","species":"LIGUSTRUM JAPONICUM","perimeter_cm":37.0,"height":8.0,"municipal_x":440935.919,"municipal_y":4473306.586}},{"type":"Feature","id":"MAD-1681969","geometry":{"type":"Point","coordinates":[-3.6959998,40.4095304]},"properties":{"source":"madrid","assetnum":"1681969","district":"CENTRO","barrio":"EMBAJADORES","species_code":"PCY","species":"PYRUS CALLERYANA","perimeter_cm":20.0,"height":5.5,"municipal_x":440945.864,"municipal_y":4473445.218}},{"type":"Feature","id":"MAD-1657825","geometry":{"type":"Point","coordinates":[-3.6973999,40.4065769]},"properties":{"source":"madrid","assetnum":"1657825","district":"CENTRO","barrio":"EMBAJADORES","species_code":"ANE","species":"ACER NEGUNDO","perimeter_cm":88.0,"height":12.0,"municipal_x":440824.486,"municipal_y":4473118.315}},{"type":"Feature","id":"MAD-1680216","geometry":{"type":"Point","coordinates":[-3.6946239,40.4100659]},"properties":{"source":"madrid","assetnum":"1680216","district":"CENTRO","barrio":"EMBAJADORES","species_code":"SJA","species":"STYPHNOLOBIUM JAPONICUM","perimeter_cm":37.0,"height":7.0,"municipal_x":441063.082,"municipal_y":4473503.742}},{"type":"Feature","id":"MAD-9101067","geometry":{"type":"Point","coordinates":[-3.6970422,40.410815]},"properties":{"source":"madrid","assetnum":"9101067","district":"CENTRO","barrio":"EMBAJADORES","species_code":"PCP","species":"PRUNUS CERASIFERA  SUBSP. PISSARDII","perimeter_cm":18.0,"height":5.0,"municipal_x":440858.55,"municipal_y":4473588.501}},{"type":"Feature","id":"MAD-1629564","geometry":{"type":"Point","coordinates":[-3.7050462,40.4056169]},"properties":{"source":"madrid","assetnum":"1629564","district":"CENTRO","barrio":"EMBAJADORES","species_code":"PRA","species":"PRUNUS ARMENIACA","perimeter_cm":51.0,"height":7.0,"municipal_x":440174.827,"municipal_y":4473016.906}},{"type":"Feature","id":"MAD-1653880","geometry":{"type":"Point","coordinates":[-3.7004614,40.4078102]},"properties":{"source":"madrid","assetnum":"1653880","district":"CENTRO","barrio":"EMBAJADORES","species_code":"LJA","species":"LIGUSTRUM JAPONICUM","perimeter_cm":59.0,"height":9.0,"municipal_x":440565.791,"municipal_y":4473257.272}},{"type":"Feature","id":"MAD-1676791","geometry":{"type":"Point","coordinates":[-3.7062999,40.4063521]},"properties":{"source":"madrid","assetnum":"1676791","district":"CENTRO","barrio":"EMBAJADORES","species_code":"CAU","species":"CELTIS AUSTRALIS","perimeter_cm":26.0,"height":5.5,"municipal_x":440069.101,"municipal_y":4473099.366}},{"type":"Feature","id":"MAD-9345660","geometry":{"type":"Point","coordinates":[-3.6965073,40.4068202]},"properties":{"source":"madrid","assetnum":"9345660","district":"CENTRO","barrio":"EMBAJADORES","species_code":"LJV","species":"LIGUSTRUM JAPONICUM 'VARIEGATUM'","perimeter_cm":18.0,"height":4.0,"municipal_x":440900.436,"municipal_y":4473144.731}},{"type":"Feature","id":"MAD-1648161","geometry":{"type":"Point","coordinates":[-3.6972603,40.4075744]},"properties":{"source":"madrid","assetnum":"1648161","district":"CENTRO","barrio":"EMBAJADORES","species_code":"LJV","species":"LIGUSTRUM JAPONICUM 'VARIEGATUM'","perimeter_cm":25.0,"height":5.0,"municipal_x":440837.206,"municipal_y":4473228.95}},{"type":"Feature","id":"MAD-7901852","geometry":{"type":"Point","coordinates":[-3.7039838,40.4076013]},"properties":{"source":"madrid","assetnum":"7901852","district":"CENTRO","barrio":"EMBAJADORES","species_code":"LJA","species":"LIGUSTRUM JAPONICUM","perimeter_cm":14.0,"height":3.0,"municipal_x":440266.731,"municipal_y":4473236.457}},{"type":"Feature","id":"MAD-1653322","geometry":{"type":"Point","coordinates":[-3.6946626,40.4100827]},"properties":{"source":"madrid","assetnum":"1653322","district":"CENTRO","barrio":"EMBAJADORES","species_code":"SJA","species":"STYPHNOLOBIUM JAPONICUM","perimeter_cm":87.0,"height":16.0,"municipal_x":441059.808,"municipal_y":4473505.633}},{"type":"Feature","id":"MAD-1652885","geometry":{"type":"Point","coordinates":[-3.7005847,40.4080021]},"properties":{"source":"madrid","assetnum":"1652885","district":"CENTRO","barrio":"EMBAJADORES","species_code":"LJA","species":"LIGUSTRUM JAPONICUM","perimeter_cm":39.0,"height":7.0,"municipal_x":440555.505,"municipal_y":4473278.648}},{"type":"Feature","id":"MAD-9875955","geometry":{"type":"Point","coordinates":[-3.7071912,40.4107162]},"properties":{"source":"madrid","assetnum":"9875955","district":"CENTRO","barrio":"EMBAJADORES","species_code":"LJA","species":"LIGUSTRUM JAPONICUM","perimeter_cm":14.0,"height":4.0,"municipal_x":439997.344,"municipal_y":4473584.379}},{"type":"Feature","id":"MAD-1663200","geometry":{"type":"Point","coordinates":[-3.7071252,40.4069704]},"properties":{"source":"madrid","assetnum":"1663200","district":"CENTRO","barrio":"EMBAJADORES","species_code":"PDA","species":"PLATANUS X HISPANICA","perimeter_cm":99.0,"height":16.0,"municipal_x":439999.623,"municipal_y":4473168.553}},{"type":"Feature","id":"MAD-1685112","geometry":{"type":"Point","coordinates":[-3.7086348,40.4109119]},"properties":{"source":"madrid","assetnum":"1685112","district":"CENTRO","barrio":"EMBAJADORES","species_code":"LJA","species":"LIGUSTRUM JAPONICUM","perimeter_cm":37.0,"height":6.5,"municipal_x":439875.036,"municipal_y":4473607.078}},{"type":"Feature","id":"MAD-10140160","geometry":{"type":"Point","coordinates":[-3.7072572,40.4104443]},"properties":{"source":"madrid","assetnum":"10140160","district":"CENTRO","barrio":"EMBAJADORES","species_code":"LJA","species":"LIGUSTRUM JAPONICUM","perimeter_cm":22.0,"height":4.0,"municipal_x":439991.501,"municipal_y":4473554.244}},{"type":"Feature","id":"MAD-1643430","geometry":{"type":"Point","coordinates":[-3.7040974,40.4068079]},"properties":{"source":"madrid","assetnum":"1643430","district":"CENTRO","barrio":"EMBAJADORES","species_code":"KPA","species":"KOELREUTERIA PANICULATA","perimeter_cm":36.0,"height":6.0,"municipal_x":440256.392,"municipal_y":4473148.468}},{"type":"Feature","id":"MAD-1672074","geometry":{"type":"Point","coordinates":[-3.7004531,40.4064717]},"properties":{"source":"madrid","assetnum":"1672074","district":"CENTRO","barrio":"EMBAJADORES","species_code":"LJA","species":"LIGUSTRUM JAPONICUM","perimeter_cm":33.0,"height":9.0,"municipal_x":440565.322,"municipal_y":4473108.691}},{"type":"Feature","id":"MAD-1656386","geometry":{"type":"Point","coordinates":[-3.7029738,40.4139306]},"properties":{"source":"madrid","assetnum":"1656386","district":"CENTRO","barrio":"EMBAJADORES","species_code":"AHI","species":"AESCULUS HIPPOCASTANUM","perimeter_cm":49.0,"height":8.0,"municipal_x":440358.02,"municipal_y":4473938.325}},{"type":"Feature","id":"MAD-1678139","geometry":{"type":"Point","coordinates":[-3.6979228,40.4105748]},"properties":{"source":"madrid","assetnum":"1678139","district":"CENTRO","barrio":"EMBAJADORES","species_code":"AJU","species":"ALBIZIA JULIBRISSIN","perimeter_cm":17.0,"height":4.0,"municipal_x":440783.616,"municipal_y":4473562.431}},{"type":"Feature","id":"MAD-1683938","geometry":{"type":"Point","coordinates":[-3.7029976,40.4075538]},"properties":{"source":"madrid","assetnum":"1683938","district":"CENTRO","barrio":"EMBAJADORES","species_code":"UJA","species":"ULMUS DAVIDIANA VAR. JAPONICA","perimeter_cm":30.0,"height":5.0,"municipal_x":440350.367,"municipal_y":4473230.511}},{"type":"Feature","id":"MAD-9126608","geometry":{"type":"Point","coordinates":[-3.702892,40.4093614]},"properties":{"source":"madrid","assetnum":"9126608","district":"CENTRO","barrio":"EMBAJADORES","species_code":"LJA","species":"LIGUSTRUM JAPONICUM","perimeter_cm":17.0,"height":3.8,"municipal_x":440360.929,"municipal_y":4473431.092}},{"type":"Feature","id":"MAD-1643050","geometry":{"type":"Point","coordinates":[-3.7085964,40.4063094]},"properties":{"source":"madrid","assetnum":"1643050","district":"CENTRO","barrio":"EMBAJADORES","species_code":"LIN","species":"LAGERSTROEMIA INDICA","perimeter_cm":25.0,"height":6.0,"municipal_x":439874.2,"municipal_y":4473096.18}},{"type":"Feature","id":"MAD-1651564","geometry":{"type":"Point","coordinates":[-3.697685,40.4104214]},"properties":{"source":"madrid","assetnum":"1651564","district":"CENTRO","barrio":"EMBAJADORES","species_code":"AJU","species":"ALBIZIA JULIBRISSIN","perimeter_cm":33.0,"height":6.0,"municipal_x":440803.659,"municipal_y":4473545.248}},{"type":"Feature","id":"MAD-1644392","geometry":{"type":"Point","coordinates":[-3.7041817,40.4065919]},"properties":{"source":"madrid","assetnum":"1644392","district":"CENTRO","barrio":"EMBAJADORES","species_code":"MEA","species":"MELIA AZEDARACH","perimeter_cm":70.0,"height":7.0,"municipal_x":440249.043,"municipal_y":4473124.544}},{"type":"Feature","id":"MAD-1671432","geometry":{"type":"Point","coordinates":[-3.7006339,40.4130431]},"properties":{"source":"madrid","assetnum":"1671432","district":"CENTRO","barrio":"EMBAJADORES","species_code":"AXA","species":"AESCULUS X CARNEA","perimeter_cm":42.0,"height":7.0,"municipal_x":440555.764,"municipal_y":4473838.23}},{"type":"Feature","id":"MAD-1686506","geometry":{"type":"Point","coordinates":[-3.7084101,40.4079557]},"properties":{"source":"madrid","assetnum":"1686506","district":"CENTRO","barrio":"EMBAJADORES","species_code":"LJV","species":"LIGUSTRUM JAPONICUM 'VARIEGATUM'","perimeter_cm":21.0,"height":5.0,"municipal_x":439891.467,"municipal_y":4473278.797}},{"type":"Feature","id":"MAD-9101090","geometry":{"type":"Point","coordinates":[-3.6962638,40.4098174]},"properties":{"source":"madrid","assetnum":"9101090","district":"CENTRO","barrio":"EMBAJADORES","species_code":"PCP","species":"PRUNUS CERASIFERA  SUBSP. PISSARDII","perimeter_cm":18.0,"height":5.0,"municipal_x":440923.719,"municipal_y":4473477.251}},{"type":"Feature","id":"MAD-1648039","geometry":{"type":"Point","coordinates":[-3.6983178,40.4073078]},"properties":{"source":"madrid","assetnum":"1648039","district":"CENTRO","barrio":"EMBAJADORES","species_code":"LJV","species":"LIGUSTRUM JAPONICUM 'VARIEGATUM'","perimeter_cm":24.0,"height":5.0,"municipal_x":440747.237,"municipal_y":4473200.058}},{"type":"Feature","id":"MAD-1659867","geometry":{"type":"Point","coordinates":[-3.7022499,40.4103233]},"properties":{"source":"madrid","assetnum":"1659867","district":"CENTRO","barrio":"EMBAJADORES","species_code":"LJA","species":"LIGUSTRUM JAPONICUM","perimeter_cm":54.0,"height":12.0,"municipal_x":440416.258,"municipal_y":4473537.425}},{"type":"Feature","id":"MAD-1657155","geometry":{"type":"Point","coordinates":[-3.7004135,40.4075134]},"properties":{"source":"madrid","assetnum":"1657155","district":"CENTRO","barrio":"EMBAJADORES","species_code":"LJA","species":"LIGUSTRUM JAPONICUM","perimeter_cm":32.0,"height":5.0,"municipal_x":440569.598,"municipal_y":4473224.296}},{"type":"Feature","id":"MAD-10202636","geometry":{"type":"Point","coordinates":[-3.6988606,40.4109359]},"properties":{"source":"madrid","assetnum":"10202636","district":"CENTRO","barrio":"EMBAJADORES","species_code":"AMO","species":"ACER MONSPESSULANUM","perimeter_cm":18.0,"height":4.0,"municipal_x":440704.364,"municipal_y":4473603.142}},{"type":"Feature","id":"MAD-1653847","geometry":{"type":"Point","coordinates":[-3.6933579,40.407905]},"properties":{"source":"madrid","assetnum":"1653847","district":"CENTRO","barrio":"EMBAJADORES","species_code":"PDA","species":"PLATANUS X HISPANICA","perimeter_cm":101.0,"height":18.0,"municipal_x":441168.61,"municipal_y":4473263.034}},{"type":"Feature","id":"MAD-9285543","geometry":{"type":"Point","coordinates":[-3.7028155,40.4080672]},"properties":{"source":"madrid","assetnum":"9285543","district":"CENTRO","barrio":"EMBAJADORES","species_code":"PCP","species":"PRUNUS CERASIFERA  SUBSP. PISSARDII","perimeter_cm":16.0,"height":3.5,"municipal_x":440366.27,"municipal_y":4473287.377}},{"type":"Feature","id":"MAD-9047641","geometry":{"type":"Point","coordinates":[-3.7071416,40.4102161]},"properties":{"source":"madrid","assetnum":"9047641","district":"CENTRO","barrio":"EMBAJADORES","species_code":"LJA","species":"LIGUSTRUM JAPONICUM","perimeter_cm":14.0,"height":5.0,"municipal_x":440001.11,"municipal_y":4473528.84}},{"type":"Feature","id":"MAD-1660275","geometry":{"type":"Point","coordinates":[-3.7071698,40.4111608]},"properties":{"source":"madrid","assetnum":"1660275","district":"CENTRO","barrio":"EMBAJADORES","species_code":"LJA","species":"LIGUSTRUM JAPONICUM","perimeter_cm":50.0,"height":7.0,"municipal_x":439999.557,"municipal_y":4473633.715}},{"type":"Feature","id":"MAD-9331225","geometry":{"type":"Point","coordinates":[-3.7034017,40.4125784]},"properties":{"source":"madrid","assetnum":"9331225","district":"CENTRO","barrio":"EMBAJADORES","species_code":"LJA","species":"LIGUSTRUM JAPONICUM","perimeter_cm":16.0,"height":4.0,"municipal_x":440320.52,"municipal_y":4473788.515}},{"type":"Feature","id":"MAD-1660186","geometry":{"type":"Point","coordinates":[-3.7068009,40.4062364]},"properties":{"source":"madrid","assetnum":"1660186","district":"CENTRO","barrio":"EMBAJADORES","species_code":"PDA","species":"PLATANUS X HISPANICA","perimeter_cm":54.0,"height":12.0,"municipal_x":440026.488,"municipal_y":4473086.861}},{"type":"Feature","id":"MAD-10202620","geometry":{"type":"Point","coordinates":[-3.7038076,40.4133235]},"properties":{"source":"madrid","assetnum":"10202620","district":"CENTRO","barrio":"EMBAJADORES","species_code":"CSI","species":"CERCIS SILIQUASTRUM","perimeter_cm":25.0,"height":4.0,"municipal_x":440286.744,"municipal_y":4473871.499}},{"type":"Feature","id":"MAD-10132781","geometry":{"type":"Point","coordinates":[-3.6932576,40.4088187]},"properties":{"source":"madrid","assetnum":"10132781","district":"CENTRO","barrio":"EMBAJADORES","species_code":"LST","species":"LIQUIDAMBAR STYRACIFLUA","perimeter_cm":16.0,"height":4.35,"municipal_x":441177.92,"municipal_y":4473364.389}},{"type":"Feature","id":"MAD-1648113","geometry":{"type":"Point","coordinates":[-3.6951532,40.408583]},"properties":{"source":"madrid","assetnum":"1648113","district":"CENTRO","barrio":"EMBAJADORES","species_code":"RPS","species":"ROBINIA PSEUDOACACIA","perimeter_cm":59.0,"height":11.0,"municipal_x":441016.877,"municipal_y":4473339.496}},{"type":"Feature","id":"MAD-1682883","geometry":{"type":"Point","coordinates":[-3.6973304,40.4100804]},"properties":{"source":"madrid","assetnum":"1682883","district":"CENTRO","barrio":"EMBAJADORES","species_code":"AJU","species":"ALBIZIA JULIBRISSIN","perimeter_cm":17.0,"height":3.5,"municipal_x":440833.446,"municipal_y":4473507.159}},{"type":"Feature","id":"MAD-9345687","geometry":{"type":"Point","coordinates":[-3.7080765,40.4066856]},"properties":{"source":"madrid","assetnum":"9345687","district":"CENTRO","barrio":"EMBAJADORES","species_code":"LJV","species":"LIGUSTRUM JAPONICUM 'VARIEGATUM'","perimeter_cm":14.0,"height":2.8,"municipal_x":439918.647,"municipal_y":4473137.582}},{"type":"Feature","id":"MAD-1672506","geometry":{"type":"Point","coordinates":[-3.7072603,40.4104929]},"properties":{"source":"madrid","assetnum":"1672506","district":"CENTRO","barrio":"EMBAJADORES","species_code":"LJA","species":"LIGUSTRUM JAPONICUM","perimeter_cm":30.0,"height":4.5,"municipal_x":439991.286,"municipal_y":4473559.644}},{"type":"Feature","id":"MAD-1656717","geometry":{"type":"Point","coordinates":[-3.7016692,40.4128598]},"properties":{"source":"madrid","assetnum":"1656717","district":"CENTRO","barrio":"EMBAJADORES","species_code":"LJA","species":"LIGUSTRUM JAPONICUM","perimeter_cm":45.0,"height":9.0,"municipal_x":440467.762,"municipal_y":4473818.586}},{"type":"Feature","id":"MAD-1683520","geometry":{"type":"Point","coordinates":[-3.6972975,40.4101756]},"properties":{"source":"madrid","assetnum":"1683520","district":"CENTRO","barrio":"EMBAJADORES","species_code":"AJU","species":"ALBIZIA JULIBRISSIN","perimeter_cm":79.0,"height":11.0,"municipal_x":440836.325,"municipal_y":4473517.702}},{"type":"Feature","id":"MAD-1651586","geometry":{"type":"Point","coordinates":[-3.7042559,40.4069548]},"properties":{"source":"madrid","assetnum":"1651586","district":"CENTRO","barrio":"EMBAJADORES","species_code":"UPU","species":"ULMUS PUMILA","perimeter_cm":81.0,"height":11.0,"municipal_x":440243.072,"municipal_y":4473164.876}},{"type":"Feature","id":"MAD-10185990","geometry":{"type":"Point","coordinates":[-3.7045295,40.4067796]},"properties":{"source":"madrid","assetnum":"10185990","district":"CENTRO","barrio":"EMBAJADORES","species_code":"CAU","species":"CELTIS AUSTRALIS","perimeter_cm":18.0,"height":5.0,"municipal_x":440219.7,"municipal_y":4473145.612}},{"type":"Feature","id":"MAD-9101091","geometry":{"type":"Point","coordinates":[-3.6961545,40.4100475]},"properties":{"source":"madrid","assetnum":"9101091","district":"CENTRO","barrio":"EMBAJADORES","species_code":"PCP","species":"PRUNUS CERASIFERA  SUBSP. PISSARDII","perimeter_cm":18.0,"height":5.0,"municipal_x":440933.191,"municipal_y":4473502.721}},{"type":"Feature","id":"MAD-1653264","geometry":{"type":"Point","coordinates":[-3.6984257,40.4080115]},"properties":{"source":"madrid","assetnum":"1653264","district":"CENTRO","barrio":"EMBAJADORES","species_code":"SJA","species":"STYPHNOLOBIUM JAPONICUM","perimeter_cm":101.0,"height":15.0,"municipal_x":440738.703,"municipal_y":4473278.25}},{"type":"Feature","id":"MAD-1659799","geometry":{"type":"Point","coordinates":[-3.7063888,40.4063714]},"properties":{"source":"madrid","assetnum":"1659799","district":"CENTRO","barrio":"EMBAJADORES","species_code":"UPU","species":"ULMUS PUMILA","perimeter_cm":103.0,"height":16.0,"municipal_x":440061.575,"municipal_y":4473101.57}},{"type":"Feature","id":"MAD-1659787","geometry":{"type":"Point","coordinates":[-3.7034323,40.4066043]},"properties":{"source":"madrid","assetnum":"1659787","district":"CENTRO","barrio":"EMBAJADORES","species_code":"UPU","species":"ULMUS PUMILA","perimeter_cm":186.0,"height":18.0,"municipal_x":440312.645,"municipal_y":4473125.413}},{"type":"Feature","id":"MAD-6747284","geometry":{"type":"Point","coordinates":[-3.7061076,40.4060619]},"properties":{"source":"madrid","assetnum":"6747284","district":"CENTRO","barrio":"EMBAJADORES","species_code":"PAR","species":"PYRUS CALLERYANA 'CHANTICLEER'","perimeter_cm":18.0,"height":5.0,"municipal_x":440085.158,"municipal_y":4473067.02}},{"type":"Feature","id":"MAD-1683318","geometry":{"type":"Point","coordinates":[-3.7027407,40.4091939]},"properties":{"source":"madrid","assetnum":"1683318","district":"CENTRO","barrio":"EMBAJADORES","species_code":"LJA","species":"LIGUSTRUM JAPONICUM","perimeter_cm":63.0,"height":16.0,"municipal_x":440373.614,"municipal_y":4473412.396}},{"type":"Feature","id":"MAD-1650642","geometry":{"type":"Point","coordinates":[-3.7033709,40.4098844]},"properties":{"source":"madrid","assetnum":"1650642","district":"CENTRO","barrio":"EMBAJADORES","species_code":"KPA","species":"KOELREUTERIA PANICULATA","perimeter_cm":48.0,"height":6.0,"municipal_x":440320.751,"municipal_y":4473489.46}},{"type":"Feature","id":"MAD-9394446","geometry":{"type":"Point","coordinates":[-3.7021708,40.405643]},"properties":{"source":"madrid","assetnum":"9394446","district":"CENTRO","barrio":"EMBAJADORES","species_code":"ACA","species":"ACER CAMPESTRE","perimeter_cm":20.0,"height":5.2,"municipal_x":440418.843,"municipal_y":4473017.865}},{"type":"Feature","id":"MAD-9101088","geometry":{"type":"Point","coordinates":[-3.6961725,40.4100089]},"properties":{"source":"madrid","assetnum":"9101088","district":"CENTRO","barrio":"EMBAJADORES","species_code":"PCP","species":"PRUNUS CERASIFERA  SUBSP. PISSARDII","perimeter_cm":18.0,"height":5.0,"municipal_x":440931.637,"municipal_y":4473498.446}},{"type":"Feature","id":"MAD-1681950","geometry":{"type":"Point","coordinates":[-3.7016799,40.4105425]},"properties":{"source":"madrid","assetnum":"1681950","district":"CENTRO","barrio":"EMBAJADORES","species_code":"LJA","species":"LIGUSTRUM JAPONICUM","perimeter_cm":20.0,"height":5.0,"municipal_x":440464.814,"municipal_y":4473561.373}},{"type":"Feature","id":"MAD-9879986","geometry":{"type":"Point","coordinates":[-3.7016001,40.4090659]},"properties":{"source":"madrid","assetnum":"9879986","district":"CENTRO","barrio":"EMBAJADORES","species_code":"PAR","species":"PYRUS CALLERYANA 'CHANTICLEER'","perimeter_cm":14.0,"height":3.3,"municipal_x":440470.279,"municipal_y":4473397.42}},{"type":"Feature","id":"MAD-1657076","geometry":{"type":"Point","coordinates":[-3.6955426,40.4091758]},"properties":{"source":"madrid","assetnum":"1657076","district":"CENTRO","barrio":"EMBAJADORES","species_code":"AJU","species":"ALBIZIA JULIBRISSIN","perimeter_cm":53.0,"height":8.0,"municipal_x":440984.355,"municipal_y":4473405.555}},{"type":"Feature","id":"MAD-1656285","geometry":{"type":"Point","coordinates":[-3.6999488,40.4127606]},"properties":{"source":"madrid","assetnum":"1656285","district":"CENTRO","barrio":"EMBAJADORES","species_code":"AHI","species":"AESCULUS HIPPOCASTANUM","perimeter_cm":41.0,"height":8.0,"municipal_x":440613.638,"municipal_y":4473806.412}},{"type":"Feature","id":"MAD-1657296","geometry":{"type":"Point","coordinates":[-3.7012822,40.4088768]},"properties":{"source":"madrid","assetnum":"1657296","district":"CENTRO","barrio":"EMBAJADORES","species_code":"LJA","species":"LIGUSTRUM JAPONICUM","perimeter_cm":30.0,"height":4.0,"municipal_x":440497.09,"municipal_y":4473376.207}},{"type":"Feature","id":"MAD-9389267","geometry":{"type":"Point","coordinates":[-3.7076349,40.4096854]},"properties":{"source":"madrid","assetnum":"9389267","district":"CENTRO","barrio":"EMBAJADORES","species_code":"AMO","species":"ACER MONSPESSULANUM","perimeter_cm":14.0,"height":3.0,"municipal_x":439958.787,"municipal_y":4473470.258}},{"type":"Feature","id":"MAD-9101065","geometry":{"type":"Point","coordinates":[-3.6966575,40.4106168]},"properties":{"source":"madrid","assetnum":"9101065","district":"CENTRO","barrio":"EMBAJADORES","species_code":"PCP","species":"PRUNUS CERASIFERA  SUBSP. PISSARDII","perimeter_cm":18.0,"height":5.0,"municipal_x":440891.012,"municipal_y":4473566.246}},{"type":"Feature","id":"MAD-2009474","geometry":{"type":"Point","coordinates":[-3.7050255,40.4124482]},"properties":{"source":"madrid","assetnum":"2009474","district":"CENTRO","barrio":"EMBAJADORES","species_code":"UPU","species":"ULMUS PUMILA","perimeter_cm":150.0,"height":14.0,"municipal_x":440182.63,"municipal_y":4473775.168}},{"type":"Feature","id":"MAD-2061166","geometry":{"type":"Point","coordinates":[-3.7048654,40.4062578]},"properties":{"source":"madrid","assetnum":"2061166","district":"CENTRO","barrio":"EMBAJADORES","species_code":"CAU","species":"CELTIS AUSTRALIS","perimeter_cm":43.0,"height":6.5,"municipal_x":440190.741,"municipal_y":4473087.923}},{"type":"Feature","id":"MAD-1645713","geometry":{"type":"Point","coordinates":[-3.7037849,40.4095497]},"properties":{"source":"madrid","assetnum":"1645713","district":"CENTRO","barrio":"EMBAJADORES","species_code":"PCY","species":"PYRUS CALLERYANA","perimeter_cm":37.0,"height":5.0,"municipal_x":440285.331,"municipal_y":4473452.589}},{"type":"Feature","id":"MAD-1653904","geometry":{"type":"Point","coordinates":[-3.6969075,40.4067064]},"properties":{"source":"madrid","assetnum":"1653904","district":"CENTRO","barrio":"EMBAJADORES","species_code":"ANE","species":"ACER NEGUNDO","perimeter_cm":64.0,"height":9.0,"municipal_x":440866.377,"municipal_y":4473132.368}},{"type":"Feature","id":"MAD-9331236","geometry":{"type":"Point","coordinates":[-3.7016316,40.4103208]},"properties":{"source":"madrid","assetnum":"9331236","district":"CENTRO","barrio":"EMBAJADORES","species_code":"LJA","species":"LIGUSTRUM JAPONICUM","perimeter_cm":16.0,"height":4.0,"municipal_x":440468.711,"municipal_y":4473536.726}},{"type":"Feature","id":"MAD-1644615","geometry":{"type":"Point","coordinates":[-3.7036428,40.409649]},"properties":{"source":"madrid","assetnum":"1644615","district":"CENTRO","barrio":"EMBAJADORES","species_code":"PCY","species":"PYRUS CALLERYANA","perimeter_cm":64.0,"height":7.0,"municipal_x":440297.472,"municipal_y":4473463.521}},{"type":"Feature","id":"MAD-1653821","geometry":{"type":"Point","coordinates":[-3.7013744,40.4088168]},"properties":{"source":"madrid","assetnum":"1653821","district":"CENTRO","barrio":"EMBAJADORES","species_code":"LJA","species":"LIGUSTRUM JAPONICUM","perimeter_cm":65.0,"height":8.0,"municipal_x":440489.21,"municipal_y":4473369.619}},{"type":"Feature","id":"MAD-1685223","geometry":{"type":"Point","coordinates":[-3.7084271,40.4080576]},"properties":{"source":"madrid","assetnum":"1685223","district":"CENTRO","barrio":"EMBAJADORES","species_code":"LJV","species":"LIGUSTRUM JAPONICUM 'VARIEGATUM'","perimeter_cm":37.0,"height":7.0,"municipal_x":439890.116,"municipal_y":4473290.122}},{"type":"Feature","id":"MAD-1657287","geometry":{"type":"Point","coordinates":[-3.6979715,40.4070215]},"properties":{"source":"madrid","assetnum":"1657287","district":"CENTRO","barrio":"EMBAJADORES","species_code":"SJA","species":"STYPHNOLOBIUM JAPONICUM","perimeter_cm":35.0,"height":10.0,"municipal_x":440776.372,"municipal_y":4473168.053}},{"type":"Feature","id":"MAD-1660273","geometry":{"type":"Point","coordinates":[-3.7067153,40.4117715]},"properties":{"source":"madrid","assetnum":"1660273","district":"CENTRO","barrio":"EMBAJADORES","species_code":"PDA","species":"PLATANUS X HISPANICA","perimeter_cm":71.0,"height":16.0,"municipal_x":440038.661,"municipal_y":4473701.2}},{"type":"Feature","id":"MAD-9870463","geometry":{"type":"Point","coordinates":[-3.7039437,40.406682]},"properties":{"source":"madrid","assetnum":"9870463","district":"CENTRO","barrio":"EMBAJADORES","species_code":"MEA","species":"MELIA AZEDARACH","perimeter_cm":17.0,"height":3.5,"municipal_x":440269.317,"municipal_y":4473134.383}},{"type":"Feature","id":"MAD-1643051","geometry":{"type":"Point","coordinates":[-3.7082752,40.4066293]},"properties":{"source":"madrid","assetnum":"1643051","district":"CENTRO","barrio":"EMBAJADORES","species_code":"RPS","species":"ROBINIA PSEUDOACACIA","perimeter_cm":130.0,"height":11.0,"municipal_x":439901.735,"municipal_y":4473131.469}},{"type":"Feature","id":"MAD-1682906","geometry":{"type":"Point","coordinates":[-3.7002004,40.4071674]},"properties":{"source":"madrid","assetnum":"1682906","district":"CENTRO","barrio":"EMBAJADORES","species_code":"LJA","species":"LIGUSTRUM JAPONICUM","perimeter_cm":48.0,"height":7.0,"municipal_x":440587.377,"municipal_y":4473185.746}},{"type":"Feature","id":"MAD-1659791","geometry":{"type":"Point","coordinates":[-3.7081816,40.4092686]},"properties":{"source":"madrid","assetnum":"1659791","district":"CENTRO","barrio":"EMBAJADORES","species_code":"AHI","species":"AESCULUS HIPPOCASTANUM","perimeter_cm":89.0,"height":10.0,"municipal_x":439912.024,"municipal_y":4473424.365}},{"type":"Feature","id":"MAD-1683607","geometry":{"type":"Point","coordinates":[-3.6976825,40.4064964]},"properties":{"source":"madrid","assetnum":"1683607","district":"CENTRO","barrio":"EMBAJADORES","species_code":"ANE","species":"ACER NEGUNDO","perimeter_cm":81.0,"height":11.0,"municipal_x":440800.432,"municipal_y":4473109.571}},{"type":"Feature","id":"MAD-9875970","geometry":{"type":"Point","coordinates":[-3.7074326,40.410001]},"properties":{"source":"madrid","assetnum":"9875970","district":"CENTRO","barrio":"EMBAJADORES","species_code":"LJA","species":"LIGUSTRUM JAPONICUM","perimeter_cm":13.0,"height":4.0,"municipal_x":439976.23,"municipal_y":4473505.153}},{"type":"Feature","id":"MAD-1680139","geometry":{"type":"Point","coordinates":[-3.6958389,40.4073584]},"properties":{"source":"madrid","assetnum":"1680139","district":"CENTRO","barrio":"EMBAJADORES","species_code":"SJA","species":"STYPHNOLOBIUM JAPONICUM","perimeter_cm":111.0,"height":14.0,"municipal_x":440957.621,"municipal_y":4473204.016}},{"type":"Feature","id":"MAD-10150209","geometry":{"type":"Point","coordinates":[-3.7038624,40.406784]},"properties":{"source":"madrid","assetnum":"10150209","district":"CENTRO","barrio":"EMBAJADORES","species_code":"ACPF","species":"ACER PECTINATUM SUBSP. FORRESTII","perimeter_cm":16.0,"height":4.0,"municipal_x":440276.309,"municipal_y":4473145.656}},{"type":"Feature","id":"MAD-1671488","geometry":{"type":"Point","coordinates":[-3.7035773,40.4069134]},"properties":{"source":"madrid","assetnum":"1671488","district":"CENTRO","barrio":"EMBAJADORES","species_code":"UPU","species":"ULMUS PUMILA","perimeter_cm":83.0,"height":18.0,"municipal_x":440300.613,"municipal_y":4473159.819}},{"type":"Feature","id":"MAD-9934835","geometry":{"type":"Point","coordinates":[-3.7083273,40.4093764]},"properties":{"source":"madrid","assetnum":"9934835","district":"CENTRO","barrio":"EMBAJADORES","species_code":"AHI","species":"AESCULUS HIPPOCASTANUM","perimeter_cm":16.0,"height":2.7,"municipal_x":439899.759,"municipal_y":4473436.431}},{"type":"Feature","id":"MAD-1653267","geometry":{"type":"Point","coordinates":[-3.7000651,40.4082807]},"properties":{"source":"madrid","assetnum":"1653267","district":"CENTRO","barrio":"EMBAJADORES","species_code":"SJA","species":"STYPHNOLOBIUM JAPONICUM","perimeter_cm":46.0,"height":10.0,"municipal_x":440599.834,"municipal_y":4473309.226}},{"type":"Feature","id":"MAD-1657091","geometry":{"type":"Point","coordinates":[-3.6957041,40.4070402]},"properties":{"source":"madrid","assetnum":"1657091","district":"CENTRO","barrio":"EMBAJADORES","species_code":"LJV","species":"LIGUSTRUM JAPONICUM 'VARIEGATUM'","perimeter_cm":18.0,"height":2.5,"municipal_x":440968.786,"municipal_y":4473168.605}},{"type":"Feature","id":"MAD-1660270","geometry":{"type":"Point","coordinates":[-3.7020221,40.4103572]},"properties":{"source":"madrid","assetnum":"1660270","district":"CENTRO","barrio":"EMBAJADORES","species_code":"LJA","species":"LIGUSTRUM JAPONICUM","perimeter_cm":53.0,"height":10.0,"municipal_x":440435.617,"municipal_y":4473541.035}},{"type":"Feature","id":"MAD-2054613","geometry":{"type":"Point","coordinates":[-3.695958,40.4076144]},"properties":{"source":"madrid","assetnum":"2054613","district":"CENTRO","barrio":"EMBAJADORES","species_code":"RPS","species":"ROBINIA PSEUDOACACIA","perimeter_cm":21.0,"height":6.0,"municipal_x":440947.736,"municipal_y":4473232.516}},{"type":"Feature","id":"MAD-1660924","geometry":{"type":"Point","coordinates":[-3.7062523,40.4105963]},"properties":{"source":"madrid","assetnum":"1660924","district":"CENTRO","barrio":"EMBAJADORES","species_code":"LJA","species":"LIGUSTRUM JAPONICUM","perimeter_cm":47.0,"height":10.0,"municipal_x":440076.9,"municipal_y":4473570.429}},{"type":"Feature","id":"MAD-1672346","geometry":{"type":"Point","coordinates":[-3.7029075,40.4137308]},"properties":{"source":"madrid","assetnum":"1672346","district":"CENTRO","barrio":"EMBAJADORES","species_code":"LJA","species":"LIGUSTRUM JAPONICUM","perimeter_cm":21.0,"height":4.0,"municipal_x":440363.465,"municipal_y":4473916.096}},{"type":"Feature","id":"MAD-1657849","geometry":{"type":"Point","coordinates":[-3.703285,40.4128502]},"properties":{"source":"madrid","assetnum":"1657849","district":"CENTRO","barrio":"EMBAJADORES","species_code":"LJA","species":"LIGUSTRUM JAPONICUM","perimeter_cm":45.0,"height":8.0,"municipal_x":440330.658,"municipal_y":4473818.605}},{"type":"Feature","id":"MAD-1661225","geometry":{"type":"Point","coordinates":[-3.7074043,40.4095754]},"properties":{"source":"madrid","assetnum":"1661225","district":"CENTRO","barrio":"EMBAJADORES","species_code":"PDA","species":"PLATANUS X HISPANICA","perimeter_cm":132.0,"height":17.0,"municipal_x":439978.249,"municipal_y":4473457.9}},{"type":"Feature","id":"MAD-1635739","geometry":{"type":"Point","coordinates":[-3.7051684,40.4060369]},"properties":{"source":"madrid","assetnum":"1635739","district":"CENTRO","barrio":"EMBAJADORES","species_code":"CAU","species":"CELTIS AUSTRALIS","perimeter_cm":64.0,"height":9.0,"municipal_x":440164.829,"municipal_y":4473063.612}},{"type":"Feature","id":"MAD-9946984","geometry":{"type":"Point","coordinates":[-3.7072108,40.4108557]},"properties":{"source":"madrid","assetnum":"9946984","district":"CENTRO","barrio":"EMBAJADORES","species_code":"LJA","species":"LIGUSTRUM JAPONICUM","perimeter_cm":18.0,"height":3.5,"municipal_x":439995.804,"municipal_y":4473599.883}},{"type":"Feature","id":"MAD-9342405","geometry":{"type":"Point","coordinates":[-3.7046941,40.4061514]},"properties":{"source":"madrid","assetnum":"9342405","district":"CENTRO","barrio":"EMBAJADORES","species_code":"CAU","species":"CELTIS AUSTRALIS","perimeter_cm":18.0,"height":3.5,"municipal_x":440205.181,"municipal_y":4473076.002}},{"type":"Feature","id":"MAD-1644132","geometry":{"type":"Point","coordinates":[-3.7082881,40.4063667]},"properties":{"source":"madrid","assetnum":"1644132","district":"CENTRO","barrio":"EMBAJADORES","species_code":"LIN","species":"LAGERSTROEMIA INDICA","perimeter_cm":24.0,"height":6.0,"municipal_x":439900.405,"municipal_y":4473102.335}},{"type":"Feature","id":"MAD-2053685","geometry":{"type":"Point","coordinates":[-3.6928902,40.4079096]},"properties":{"source":"madrid","assetnum":"2053685","district":"CENTRO","barrio":"EMBAJADORES","species_code":"CSE","species":"CUPRESSUS SEMPERVIRENS","perimeter_cm":95.0,"height":9.0,"municipal_x":441208.305,"municipal_y":4473263.241}},{"type":"Feature","id":"MAD-1663053","geometry":{"type":"Point","coordinates":[-3.7054473,40.4112937]},"properties":{"source":"madrid","assetnum":"1663053","district":"CENTRO","barrio":"EMBAJADORES","species_code":"LJA","species":"LIGUSTRUM JAPONICUM","perimeter_cm":38.0,"height":10.0,"municipal_x":440145.822,"municipal_y":4473647.303}},{"type":"Feature","id":"MAD-1653472","geometry":{"type":"Point","coordinates":[-3.6924654,40.4089942]},"properties":{"source":"madrid","assetnum":"1653472","district":"CENTRO","barrio":"EMBAJADORES","species_code":"PDA","species":"PLATANUS X HISPANICA","perimeter_cm":129.0,"height":17.0,"municipal_x":441245.291,"municipal_y":4473383.34}},{"type":"Feature","id":"MAD-1685255","geometry":{"type":"Point","coordinates":[-3.6973306,40.4079492]},"properties":{"source":"madrid","assetnum":"1685255","district":"CENTRO","barrio":"EMBAJADORES","species_code":"SJA","species":"STYPHNOLOBIUM JAPONICUM","perimeter_cm":42.0,"height":9.0,"municipal_x":440831.563,"municipal_y":4473270.598}},{"type":"Feature","id":"MAD-1656226","geometry":{"type":"Point","coordinates":[-3.6980064,40.4066546]},"properties":{"source":"madrid","assetnum":"1656226","district":"CENTRO","barrio":"EMBAJADORES","species_code":"SJA","species":"STYPHNOLOBIUM JAPONICUM","perimeter_cm":40.0,"height":7.0,"municipal_x":440773.092,"municipal_y":4473127.353}},{"type":"Feature","id":"MAD-1656780","geometry":{"type":"Point","coordinates":[-3.6963817,40.4095884]},"properties":{"source":"madrid","assetnum":"1656780","district":"CENTRO","barrio":"EMBAJADORES","species_code":"AJU","species":"ALBIZIA JULIBRISSIN","perimeter_cm":62.0,"height":10.0,"municipal_x":440913.516,"municipal_y":4473451.91}},{"type":"Feature","id":"MAD-9101103","geometry":{"type":"Point","coordinates":[-3.6973818,40.4112843]},"properties":{"source":"madrid","assetnum":"9101103","district":"CENTRO","barrio":"EMBAJADORES","species_code":"PCP","species":"PRUNUS CERASIFERA  SUBSP. PISSARDII","perimeter_cm":18.0,"height":5.0,"municipal_x":440830.14,"municipal_y":4473640.827}},{"type":"Feature","id":"MAD-1653944","geometry":{"type":"Point","coordinates":[-3.701711,40.411428]},"properties":{"source":"madrid","assetnum":"1653944","district":"CENTRO","barrio":"EMBAJADORES","species_code":"LJA","species":"LIGUSTRUM JAPONICUM","perimeter_cm":20.0,"height":5.0,"municipal_x":440462.953,"municipal_y":4473659.679}},{"type":"Feature","id":"MAD-6747287","geometry":{"type":"Point","coordinates":[-3.7061477,40.4060224]},"properties":{"source":"madrid","assetnum":"6747287","district":"CENTRO","barrio":"EMBAJADORES","species_code":"PAR","species":"PYRUS CALLERYANA 'CHANTICLEER'","perimeter_cm":18.0,"height":5.0,"municipal_x":440081.718,"municipal_y":4473062.661}},{"type":"Feature","id":"MAD-1676800","geometry":{"type":"Point","coordinates":[-3.7062605,40.4063672]},"properties":{"source":"madrid","assetnum":"1676800","district":"CENTRO","barrio":"EMBAJADORES","species_code":"CAU","species":"CELTIS AUSTRALIS","perimeter_cm":20.0,"height":5.5,"municipal_x":440072.452,"municipal_y":4473101.012}},{"type":"Feature","id":"MAD-1676790","geometry":{"type":"Point","coordinates":[-3.7070258,40.4063618]},"properties":{"source":"madrid","assetnum":"1676790","district":"CENTRO","barrio":"EMBAJADORES","species_code":"PDA","species":"PLATANUS X HISPANICA","perimeter_cm":38.0,"height":8.0,"municipal_x":440007.514,"municipal_y":4473100.937}},{"type":"Feature","id":"MAD-1685111","geometry":{"type":"Point","coordinates":[-3.7036105,40.40803]},"properties":{"source":"madrid","assetnum":"1685111","district":"CENTRO","barrio":"EMBAJADORES","species_code":"MGR","species":"MAGNOLIA GRANDIFLORA","perimeter_cm":62.0,"height":10.0,"municipal_x":440298.786,"municipal_y":4473283.783}},{"type":"Feature","id":"MAD-9101095","geometry":{"type":"Point","coordinates":[-3.697738,40.410905]},"properties":{"source":"madrid","assetnum":"9101095","district":"CENTRO","barrio":"EMBAJADORES","species_code":"PCP","species":"PRUNUS CERASIFERA  SUBSP. PISSARDII","perimeter_cm":18.0,"height":5.0,"municipal_x":440799.592,"municipal_y":4473598.962}},{"type":"Feature","id":"MAD-1662650","geometry":{"type":"Point","coordinates":[-3.7074552,40.4077529]},"properties":{"source":"madrid","assetnum":"1662650","district":"CENTRO","barrio":"EMBAJADORES","species_code":"PDA","species":"PLATANUS X HISPANICA","perimeter_cm":65.0,"height":15.0,"municipal_x":439972.317,"municipal_y":4473255.639}},{"type":"Feature","id":"MAD-1651535","geometry":{"type":"Point","coordinates":[-3.6956179,40.4072475]},"properties":{"source":"madrid","assetnum":"1651535","district":"CENTRO","barrio":"EMBAJADORES","species_code":"SJA","species":"STYPHNOLOBIUM JAPONICUM","perimeter_cm":36.0,"height":7.0,"municipal_x":440976.281,"municipal_y":4473191.566}},{"type":"Feature","id":"MAD-1659797","geometry":{"type":"Point","coordinates":[-3.7037428,40.4069851]},"properties":{"source":"madrid","assetnum":"1659797","district":"CENTRO","barrio":"EMBAJADORES","species_code":"SJA","species":"STYPHNOLOBIUM JAPONICUM","perimeter_cm":136.0,"height":16.0,"municipal_x":440286.632,"municipal_y":4473167.898}},{"type":"Feature","id":"MAD-1660293","geometry":{"type":"Point","coordinates":[-3.7100066,40.4091912]},"properties":{"source":"madrid","assetnum":"1660293","district":"CENTRO","barrio":"EMBAJADORES","species_code":"LJA","species":"LIGUSTRUM JAPONICUM","perimeter_cm":46.0,"height":7.5,"municipal_x":439757.104,"municipal_y":4473417.023}},{"type":"Feature","id":"MAD-1691611","geometry":{"type":"Point","coordinates":[-3.7025564,40.4106483]},"properties":{"source":"madrid","assetnum":"1691611","district":"CENTRO","barrio":"EMBAJADORES","species_code":"MEA","species":"MELIA AZEDARACH","perimeter_cm":40.0,"height":6.0,"municipal_x":440390.539,"municipal_y":4473573.709}},{"type":"Feature","id":"MAD-10202464","geometry":{"type":"Point","coordinates":[-3.7053043,40.412015]},"properties":{"source":"madrid","assetnum":"10202464","district":"CENTRO","barrio":"EMBAJADORES","species_code":"CAU","species":"CELTIS AUSTRALIS","perimeter_cm":27.0,"height":5.0,"municipal_x":440158.597,"municipal_y":4473727.268}},{"type":"Feature","id":"MAD-1682897","geometry":{"type":"Point","coordinates":[-3.6955761,40.4089235]},"properties":{"source":"madrid","assetnum":"1682897","district":"CENTRO","barrio":"EMBAJADORES","species_code":"LJV","species":"LIGUSTRUM JAPONICUM 'VARIEGATUM'","perimeter_cm":32.0,"height":6.0,"municipal_x":440981.292,"municipal_y":4473377.57}},{"type":"Feature","id":"MAD-1660925","geometry":{"type":"Point","coordinates":[-3.70619,40.4106243]},"properties":{"source":"madrid","assetnum":"1660925","district":"CENTRO","barrio":"EMBAJADORES","species_code":"LJA","species":"LIGUSTRUM JAPONICUM","perimeter_cm":41.0,"height":10.0,"municipal_x":440082.21,"municipal_y":4473573.499}},{"type":"Feature","id":"MAD-1668466","geometry":{"type":"Point","coordinates":[-3.7071382,40.4066704]},"properties":{"source":"madrid","assetnum":"1668466","district":"CENTRO","barrio":"EMBAJADORES","species_code":"PDA","species":"PLATANUS X HISPANICA","perimeter_cm":64.0,"height":14.0,"municipal_x":439998.253,"municipal_y":4473135.263}},{"type":"Feature","id":"MAD-2063975","geometry":{"type":"Point","coordinates":[-3.7025867,40.4100354]},"properties":{"source":"madrid","assetnum":"2063975","district":"CENTRO","barrio":"EMBAJADORES","species_code":"UPU","species":"ULMUS PUMILA","perimeter_cm":113.0,"height":17.0,"municipal_x":440387.422,"municipal_y":4473505.695}},{"type":"Feature","id":"MAD-1680780","geometry":{"type":"Point","coordinates":[-3.7031924,40.408364]},"properties":{"source":"madrid","assetnum":"1680780","district":"CENTRO","barrio":"EMBAJADORES","species_code":"UPU","species":"ULMUS PUMILA","perimeter_cm":145.0,"height":15.0,"municipal_x":440334.555,"municipal_y":4473320.584}},{"type":"Feature","id":"MAD-1657737","geometry":{"type":"Point","coordinates":[-3.7043603,40.4116194]},"properties":{"source":"madrid","assetnum":"1657737","district":"CENTRO","barrio":"EMBAJADORES","species_code":"LJA","species":"LIGUSTRUM JAPONICUM","perimeter_cm":25.0,"height":6.0,"municipal_x":440238.342,"municipal_y":4473682.721}},{"type":"Feature","id":"MAD-1629593","geometry":{"type":"Point","coordinates":[-3.7055923,40.4064516]},"properties":{"source":"madrid","assetnum":"1629593","district":"CENTRO","barrio":"EMBAJADORES","species_code":"PDA","species":"PLATANUS X HISPANICA","perimeter_cm":101.0,"height":12.0,"municipal_x":440129.226,"municipal_y":4473109.928}},{"type":"Feature","id":"MAD-10202461","geometry":{"type":"Point","coordinates":[-3.7052397,40.4123126]},"properties":{"source":"madrid","assetnum":"10202461","district":"CENTRO","barrio":"EMBAJADORES","species_code":"CAU","species":"CELTIS AUSTRALIS","perimeter_cm":30.0,"height":6.0,"municipal_x":440164.336,"municipal_y":4473760.252}},{"type":"Feature","id":"MAD-1685703","geometry":{"type":"Point","coordinates":[-3.706263,40.4071927]},"properties":{"source":"madrid","assetnum":"1685703","district":"CENTRO","barrio":"EMBAJADORES","species_code":"AHI","species":"AESCULUS HIPPOCASTANUM","perimeter_cm":40.0,"height":9.0,"municipal_x":440072.978,"municipal_y":4473192.639}},{"type":"Feature","id":"MAD-1660310","geometry":{"type":"Point","coordinates":[-3.7074844,40.4128165]},"properties":{"source":"madrid","assetnum":"1660310","district":"CENTRO","barrio":"EMBAJADORES","species_code":"LJA","species":"LIGUSTRUM JAPONICUM","perimeter_cm":57.0,"height":7.0,"municipal_x":439974.338,"municipal_y":4473817.706}},{"type":"Feature","id":"MAD-10202492","geometry":{"type":"Point","coordinates":[-3.7046644,40.4136328]},"properties":{"source":"madrid","assetnum":"10202492","district":"CENTRO","barrio":"EMBAJADORES","species_code":"CAU","species":"CELTIS AUSTRALIS","perimeter_cm":25.0,"height":5.0,"municipal_x":440214.317,"municipal_y":4473906.406}},{"type":"Feature","id":"MAD-1661950","geometry":{"type":"Point","coordinates":[-3.7071056,40.4068793]},"properties":{"source":"madrid","assetnum":"1661950","district":"CENTRO","barrio":"EMBAJADORES","species_code":"PDA","species":"PLATANUS X HISPANICA","perimeter_cm":60.0,"height":14.0,"municipal_x":440001.203,"municipal_y":4473158.423}},{"type":"Feature","id":"MAD-8797560","geometry":{"type":"Point","coordinates":[-3.7072634,40.408244]},"properties":{"source":"madrid","assetnum":"8797560","district":"CENTRO","barrio":"EMBAJADORES","species_code":"PDA","species":"PLATANUS X HISPANICA","perimeter_cm":18.0,"height":5.8,"municipal_x":439989.027,"municipal_y":4473310.019}},{"type":"Feature","id":"MAD-1680324","geometry":{"type":"Point","coordinates":[-3.6926898,40.4086623]},"properties":{"source":"madrid","assetnum":"1680324","district":"CENTRO","barrio":"EMBAJADORES","species_code":"PDA","species":"PLATANUS X HISPANICA","perimeter_cm":29.0,"height":8.0,"municipal_x":441225.962,"municipal_y":4473346.653}},{"type":"Feature","id":"MAD-10202496","geometry":{"type":"Point","coordinates":[-3.7037406,40.412393]},"properties":{"source":"madrid","assetnum":"10202496","district":"CENTRO","barrio":"EMBAJADORES","species_code":"APL","species":"ACER PLATANOIDES","perimeter_cm":25.0,"height":5.0,"municipal_x":440291.605,"municipal_y":4473768.165}},{"type":"Feature","id":"MAD-1651659","geometry":{"type":"Point","coordinates":[-3.7011138,40.4087024]},"properties":{"source":"madrid","assetnum":"1651659","district":"CENTRO","barrio":"EMBAJADORES","species_code":"LJA","species":"LIGUSTRUM JAPONICUM","perimeter_cm":52.0,"height":7.0,"municipal_x":440511.224,"municipal_y":4473356.742}},{"type":"Feature","id":"MAD-9047645","geometry":{"type":"Point","coordinates":[-3.7070671,40.4105994]},"properties":{"source":"madrid","assetnum":"9047645","district":"CENTRO","barrio":"EMBAJADORES","species_code":"LJA","species":"LIGUSTRUM JAPONICUM","perimeter_cm":14.0,"height":5.0,"municipal_x":440007.775,"municipal_y":4473571.326}},{"type":"Feature","id":"MAD-1677292","geometry":{"type":"Point","coordinates":[-3.7003562,40.40899]},"properties":{"source":"madrid","assetnum":"1677292","district":"CENTRO","barrio":"EMBAJADORES","species_code":"LJV","species":"LIGUSTRUM JAPONICUM 'VARIEGATUM'","perimeter_cm":22.0,"height":4.5,"municipal_x":440575.755,"municipal_y":4473388.155}},{"type":"Feature","id":"MAD-1635147","geometry":{"type":"Point","coordinates":[-3.7058777,40.4060765]},"properties":{"source":"madrid","assetnum":"1635147","district":"CENTRO","barrio":"EMBAJADORES","species_code":"SJA","species":"STYPHNOLOBIUM JAPONICUM","perimeter_cm":76.0,"height":8.0,"municipal_x":440104.681,"municipal_y":4473068.486}},{"type":"Feature","id":"MAD-1653274","geometry":{"type":"Point","coordinates":[-3.6969508,40.4077794]},"properties":{"source":"madrid","assetnum":"1653274","district":"CENTRO","barrio":"EMBAJADORES","species_code":"SJA","species":"STYPHNOLOBIUM JAPONICUM","perimeter_cm":40.0,"height":8.0,"municipal_x":440863.642,"municipal_y":4473251.498}},{"type":"Feature","id":"MAD-9047653","geometry":{"type":"Point","coordinates":[-3.7071835,40.4113016]},"properties":{"source":"madrid","assetnum":"9047653","district":"CENTRO","barrio":"EMBAJADORES","species_code":"LJA","species":"LIGUSTRUM JAPONICUM","perimeter_cm":14.0,"height":5.0,"municipal_x":439998.521,"municipal_y":4473649.351}},{"type":"Feature","id":"MAD-1629592","geometry":{"type":"Point","coordinates":[-3.7053438,40.4064353]},"properties":{"source":"madrid","assetnum":"1629592","district":"CENTRO","barrio":"EMBAJADORES","species_code":"PDA","species":"PLATANUS X HISPANICA","perimeter_cm":55.0,"height":10.0,"municipal_x":440150.301,"municipal_y":4473107.955}},{"type":"Feature","id":"MAD-1643429","geometry":{"type":"Point","coordinates":[-3.7041137,40.4066331]},"properties":{"source":"madrid","assetnum":"1643429","district":"CENTRO","barrio":"EMBAJADORES","species_code":"MEA","species":"MELIA AZEDARACH","perimeter_cm":74.0,"height":7.0,"municipal_x":440254.853,"municipal_y":4473129.072}},{"type":"Feature","id":"MAD-1635160","geometry":{"type":"Point","coordinates":[-3.7052928,40.4062801]},"properties":{"source":"madrid","assetnum":"1635160","district":"CENTRO","barrio":"EMBAJADORES","species_code":"ANE","species":"ACER NEGUNDO","perimeter_cm":78.0,"height":10.0,"municipal_x":440154.487,"municipal_y":4473090.69}},{"type":"Feature","id":"MAD-1671826","geometry":{"type":"Point","coordinates":[-3.7022372,40.4096139]},"properties":{"source":"madrid","assetnum":"1671826","district":"CENTRO","barrio":"EMBAJADORES","species_code":"UPU","species":"ULMUS PUMILA","perimeter_cm":131.0,"height":18.0,"municipal_x":440416.707,"municipal_y":4473458.674}},{"type":"Feature","id":"MAD-10202473","geometry":{"type":"Point","coordinates":[-3.7046625,40.412154]},"properties":{"source":"madrid","assetnum":"10202473","district":"CENTRO","barrio":"EMBAJADORES","species_code":"CAU","species":"CELTIS AUSTRALIS","perimeter_cm":27.0,"height":5.0,"municipal_x":440213.173,"municipal_y":4473742.265}},{"type":"Feature","id":"MAD-1629776","geometry":{"type":"Point","coordinates":[-3.7058268,40.4057301]},"properties":{"source":"madrid","assetnum":"1629776","district":"CENTRO","barrio":"EMBAJADORES","species_code":"SJA","species":"STYPHNOLOBIUM JAPONICUM","perimeter_cm":170.0,"height":12.0,"municipal_x":440108.692,"municipal_y":4473029.998}},{"type":"Feature","id":"MAD-9126677","geometry":{"type":"Point","coordinates":[-3.7006162,40.4123886]},"properties":{"source":"madrid","assetnum":"9126677","district":"CENTRO","barrio":"EMBAJADORES","species_code":"LJV","species":"LIGUSTRUM JAPONICUM 'VARIEGATUM'","perimeter_cm":17.0,"height":4.0,"municipal_x":440556.685,"municipal_y":4473765.568}},{"type":"Feature","id":"MAD-1653384","geometry":{"type":"Point","coordinates":[-3.7031874,40.4052664]},"properties":{"source":"madrid","assetnum":"1653384","district":"CENTRO","barrio":"EMBAJADORES","species_code":"PDA","species":"PLATANUS X HISPANICA","perimeter_cm":145.0,"height":16.0,"municipal_x":440332.242,"municipal_y":4472976.743}},{"type":"Feature","id":"MAD-2009337","geometry":{"type":"Point","coordinates":[-3.7007855,40.4073284]},"properties":{"source":"madrid","assetnum":"2009337","district":"CENTRO","barrio":"EMBAJADORES","species_code":"PCP","species":"PRUNUS CERASIFERA  SUBSP. PISSARDII","perimeter_cm":16.0,"height":4.0,"municipal_x":440537.873,"municipal_y":4473204.012}},{"type":"Feature","id":"MAD-1653329","geometry":{"type":"Point","coordinates":[-3.7000062,40.4068543]},"properties":{"source":"madrid","assetnum":"1653329","district":"CENTRO","barrio":"EMBAJADORES","species_code":"LJA","species":"LIGUSTRUM JAPONICUM","perimeter_cm":64.0,"height":9.0,"municipal_x":440603.58,"municipal_y":4473150.86}},{"type":"Feature","id":"MAD-1685292","geometry":{"type":"Point","coordinates":[-3.7072131,40.4072878]},"properties":{"source":"madrid","assetnum":"1685292","district":"CENTRO","barrio":"EMBAJADORES","species_code":"PDA","species":"PLATANUS X HISPANICA","perimeter_cm":150.0,"height":18.0,"municipal_x":439992.447,"municipal_y":4473203.849}},{"type":"Feature","id":"MAD-1661063","geometry":{"type":"Point","coordinates":[-3.7019344,40.4103712]},"properties":{"source":"madrid","assetnum":"1661063","district":"CENTRO","barrio":"EMBAJADORES","species_code":"LJA","species":"LIGUSTRUM JAPONICUM","perimeter_cm":48.0,"height":10.0,"municipal_x":440443.068,"municipal_y":4473542.525}},{"type":"Feature","id":"MAD-1685196","geometry":{"type":"Point","coordinates":[-3.7087846,40.4062554]},"properties":{"source":"madrid","assetnum":"1685196","district":"CENTRO","barrio":"EMBAJADORES","species_code":"SJA","species":"STYPHNOLOBIUM JAPONICUM","perimeter_cm":128.0,"height":14.0,"municipal_x":439858.176,"municipal_y":4473090.319}},{"type":"Feature","id":"MAD-9345665","geometry":{"type":"Point","coordinates":[-3.6968539,40.4076334]},"properties":{"source":"madrid","assetnum":"9345665","district":"CENTRO","barrio":"EMBAJADORES","species_code":"LJV","species":"LIGUSTRUM JAPONICUM 'VARIEGATUM'","perimeter_cm":14.0,"height":2.8,"municipal_x":440871.74,"municipal_y":4473235.225}},{"type":"Feature","id":"MAD-1644555","geometry":{"type":"Point","coordinates":[-3.7107223,40.4073259]},"properties":{"source":"madrid","assetnum":"1644555","district":"CENTRO","barrio":"EMBAJADORES","species_code":"ANE","species":"ACER NEGUNDO","perimeter_cm":92.0,"height":7.0,"municipal_x":439694.713,"municipal_y":4473210.463}},{"type":"Feature","id":"MAD-1685081","geometry":{"type":"Point","coordinates":[-3.7056144,40.40925]},"properties":{"source":"madrid","assetnum":"1685081","district":"CENTRO","barrio":"EMBAJADORES","species_code":"LJA","species":"LIGUSTRUM JAPONICUM","perimeter_cm":54.0,"height":11.0,"municipal_x":440129.838,"municipal_y":4473420.558}},{"type":"Feature","id":"MAD-7501911","geometry":{"type":"Point","coordinates":[-3.7038989,40.4097386]},"properties":{"source":"madrid","assetnum":"7501911","district":"CENTRO","barrio":"EMBAJADORES","species_code":"PCY","species":"PYRUS CALLERYANA","perimeter_cm":40.0,"height":5.0,"municipal_x":440275.824,"municipal_y":4473473.634}},{"type":"Feature","id":"MAD-9387197","geometry":{"type":"Point","coordinates":[-3.6955363,40.4081189]},"properties":{"source":"madrid","assetnum":"9387197","district":"CENTRO","barrio":"EMBAJADORES","species_code":"RGE","species":"ROBINIA X MARGARETTA 'CASQUE ROUGE'","perimeter_cm":20.0,"height":6.0,"municipal_x":440983.962,"municipal_y":4473288.237}},{"type":"Feature","id":"MAD-9925363","geometry":{"type":"Point","coordinates":[-3.7053323,40.4061589]},"properties":{"source":"madrid","assetnum":"9925363","district":"CENTRO","barrio":"EMBAJADORES","species_code":"LIN","species":"LAGERSTROEMIA INDICA","perimeter_cm":16.0,"height":2.5,"municipal_x":440151.029,"municipal_y":4473077.262}},{"type":"Feature","id":"MAD-1627563","geometry":{"type":"Point","coordinates":[-3.7045736,40.4065484]},"properties":{"source":"madrid","assetnum":"1627563","district":"CENTRO","barrio":"EMBAJADORES","species_code":"SJA","species":"STYPHNOLOBIUM JAPONICUM","perimeter_cm":48.0,"height":8.0,"municipal_x":440215.757,"municipal_y":4473119.979}},{"type":"Feature","id":"MAD-1650635","geometry":{"type":"Point","coordinates":[-3.7033717,40.4097459]},"properties":{"source":"madrid","assetnum":"1650635","district":"CENTRO","barrio":"EMBAJADORES","species_code":"KPA","species":"KOELREUTERIA PANICULATA","perimeter_cm":45.0,"height":5.0,"municipal_x":440320.564,"municipal_y":4473474.094}},{"type":"Feature","id":"MAD-1683872","geometry":{"type":"Point","coordinates":[-3.7074339,40.4130512]},"properties":{"source":"madrid","assetnum":"1683872","district":"CENTRO","barrio":"EMBAJADORES","species_code":"LJA","species":"LIGUSTRUM JAPONICUM","perimeter_cm":50.0,"height":6.0,"municipal_x":439978.826,"municipal_y":4473843.731}},{"type":"Feature","id":"MAD-1643739","geometry":{"type":"Point","coordinates":[-3.7104507,40.4072992]},"properties":{"source":"madrid","assetnum":"1643739","district":"CENTRO","barrio":"EMBAJADORES","species_code":"ANE","species":"ACER NEGUNDO","perimeter_cm":55.0,"height":7.0,"municipal_x":439717.74,"municipal_y":4473207.308}},{"type":"Feature","id":"MAD-9875956","geometry":{"type":"Point","coordinates":[-3.6956872,40.410117]},"properties":{"source":"madrid","assetnum":"9875956","district":"CENTRO","barrio":"EMBAJADORES","species_code":"PCP","species":"PRUNUS CERASIFERA  SUBSP. PISSARDII","perimeter_cm":16.0,"height":3.0,"municipal_x":440972.908,"municipal_y":4473510.125}},{"type":"Feature","id":"MAD-6963372","geometry":{"type":"Point","coordinates":[-3.7052053,40.4067813]},"properties":{"source":"madrid","assetnum":"6963372","district":"CENTRO","barrio":"EMBAJADORES","species_code":"CAU","species":"CELTIS AUSTRALIS","perimeter_cm":14.0,"height":3.0,"municipal_x":440162.362,"municipal_y":4473146.265}},{"type":"Feature","id":"MAD-1671798","geometry":{"type":"Point","coordinates":[-3.7017721,40.4135099]},"properties":{"source":"madrid","assetnum":"1671798","district":"CENTRO","barrio":"EMBAJADORES","species_code":"AHI","species":"AESCULUS HIPPOCASTANUM","perimeter_cm":53.0,"height":8.0,"municipal_x":440459.602,"municipal_y":4473890.811}},{"type":"Feature","id":"MAD-1655305","geometry":{"type":"Point","coordinates":[-3.7000937,40.4089609]},"properties":{"source":"madrid","assetnum":"1655305","district":"CENTRO","barrio":"EMBAJADORES","species_code":"LJV","species":"LIGUSTRUM JAPONICUM 'VARIEGATUM'","perimeter_cm":21.0,"height":4.5,"municipal_x":440598.002,"municipal_y":4473384.748}},{"type":"Feature","id":"MAD-1657879","geometry":{"type":"Point","coordinates":[-3.7033343,40.4127348]},"properties":{"source":"madrid","assetnum":"1657879","district":"CENTRO","barrio":"EMBAJADORES","species_code":"LJA","species":"LIGUSTRUM JAPONICUM","perimeter_cm":38.0,"height":8.0,"municipal_x":440326.38,"municipal_y":4473805.829}},{"type":"Feature","id":"MAD-9389566","geometry":{"type":"Point","coordinates":[-3.7077676,40.4096479]},"properties":{"source":"madrid","assetnum":"9389566","district":"CENTRO","barrio":"EMBAJADORES","species_code":"AMO","species":"ACER MONSPESSULANUM","perimeter_cm":14.0,"height":3.0,"municipal_x":439947.495,"municipal_y":4473466.187}},{"type":"Feature","id":"MAD-1653276","geometry":{"type":"Point","coordinates":[-3.7022296,40.4097671]},"properties":{"source":"madrid","assetnum":"1653276","district":"CENTRO","barrio":"EMBAJADORES","species_code":"RPS","species":"ROBINIA PSEUDOACACIA","perimeter_cm":26.0,"height":5.5,"municipal_x":440417.487,"municipal_y":4473475.675}},{"type":"Feature","id":"MAD-6747344","geometry":{"type":"Point","coordinates":[-3.7057272,40.4059512]},"properties":{"source":"madrid","assetnum":"6747344","district":"CENTRO","barrio":"EMBAJADORES","species_code":"SJA","species":"STYPHNOLOBIUM JAPONICUM","perimeter_cm":25.0,"height":5.0,"municipal_x":440117.336,"municipal_y":4473054.478}},{"type":"Feature","id":"MAD-8800623","geometry":{"type":"Point","coordinates":[-3.7002846,40.41176]},"properties":{"source":"madrid","assetnum":"8800623","district":"CENTRO","barrio":"EMBAJADORES","species_code":"RPS","species":"ROBINIA PSEUDOACACIA","perimeter_cm":20.0,"height":5.0,"municipal_x":440584.273,"municipal_y":4473695.579}},{"type":"Feature","id":"MAD-1643721","geometry":{"type":"Point","coordinates":[-3.7101874,40.407105]},"properties":{"source":"madrid","assetnum":"1643721","district":"CENTRO","barrio":"EMBAJADORES","species_code":"ANE","species":"ACER NEGUNDO","perimeter_cm":62.0,"height":8.0,"municipal_x":439739.91,"municipal_y":4473185.582}},{"type":"Feature","id":"MAD-1631268","geometry":{"type":"Point","coordinates":[-3.7038748,40.4083792]},"properties":{"source":"madrid","assetnum":"1631268","district":"CENTRO","barrio":"EMBAJADORES","species_code":"SJA","species":"STYPHNOLOBIUM JAPONICUM","perimeter_cm":64.0,"height":9.0,"municipal_x":440276.671,"municipal_y":4473322.724}},{"type":"Feature","id":"MAD-1629596","geometry":{"type":"Point","coordinates":[-3.7050429,40.4056811]},"properties":{"source":"madrid","assetnum":"1629596","district":"CENTRO","barrio":"EMBAJADORES","species_code":"BRP","species":"BROUSSONETIA PAPYRIFERA","perimeter_cm":64.0,"height":6.0,"municipal_x":440175.162,"municipal_y":4473024.033}},{"type":"Feature","id":"MAD-1683823","geometry":{"type":"Point","coordinates":[-3.7005118,40.407883]},"properties":{"source":"madrid","assetnum":"1683823","district":"CENTRO","barrio":"EMBAJADORES","species_code":"LJA","species":"LIGUSTRUM JAPONICUM","perimeter_cm":61.0,"height":8.0,"municipal_x":440561.586,"municipal_y":4473265.386}},{"type":"Feature","id":"MAD-1673772","geometry":{"type":"Point","coordinates":[-3.7074252,40.4082712]},"properties":{"source":"madrid","assetnum":"1673772","district":"CENTRO","barrio":"EMBAJADORES","species_code":"PDA","species":"PLATANUS X HISPANICA","perimeter_cm":62.0,"height":10.0,"municipal_x":439975.319,"municipal_y":4473313.144}},{"type":"Feature","id":"MAD-1660321","geometry":{"type":"Point","coordinates":[-3.707322,40.4113898]},"properties":{"source":"madrid","assetnum":"1660321","district":"CENTRO","barrio":"EMBAJADORES","species_code":"LJA","species":"LIGUSTRUM JAPONICUM","perimeter_cm":27.0,"height":7.0,"municipal_x":439986.851,"municipal_y":4473659.241}},{"type":"Feature","id":"MAD-9047638","geometry":{"type":"Point","coordinates":[-3.7069891,40.4105756]},"properties":{"source":"madrid","assetnum":"9047638","district":"CENTRO","barrio":"EMBAJADORES","species_code":"LJA","species":"LIGUSTRUM JAPONICUM","perimeter_cm":14.0,"height":5.0,"municipal_x":440014.366,"municipal_y":4473568.639}},{"type":"Feature","id":"MAD-2063980","geometry":{"type":"Point","coordinates":[-3.6987842,40.406171]},"properties":{"source":"madrid","assetnum":"2063980","district":"CENTRO","barrio":"EMBAJADORES","species_code":"LJV","species":"LIGUSTRUM JAPONICUM 'VARIEGATUM'","perimeter_cm":20.0,"height":2.5,"municipal_x":440706.666,"municipal_y":4473074.193}},{"type":"Feature","id":"MAD-1661066","geometry":{"type":"Point","coordinates":[-3.7081597,40.4114245]},"properties":{"source":"madrid","assetnum":"1661066","district":"CENTRO","barrio":"EMBAJADORES","species_code":"PDA","species":"PLATANUS X HISPANICA","perimeter_cm":188.0,"height":20.0,"municipal_x":439915.802,"municipal_y":4473663.662}},{"type":"Feature","id":"MAD-5174483","geometry":{"type":"Point","coordinates":[-3.7055695,40.4065928]},"properties":{"source":"madrid","assetnum":"5174483","district":"CENTRO","barrio":"EMBAJADORES","species_code":"CAU","species":"CELTIS AUSTRALIS","perimeter_cm":20.0,"height":4.4,"municipal_x":440131.289,"municipal_y":4473125.583}},{"type":"Feature","id":"MAD-6747305","geometry":{"type":"Point","coordinates":[-3.7060862,40.4059411]},"properties":{"source":"madrid","assetnum":"6747305","district":"CENTRO","barrio":"EMBAJADORES","species_code":"PAR","species":"PYRUS CALLERYANA 'CHANTICLEER'","perimeter_cm":18.0,"height":5.0,"municipal_x":440086.868,"municipal_y":4473053.599}},{"type":"Feature","id":"MAD-1629598","geometry":{"type":"Point","coordinates":[-3.7057321,40.405714]},"properties":{"source":"madrid","assetnum":"1629598","district":"CENTRO","barrio":"EMBAJADORES","species_code":"SJA","species":"STYPHNOLOBIUM JAPONICUM","perimeter_cm":160.0,"height":15.0,"municipal_x":440116.714,"municipal_y":4473028.151}},{"type":"Feature","id":"MAD-2063938","geometry":{"type":"Point","coordinates":[-3.702115,40.405734]},"properties":{"source":"madrid","assetnum":"2063938","district":"CENTRO","barrio":"EMBAJADORES","species_code":"PCP","species":"PRUNUS CERASIFERA  SUBSP. PISSARDII","perimeter_cm":16.0,"height":5.0,"municipal_x":440423.656,"municipal_y":4473027.929}},{"type":"Feature","id":"MAD-9870472","geometry":{"type":"Point","coordinates":[-3.7032991,40.4097728]},"properties":{"source":"madrid","assetnum":"9870472","district":"CENTRO","barrio":"EMBAJADORES","species_code":"MEA","species":"MELIA AZEDARACH","perimeter_cm":17.0,"height":3.5,"municipal_x":440326.747,"municipal_y":4473477.029}},{"type":"Feature","id":"MAD-1653328","geometry":{"type":"Point","coordinates":[-3.6999589,40.4069757]},"properties":{"source":"madrid","assetnum":"1653328","district":"CENTRO","barrio":"EMBAJADORES","species_code":"LJA","species":"LIGUSTRUM JAPONICUM","perimeter_cm":40.0,"height":9.0,"municipal_x":440607.696,"municipal_y":4473164.3}},{"type":"Feature","id":"MAD-1654029","geometry":{"type":"Point","coordinates":[-3.6968425,40.4099484]},"properties":{"source":"madrid","assetnum":"1654029","district":"CENTRO","barrio":"EMBAJADORES","species_code":"AJU","species":"ALBIZIA JULIBRISSIN","perimeter_cm":25.0,"height":5.0,"municipal_x":440874.735,"municipal_y":4473492.179}},{"type":"Feature","id":"MAD-1670189","geometry":{"type":"Point","coordinates":[-3.69598,40.4093913]},"properties":{"source":"madrid","assetnum":"1670189","district":"CENTRO","barrio":"EMBAJADORES","species_code":"AJU","species":"ALBIZIA JULIBRISSIN","perimeter_cm":66.0,"height":12.0,"municipal_x":440947.425,"municipal_y":4473429.76}},{"type":"Feature","id":"MAD-2061048","geometry":{"type":"Point","coordinates":[-3.6959323,40.4076457]},"properties":{"source":"madrid","assetnum":"2061048","district":"CENTRO","barrio":"EMBAJADORES","species_code":"RPS","species":"ROBINIA PSEUDOACACIA","perimeter_cm":18.0,"height":4.5,"municipal_x":440949.947,"municipal_y":4473235.973}},{"type":"Feature","id":"MAD-1690716","geometry":{"type":"Point","coordinates":[-3.7082677,40.4061589]},"properties":{"source":"madrid","assetnum":"1690716","district":"CENTRO","barrio":"EMBAJADORES","species_code":"SJA","species":"STYPHNOLOBIUM JAPONICUM","perimeter_cm":47.0,"height":8.0,"municipal_x":439901.953,"municipal_y":4473079.249}},{"type":"Feature","id":"MAD-1642742","geometry":{"type":"Point","coordinates":[-3.7086353,40.4063694]},"properties":{"source":"madrid","assetnum":"1642742","district":"CENTRO","barrio":"EMBAJADORES","species_code":"LIN","species":"LAGERSTROEMIA INDICA","perimeter_cm":24.0,"height":5.0,"municipal_x":439870.954,"municipal_y":4473102.872}},{"type":"Feature","id":"MAD-1646671","geometry":{"type":"Point","coordinates":[-3.7065465,40.4103396]},"properties":{"source":"madrid","assetnum":"1646671","district":"CENTRO","barrio":"EMBAJADORES","species_code":"LJA","species":"LIGUSTRUM JAPONICUM","perimeter_cm":40.0,"height":8.0,"municipal_x":440051.711,"municipal_y":4473542.136}},{"type":"Feature","id":"MAD-10202632","geometry":{"type":"Point","coordinates":[-3.6997317,40.4107471]},"properties":{"source":"madrid","assetnum":"10202632","district":"CENTRO","barrio":"EMBAJADORES","species_code":"AMO","species":"ACER MONSPESSULANUM","perimeter_cm":18.0,"height":4.0,"municipal_x":440630.288,"municipal_y":4473582.777}},{"type":"Feature","id":"MAD-1672072","geometry":{"type":"Point","coordinates":[-3.6988106,40.4081815]},"properties":{"source":"madrid","assetnum":"1672072","district":"CENTRO","barrio":"EMBAJADORES","species_code":"SJA","species":"STYPHNOLOBIUM JAPONICUM","perimeter_cm":77.0,"height":11.0,"municipal_x":440706.193,"municipal_y":4473297.37}},{"type":"Feature","id":"MAD-1671981","geometry":{"type":"Point","coordinates":[-3.6961871,40.4080902]},"properties":{"source":"madrid","assetnum":"1671981","district":"CENTRO","barrio":"EMBAJADORES","species_code":"LJV","species":"LIGUSTRUM JAPONICUM 'VARIEGATUM'","perimeter_cm":42.0,"height":9.0,"municipal_x":440928.713,"municipal_y":4473285.484}},{"type":"Feature","id":"MAD-7126826","geometry":{"type":"Point","coordinates":[-3.705524,40.4119531]},"properties":{"source":"madrid","assetnum":"7126826","district":"CENTRO","barrio":"EMBAJADORES","species_code":"MEA","species":"MELIA AZEDARACH","perimeter_cm":36.0,"height":6.0,"municipal_x":440139.9,"municipal_y":4473720.545}},{"type":"Feature","id":"MAD-1651570","geometry":{"type":"Point","coordinates":[-3.6962878,40.4075914]},"properties":{"source":"madrid","assetnum":"1651570","district":"CENTRO","barrio":"EMBAJADORES","species_code":"SJA","species":"STYPHNOLOBIUM JAPONICUM","perimeter_cm":60.0,"height":11.0,"municipal_x":440919.732,"municipal_y":4473230.187}},{"type":"Feature","id":"MAD-1662646","geometry":{"type":"Point","coordinates":[-3.7074047,40.4090275]},"properties":{"source":"madrid","assetnum":"1662646","district":"CENTRO","barrio":"EMBAJADORES","species_code":"PDA","species":"PLATANUS X HISPANICA","perimeter_cm":48.0,"height":10.0,"municipal_x":439977.728,"municipal_y":4473397.079}},{"type":"Feature","id":"MAD-1643431","geometry":{"type":"Point","coordinates":[-3.7043435,40.40646]},"properties":{"source":"madrid","assetnum":"1643431","district":"CENTRO","barrio":"EMBAJADORES","species_code":"MEA","species":"MELIA AZEDARACH","perimeter_cm":89.0,"height":9.0,"municipal_x":440235.202,"municipal_y":4473110.019}},{"type":"Feature","id":"MAD-1683935","geometry":{"type":"Point","coordinates":[-3.7030954,40.4132931]},"properties":{"source":"madrid","assetnum":"1683935","district":"CENTRO","barrio":"EMBAJADORES","species_code":"LJA","species":"LIGUSTRUM JAPONICUM","perimeter_cm":36.0,"height":8.0,"municipal_x":440347.136,"municipal_y":4473867.643}},{"type":"Feature","id":"MAD-1656837","geometry":{"type":"Point","coordinates":[-3.696736,40.4098871]},"properties":{"source":"madrid","assetnum":"1656837","district":"CENTRO","barrio":"EMBAJADORES","species_code":"AJU","species":"ALBIZIA JULIBRISSIN","perimeter_cm":47.0,"height":8.0,"municipal_x":440883.715,"municipal_y":4473485.309}},{"type":"Feature","id":"MAD-1657193","geometry":{"type":"Point","coordinates":[-3.7003457,40.4073999]},"properties":{"source":"madrid","assetnum":"1657193","district":"CENTRO","barrio":"EMBAJADORES","species_code":"LJA","species":"LIGUSTRUM JAPONICUM","perimeter_cm":59.0,"height":9.0,"municipal_x":440575.248,"municipal_y":4473211.646}},{"type":"Feature","id":"MAD-2066883","geometry":{"type":"Point","coordinates":[-3.6990788,40.4082263]},"properties":{"source":"madrid","assetnum":"2066883","district":"CENTRO","barrio":"EMBAJADORES","species_code":"SJA","species":"STYPHNOLOBIUM JAPONICUM","perimeter_cm":17.0,"height":3.0,"municipal_x":440683.474,"municipal_y":4473302.53}},{"type":"Feature","id":"MAD-1680156","geometry":{"type":"Point","coordinates":[-3.6937125,40.4076868]},"properties":{"source":"madrid","assetnum":"1680156","district":"CENTRO","barrio":"EMBAJADORES","species_code":"PDA","species":"PLATANUS X HISPANICA","perimeter_cm":93.0,"height":15.0,"municipal_x":441138.34,"municipal_y":4473239.056}},{"type":"Feature","id":"MAD-9132606","geometry":{"type":"Point","coordinates":[-3.701226,40.408875]},"properties":{"source":"madrid","assetnum":"9132606","district":"CENTRO","barrio":"EMBAJADORES","species_code":"LJA","species":"LIGUSTRUM JAPONICUM","perimeter_cm":17.0,"height":4.0,"municipal_x":440501.856,"municipal_y":4473375.976}},{"type":"Feature","id":"MAD-1683297","geometry":{"type":"Point","coordinates":[-3.6997173,40.4126466]},"properties":{"source":"madrid","assetnum":"1683297","district":"CENTRO","barrio":"EMBAJADORES","species_code":"FEX","species":"FRAXINUS EXCELSIOR","perimeter_cm":33.0,"height":8.0,"municipal_x":440633.181,"municipal_y":4473793.607}},{"type":"Feature","id":"MAD-1660076","geometry":{"type":"Point","coordinates":[-3.7064972,40.406379]},"properties":{"source":"madrid","assetnum":"1660076","district":"CENTRO","barrio":"EMBAJADORES","species_code":"UPU","species":"ULMUS PUMILA","perimeter_cm":110.0,"height":17.0,"municipal_x":440052.38,"municipal_y":4473102.484}},{"type":"Feature","id":"MAD-1671837","geometry":{"type":"Point","coordinates":[-3.7022091,40.409573]},"properties":{"source":"madrid","assetnum":"1671837","district":"CENTRO","barrio":"EMBAJADORES","species_code":"UPU","species":"ULMUS PUMILA","perimeter_cm":141.0,"height":18.0,"municipal_x":440419.058,"municipal_y":4473454.119}},{"type":"Feature","id":"MAD-1685003","geometry":{"type":"Point","coordinates":[-3.7085403,40.4110134]},"properties":{"source":"madrid","assetnum":"1685003","district":"CENTRO","barrio":"EMBAJADORES","species_code":"LJA","species":"LIGUSTRUM JAPONICUM","perimeter_cm":35.0,"height":6.0,"municipal_x":439883.144,"municipal_y":4473618.29}},{"type":"Feature","id":"MAD-6747324","geometry":{"type":"Point","coordinates":[-3.7053108,40.4060737]},"properties":{"source":"madrid","assetnum":"6747324","district":"CENTRO","barrio":"EMBAJADORES","species_code":"CAU","species":"CELTIS AUSTRALIS","perimeter_cm":22.0,"height":4.0,"municipal_x":440152.778,"municipal_y":4473067.788}},{"type":"Feature","id":"MAD-1629594","geometry":{"type":"Point","coordinates":[-3.706026,40.4061996]},"properties":{"source":"madrid","assetnum":"1629594","district":"CENTRO","barrio":"EMBAJADORES","species_code":"BRP","species":"BROUSSONETIA PAPYRIFERA","perimeter_cm":112.0,"height":10.0,"municipal_x":440092.202,"municipal_y":4473082.245}},{"type":"Feature","id":"MAD-2053857","geometry":{"type":"Point","coordinates":[-3.6958031,40.4086471]},"properties":{"source":"madrid","assetnum":"2053857","district":"CENTRO","barrio":"EMBAJADORES","species_code":"LJV","species":"LIGUSTRUM JAPONICUM 'VARIEGATUM'","perimeter_cm":14.0,"height":3.0,"municipal_x":440961.788,"municipal_y":4473347.045}},{"type":"Feature","id":"MAD-1656857","geometry":{"type":"Point","coordinates":[-3.6985585,40.4081453]},"properties":{"source":"madrid","assetnum":"1656857","district":"CENTRO","barrio":"EMBAJADORES","species_code":"SJA","species":"STYPHNOLOBIUM JAPONICUM","perimeter_cm":67.0,"height":11.0,"municipal_x":440727.553,"municipal_y":4473293.19}},{"type":"Feature","id":"MAD-1679576","geometry":{"type":"Point","coordinates":[-3.7015031,40.4096449]},"properties":{"source":"madrid","assetnum":"1679576","district":"CENTRO","barrio":"EMBAJADORES","species_code":"LJA","species":"LIGUSTRUM JAPONICUM","perimeter_cm":16.0,"height":4.0,"municipal_x":440479.019,"municipal_y":4473461.625}},{"type":"Feature","id":"MAD-1660984","geometry":{"type":"Point","coordinates":[-3.7060904,40.4069128]},"properties":{"source":"madrid","assetnum":"1660984","district":"CENTRO","barrio":"EMBAJADORES","species_code":"AHI","species":"AESCULUS HIPPOCASTANUM","perimeter_cm":87.0,"height":12.0,"municipal_x":440087.375,"municipal_y":4473161.453}},{"type":"Feature","id":"MAD-1660388","geometry":{"type":"Point","coordinates":[-3.7074324,40.4100503]},"properties":{"source":"madrid","assetnum":"1660388","district":"CENTRO","barrio":"EMBAJADORES","species_code":"LJA","species":"LIGUSTRUM JAPONICUM","perimeter_cm":28.0,"height":7.0,"municipal_x":439976.29,"municipal_y":4473510.627}},{"type":"Feature","id":"MAD-1681421","geometry":{"type":"Point","coordinates":[-3.7011468,40.4087372]},"properties":{"source":"madrid","assetnum":"1681421","district":"CENTRO","barrio":"EMBAJADORES","species_code":"LJA","species":"LIGUSTRUM JAPONICUM","perimeter_cm":49.0,"height":7.0,"municipal_x":440508.451,"municipal_y":4473360.631}},{"type":"Feature","id":"MAD-1653269","geometry":{"type":"Point","coordinates":[-3.6989771,40.4081002]},"properties":{"source":"madrid","assetnum":"1653269","district":"CENTRO","barrio":"EMBAJADORES","species_code":"SJA","species":"STYPHNOLOBIUM JAPONICUM","perimeter_cm":69.0,"height":15.0,"municipal_x":440691.993,"municipal_y":4473288.46}},{"type":"Feature","id":"MAD-1659836","geometry":{"type":"Point","coordinates":[-3.708408,40.4084144]},"properties":{"source":"madrid","assetnum":"1659836","district":"CENTRO","barrio":"EMBAJADORES","species_code":"CAU","species":"CELTIS AUSTRALIS","perimeter_cm":31.0,"height":8.0,"municipal_x":439892.06,"municipal_y":4473329.709}},{"type":"Feature","id":"MAD-1657016","geometry":{"type":"Point","coordinates":[-3.6953141,40.4090451]},"properties":{"source":"madrid","assetnum":"1657016","district":"CENTRO","barrio":"EMBAJADORES","species_code":"AJU","species":"ALBIZIA JULIBRISSIN","perimeter_cm":75.0,"height":7.0,"municipal_x":441003.623,"municipal_y":4473390.897}},{"type":"Feature","id":"MAD-10150201","geometry":{"type":"Point","coordinates":[-3.7034177,40.4082925]},"properties":{"source":"madrid","assetnum":"10150201","district":"CENTRO","barrio":"EMBAJADORES","species_code":"ACA","species":"ACER CAMPESTRE","perimeter_cm":14.0,"height":2.5,"municipal_x":440315.376,"municipal_y":4473312.798}},{"type":"Feature","id":"MAD-1659764","geometry":{"type":"Point","coordinates":[-3.7034723,40.4067627]},"properties":{"source":"madrid","assetnum":"1659764","district":"CENTRO","barrio":"EMBAJADORES","species_code":"SJA","species":"STYPHNOLOBIUM JAPONICUM","perimeter_cm":40.0,"height":7.0,"municipal_x":440309.393,"municipal_y":4473143.028}},{"type":"Feature","id":"MAD-1662077","geometry":{"type":"Point","coordinates":[-3.7071607,40.4068555]},"properties":{"source":"madrid","assetnum":"1662077","district":"CENTRO","barrio":"EMBAJADORES","species_code":"PDA","species":"PLATANUS X HISPANICA","perimeter_cm":81.0,"height":15.0,"municipal_x":439996.503,"municipal_y":4473155.823}},{"type":"Feature","id":"MAD-1683586","geometry":{"type":"Point","coordinates":[-3.7072306,40.4109066]},"properties":{"source":"madrid","assetnum":"1683586","district":"CENTRO","barrio":"EMBAJADORES","species_code":"LJA","species":"LIGUSTRUM JAPONICUM","perimeter_cm":57.0,"height":8.0,"municipal_x":439994.169,"municipal_y":4473605.541}},{"type":"Feature","id":"MAD-7129698","geometry":{"type":"Point","coordinates":[-3.7081704,40.4113314]},"properties":{"source":"madrid","assetnum":"7129698","district":"CENTRO","barrio":"EMBAJADORES","species_code":"PDA","species":"PLATANUS X HISPANICA","perimeter_cm":20.0,"height":7.0,"municipal_x":439914.812,"municipal_y":4473653.333}},{"type":"Feature","id":"MAD-10202481","geometry":{"type":"Point","coordinates":[-3.7049161,40.4129667]},"properties":{"source":"madrid","assetnum":"10202481","district":"CENTRO","barrio":"EMBAJADORES","species_code":"CAU","species":"CELTIS AUSTRALIS","perimeter_cm":25.0,"height":5.0,"municipal_x":440192.371,"municipal_y":4473832.647}},{"type":"Feature","id":"MAD-1643035","geometry":{"type":"Point","coordinates":[-3.7102182,40.4071046]},"properties":{"source":"madrid","assetnum":"1643035","district":"CENTRO","barrio":"EMBAJADORES","species_code":"ANE","species":"ACER NEGUNDO","perimeter_cm":90.0,"height":8.0,"municipal_x":439737.29,"municipal_y":4473185.558}},{"type":"Feature","id":"MAD-1669138","geometry":{"type":"Point","coordinates":[-3.7038386,40.4106407]},"properties":{"source":"madrid","assetnum":"1669138","district":"CENTRO","barrio":"EMBAJADORES","species_code":"LJA","species":"LIGUSTRUM JAPONICUM","perimeter_cm":54.0,"height":8.0,"municipal_x":440281.735,"municipal_y":4473573.731}},{"type":"Feature","id":"MAD-1683583","geometry":{"type":"Point","coordinates":[-3.6964443,40.4078649]},"properties":{"source":"madrid","assetnum":"1683583","district":"CENTRO","barrio":"EMBAJADORES","species_code":"LJV","species":"LIGUSTRUM JAPONICUM 'VARIEGATUM'","perimeter_cm":25.0,"height":6.0,"municipal_x":440906.694,"municipal_y":4473260.646}},{"type":"Feature","id":"MAD-1681945","geometry":{"type":"Point","coordinates":[-3.6956183,40.4105019]},"properties":{"source":"madrid","assetnum":"1681945","district":"CENTRO","barrio":"EMBAJADORES","species_code":"SJA","species":"STYPHNOLOBIUM JAPONICUM","perimeter_cm":43.0,"height":9.0,"municipal_x":440979.089,"municipal_y":4473552.8}},{"type":"Feature","id":"MAD-1682994","geometry":{"type":"Point","coordinates":[-3.6944225,40.4088139]},"properties":{"source":"madrid","assetnum":"1682994","district":"CENTRO","barrio":"EMBAJADORES","species_code":"CBI","species":"CATALPA BIGNONIOIDES","perimeter_cm":92.0,"height":12.0,"municipal_x":441079.077,"municipal_y":4473364.637}},{"type":"Feature","id":"MAD-10202633","geometry":{"type":"Point","coordinates":[-3.6990994,40.4108586]},"properties":{"source":"madrid","assetnum":"10202633","district":"CENTRO","barrio":"EMBAJADORES","species_code":"AMO","species":"ACER MONSPESSULANUM","perimeter_cm":18.0,"height":4.0,"municipal_x":440684.036,"municipal_y":4473594.723}},{"type":"Feature","id":"MAD-1670203","geometry":{"type":"Point","coordinates":[-3.7038178,40.4073467]},"properties":{"source":"madrid","assetnum":"1670203","district":"CENTRO","barrio":"EMBAJADORES","species_code":"LJA","species":"LIGUSTRUM JAPONICUM","perimeter_cm":37.0,"height":5.0,"municipal_x":440280.594,"municipal_y":4473208.079}},{"type":"Feature","id":"MAD-1668369","geometry":{"type":"Point","coordinates":[-3.7070791,40.4067317]},"properties":{"source":"madrid","assetnum":"1668369","district":"CENTRO","barrio":"EMBAJADORES","species_code":"PDA","species":"PLATANUS X HISPANICA","perimeter_cm":47.0,"height":13.0,"municipal_x":440003.323,"municipal_y":4473142.023}},{"type":"Feature","id":"MAD-1658583","geometry":{"type":"Point","coordinates":[-3.701017,40.408804]},"properties":{"source":"madrid","assetnum":"1658583","district":"CENTRO","barrio":"EMBAJADORES","species_code":"LJA","species":"LIGUSTRUM JAPONICUM","perimeter_cm":49.0,"height":8.0,"municipal_x":440519.53,"municipal_y":4473367.951}},{"type":"Feature","id":"MAD-9132616","geometry":{"type":"Point","coordinates":[-3.7016923,40.4122494]},"properties":{"source":"madrid","assetnum":"9132616","district":"CENTRO","barrio":"EMBAJADORES","species_code":"LJA","species":"LIGUSTRUM JAPONICUM","perimeter_cm":17.0,"height":4.0,"municipal_x":440465.264,"municipal_y":4473750.842}},{"type":"Feature","id":"MAD-1691609","geometry":{"type":"Point","coordinates":[-3.705433,40.4056609]},"properties":{"source":"madrid","assetnum":"1691609","district":"CENTRO","barrio":"EMBAJADORES","species_code":"SJA","species":"STYPHNOLOBIUM JAPONICUM","perimeter_cm":36.0,"height":6.0,"municipal_x":440142.045,"municipal_y":4473022.054}},{"type":"Feature","id":"MAD-9875944","geometry":{"type":"Point","coordinates":[-3.7084274,40.4068546]},"properties":{"source":"madrid","assetnum":"9875944","district":"CENTRO","barrio":"EMBAJADORES","species_code":"LJA","species":"LIGUSTRUM JAPONICUM","perimeter_cm":13.0,"height":4.0,"municipal_x":439889.022,"municipal_y":4473156.58}},{"type":"Feature","id":"MAD-1679563","geometry":{"type":"Point","coordinates":[-3.69703,40.4077867]},"properties":{"source":"madrid","assetnum":"1679563","district":"CENTRO","barrio":"EMBAJADORES","species_code":"SJA","species":"STYPHNOLOBIUM JAPONICUM","perimeter_cm":53.0,"height":12.0,"municipal_x":440856.932,"municipal_y":4473252.358}},{"type":"Feature","id":"MAD-1673146","geometry":{"type":"Point","coordinates":[-3.7072254,40.40953]},"properties":{"source":"madrid","assetnum":"1673146","district":"CENTRO","barrio":"EMBAJADORES","species_code":"PDA","species":"PLATANUS X HISPANICA","perimeter_cm":177.0,"height":18.0,"municipal_x":439993.389,"municipal_y":4473452.74}},{"type":"Feature","id":"MAD-10140156","geometry":{"type":"Point","coordinates":[-3.7072342,40.4100407]},"properties":{"source":"madrid","assetnum":"10140156","district":"CENTRO","barrio":"EMBAJADORES","species_code":"LJA","species":"LIGUSTRUM JAPONICUM","perimeter_cm":20.0,"height":4.2,"municipal_x":439993.102,"municipal_y":4473509.428}},{"type":"Feature","id":"MAD-9342417","geometry":{"type":"Point","coordinates":[-3.7039684,40.4067047]},"properties":{"source":"madrid","assetnum":"9342417","district":"CENTRO","barrio":"EMBAJADORES","species_code":"MEA","species":"MELIA AZEDARACH","perimeter_cm":17.0,"height":3.0,"municipal_x":440267.243,"municipal_y":4473136.917}},{"type":"Feature","id":"MAD-1635822","geometry":{"type":"Point","coordinates":[-3.7055187,40.405943]},"properties":{"source":"madrid","assetnum":"1635822","district":"CENTRO","barrio":"EMBAJADORES","species_code":"SJA","species":"STYPHNOLOBIUM JAPONICUM","perimeter_cm":61.0,"height":7.0,"municipal_x":440135.02,"municipal_y":4473053.418}},{"type":"Feature","id":"MAD-1673691","geometry":{"type":"Point","coordinates":[-3.7003792,40.4063487]},"properties":{"source":"madrid","assetnum":"1673691","district":"CENTRO","barrio":"EMBAJADORES","species_code":"LJA","species":"LIGUSTRUM JAPONICUM","perimeter_cm":34.0,"height":9.0,"municipal_x":440571.482,"municipal_y":4473094.991}},{"type":"Feature","id":"MAD-1683503","geometry":{"type":"Point","coordinates":[-3.7004207,40.4110336]},"properties":{"source":"madrid","assetnum":"1683503","district":"CENTRO","barrio":"EMBAJADORES","species_code":"RPS","species":"ROBINIA PSEUDOACACIA","perimeter_cm":40.0,"height":8.0,"municipal_x":440572.087,"municipal_y":4473615.033}},{"type":"Feature","id":"MAD-9101077","geometry":{"type":"Point","coordinates":[-3.6954315,40.4101135]},"properties":{"source":"madrid","assetnum":"9101077","district":"CENTRO","barrio":"EMBAJADORES","species_code":"PCP","species":"PRUNUS CERASIFERA  SUBSP. PISSARDII","perimeter_cm":18.0,"height":5.0,"municipal_x":440994.596,"municipal_y":4473509.559}},{"type":"Feature","id":"MAD-1680328","geometry":{"type":"Point","coordinates":[-3.7016021,40.4101561]},"properties":{"source":"madrid","assetnum":"1680328","district":"CENTRO","barrio":"EMBAJADORES","species_code":"CBU","species":"CATALPA BUNGEI","perimeter_cm":42.0,"height":8.0,"municipal_x":440471.069,"municipal_y":4473518.432}},{"type":"Feature","id":"MAD-1660274","geometry":{"type":"Point","coordinates":[-3.707887,40.4119556]},"properties":{"source":"madrid","assetnum":"1660274","district":"CENTRO","barrio":"EMBAJADORES","species_code":"PDA","species":"PLATANUS X HISPANICA","perimeter_cm":119.0,"height":19.0,"municipal_x":439939.412,"municipal_y":4473722.422}},{"type":"Feature","id":"MAD-9329770","geometry":{"type":"Point","coordinates":[-3.7012987,40.4087577]},"properties":{"source":"madrid","assetnum":"9329770","district":"CENTRO","barrio":"EMBAJADORES","species_code":"LJA","species":"LIGUSTRUM JAPONICUM","perimeter_cm":16.0,"height":3.5,"municipal_x":440495.58,"municipal_y":4473363.001}},{"type":"Feature","id":"MAD-1642937","geometry":{"type":"Point","coordinates":[-3.7043579,40.406687]},"properties":{"source":"madrid","assetnum":"1642937","district":"CENTRO","barrio":"EMBAJADORES","species_code":"KPA","species":"KOELREUTERIA PANICULATA","perimeter_cm":46.0,"height":7.0,"municipal_x":440234.177,"municipal_y":4473135.225}},{"type":"Feature","id":"MAD-1670299","geometry":{"type":"Point","coordinates":[-3.6956737,40.4092398]},"properties":{"source":"madrid","assetnum":"1670299","district":"CENTRO","barrio":"EMBAJADORES","species_code":"AJU","species":"ALBIZIA JULIBRISSIN","perimeter_cm":24.0,"height":4.0,"municipal_x":440973.28,"municipal_y":4473412.739}},{"type":"Feature","id":"MAD-5174557","geometry":{"type":"Point","coordinates":[-3.6953469,40.409201]},"properties":{"source":"madrid","assetnum":"5174557","district":"CENTRO","barrio":"EMBAJADORES","species_code":"AJU","species":"ALBIZIA JULIBRISSIN","perimeter_cm":14.0,"height":3.6,"municipal_x":441000.981,"municipal_y":4473408.221}},{"type":"Feature","id":"MAD-10052125","geometry":{"type":"Point","coordinates":[-3.6979521,40.4105277]},"properties":{"source":"madrid","assetnum":"10052125","district":"CENTRO","barrio":"EMBAJADORES","species_code":"AJU","species":"ALBIZIA JULIBRISSIN","perimeter_cm":14.0,"height":3.6,"municipal_x":440781.096,"municipal_y":4473557.221}},{"type":"Feature","id":"MAD-8800567","geometry":{"type":"Point","coordinates":[-3.7006939,40.4108441]},"properties":{"source":"madrid","assetnum":"8800567","district":"CENTRO","barrio":"EMBAJADORES","species_code":"RPS","species":"ROBINIA PSEUDOACACIA","perimeter_cm":20.0,"height":5.0,"municipal_x":440548.733,"municipal_y":4473594.183}},{"type":"Feature","id":"MAD-1653197","geometry":{"type":"Point","coordinates":[-3.6993831,40.4118376]},"properties":{"source":"madrid","assetnum":"1653197","district":"CENTRO","barrio":"EMBAJADORES","species_code":"AJU","species":"ALBIZIA JULIBRISSIN","perimeter_cm":18.0,"height":5.0,"municipal_x":440660.828,"municipal_y":4473703.583}},{"type":"Feature","id":"MAD-9285536","geometry":{"type":"Point","coordinates":[-3.7027027,40.4078957]},"properties":{"source":"madrid","assetnum":"9285536","district":"CENTRO","barrio":"EMBAJADORES","species_code":"PCP","species":"PRUNUS CERASIFERA  SUBSP. PISSARDII","perimeter_cm":16.0,"height":3.5,"municipal_x":440375.693,"municipal_y":4473268.263}},{"type":"Feature","id":"MAD-1671810","geometry":{"type":"Point","coordinates":[-3.703103,40.4060602]},"properties":{"source":"madrid","assetnum":"1671810","district":"CENTRO","barrio":"EMBAJADORES","species_code":"SJA","species":"STYPHNOLOBIUM JAPONICUM","perimeter_cm":58.0,"height":11.0,"municipal_x":440340.108,"municipal_y":4473064.798}},{"type":"Feature","id":"MAD-1671221","geometry":{"type":"Point","coordinates":[-3.7056839,40.4078362]},"properties":{"source":"madrid","assetnum":"1671221","district":"CENTRO","barrio":"EMBAJADORES","species_code":"LJA","species":"LIGUSTRUM JAPONICUM","perimeter_cm":34.0,"height":10.0,"municipal_x":440122.684,"municipal_y":4473263.674}},{"type":"Feature","id":"MAD-10202641","geometry":{"type":"Point","coordinates":[-3.7000237,40.4102062]},"properties":{"source":"madrid","assetnum":"10202641","district":"CENTRO","barrio":"EMBAJADORES","species_code":"AMO","species":"ACER MONSPESSULANUM","perimeter_cm":18.0,"height":4.0,"municipal_x":440605.039,"municipal_y":4473522.923}},{"type":"Feature","id":"MAD-9348165","geometry":{"type":"Point","coordinates":[-3.7013012,40.4054974]},"properties":{"source":"madrid","assetnum":"9348165","district":"CENTRO","barrio":"EMBAJADORES","species_code":"LJV","species":"LIGUSTRUM JAPONICUM 'VARIEGATUM'","perimeter_cm":18.0,"height":4.0,"municipal_x":440492.503,"municipal_y":4473001.109}},{"type":"Feature","id":"MAD-1681357","geometry":{"type":"Point","coordinates":[-3.6997611,40.4082312]},"properties":{"source":"madrid","assetnum":"1681357","district":"CENTRO","barrio":"EMBAJADORES","species_code":"SJA","species":"STYPHNOLOBIUM JAPONICUM","perimeter_cm":54.0,"height":8.5,"municipal_x":440625.588,"municipal_y":4473303.533}},{"type":"Feature","id":"MAD-10202480","geometry":{"type":"Point","coordinates":[-3.7049357,40.4129164]},"properties":{"source":"madrid","assetnum":"10202480","district":"CENTRO","barrio":"EMBAJADORES","species_code":"CAU","species":"CELTIS AUSTRALIS","perimeter_cm":25.0,"height":5.0,"municipal_x":440190.664,"municipal_y":4473827.07}},{"type":"Feature","id":"MAD-9101092","geometry":{"type":"Point","coordinates":[-3.6977782,40.4108618]},"properties":{"source":"madrid","assetnum":"9101092","district":"CENTRO","barrio":"EMBAJADORES","species_code":"PCP","species":"PRUNUS CERASIFERA  SUBSP. PISSARDII","perimeter_cm":18.0,"height":5.0,"municipal_x":440796.144,"municipal_y":4473594.19}},{"type":"Feature","id":"MAD-1648046","geometry":{"type":"Point","coordinates":[-3.6952756,40.4084342]},"properties":{"source":"madrid","assetnum":"1648046","district":"CENTRO","barrio":"EMBAJADORES","species_code":"RPS","species":"ROBINIA PSEUDOACACIA","perimeter_cm":20.0,"height":7.0,"municipal_x":441006.362,"municipal_y":4473323.056}},{"type":"Feature","id":"MAD-6747342","geometry":{"type":"Point","coordinates":[-3.7054972,40.405671]},"properties":{"source":"madrid","assetnum":"6747342","district":"CENTRO","barrio":"EMBAJADORES","species_code":"SJA","species":"STYPHNOLOBIUM JAPONICUM","perimeter_cm":24.0,"height":5.0,"municipal_x":440136.611,"municipal_y":4473023.22}},{"type":"Feature","id":"MAD-1673779","geometry":{"type":"Point","coordinates":[-3.7059877,40.4096422]},"properties":{"source":"madrid","assetnum":"1673779","district":"CENTRO","barrio":"EMBAJADORES","species_code":"LJA","species":"LIGUSTRUM JAPONICUM","perimeter_cm":45.0,"height":8.0,"municipal_x":440098.511,"municipal_y":4473464.349}},{"type":"Feature","id":"MAD-1670303","geometry":{"type":"Point","coordinates":[-3.7080683,40.406306]},"properties":{"source":"madrid","assetnum":"1670303","district":"CENTRO","barrio":"EMBAJADORES","species_code":"APS","species":"ACER PSEUDOPLATANUS","perimeter_cm":57.0,"height":9.0,"municipal_x":439919.005,"municipal_y":4473095.448}},{"type":"Feature","id":"MAD-1643017","geometry":{"type":"Point","coordinates":[-3.7086882,40.4064474]},"properties":{"source":"madrid","assetnum":"1643017","district":"CENTRO","barrio":"EMBAJADORES","species_code":"LIN","species":"LAGERSTROEMIA INDICA","perimeter_cm":26.0,"height":5.0,"municipal_x":439866.531,"municipal_y":4473111.564}},{"type":"Feature","id":"MAD-1685117","geometry":{"type":"Point","coordinates":[-3.7084773,40.4061715]},"properties":{"source":"madrid","assetnum":"1685117","district":"CENTRO","barrio":"EMBAJADORES","species_code":"UPU","species":"ULMUS PUMILA","perimeter_cm":163.0,"height":15.0,"municipal_x":439884.185,"municipal_y":4473080.789}},{"type":"Feature","id":"MAD-6747289","geometry":{"type":"Point","coordinates":[-3.7061493,40.4059828]},"properties":{"source":"madrid","assetnum":"6747289","district":"CENTRO","barrio":"EMBAJADORES","species_code":"PAR","species":"PYRUS CALLERYANA 'CHANTICLEER'","perimeter_cm":18.0,"height":5.0,"municipal_x":440081.553,"municipal_y":4473058.266}},{"type":"Feature","id":"MAD-2054461","geometry":{"type":"Point","coordinates":[-3.6928347,40.407965]},"properties":{"source":"madrid","assetnum":"2054461","district":"CENTRO","barrio":"EMBAJADORES","species_code":"CSE","species":"CUPRESSUS SEMPERVIRENS","perimeter_cm":95.0,"height":11.0,"municipal_x":441213.058,"municipal_y":4473269.348}},{"type":"Feature","id":"MAD-1684371","geometry":{"type":"Point","coordinates":[-3.6996589,40.4126159]},"properties":{"source":"madrid","assetnum":"1684371","district":"CENTRO","barrio":"EMBAJADORES","species_code":"FEX","species":"FRAXINUS EXCELSIOR","perimeter_cm":22.0,"height":7.0,"municipal_x":440638.113,"municipal_y":4473790.154}},{"type":"Feature","id":"MAD-1661612","geometry":{"type":"Point","coordinates":[-3.7048945,40.4085677]},"properties":{"source":"madrid","assetnum":"1661612","district":"CENTRO","barrio":"EMBAJADORES","species_code":"SJA","species":"STYPHNOLOBIUM JAPONICUM","perimeter_cm":62.0,"height":12.0,"municipal_x":440190.311,"municipal_y":4473344.346}},{"type":"Feature","id":"MAD-1659740","geometry":{"type":"Point","coordinates":[-3.7064654,40.4071502]},"properties":{"source":"madrid","assetnum":"1659740","district":"CENTRO","barrio":"EMBAJADORES","species_code":"AHI","species":"AESCULUS HIPPOCASTANUM","perimeter_cm":72.0,"height":11.0,"municipal_x":440055.768,"municipal_y":4473188.062}},{"type":"Feature","id":"MAD-1678138","geometry":{"type":"Point","coordinates":[-3.7072595,40.4079001]},"properties":{"source":"madrid","assetnum":"1678138","district":"CENTRO","barrio":"EMBAJADORES","species_code":"PDA","species":"PLATANUS X HISPANICA","perimeter_cm":150.0,"height":19.0,"municipal_x":439989.052,"municipal_y":4473271.841}},{"type":"Feature","id":"MAD-1629602","geometry":{"type":"Point","coordinates":[-3.7056225,40.4056936]},"properties":{"source":"madrid","assetnum":"1629602","district":"CENTRO","barrio":"EMBAJADORES","species_code":"SJA","species":"STYPHNOLOBIUM JAPONICUM","perimeter_cm":162.0,"height":16.0,"municipal_x":440125.992,"municipal_y":4473025.806}},{"type":"Feature","id":"MAD-1662287","geometry":{"type":"Point","coordinates":[-3.7072662,40.4062763]},"properties":{"source":"madrid","assetnum":"1662287","district":"CENTRO","barrio":"EMBAJADORES","species_code":"PDA","species":"PLATANUS X HISPANICA","perimeter_cm":71.0,"height":13.0,"municipal_x":439987.039,"municipal_y":4473091.6}},{"type":"Feature","id":"MAD-1676734","geometry":{"type":"Point","coordinates":[-3.6982967,40.4109109]},"properties":{"source":"madrid","assetnum":"1676734","district":"CENTRO","barrio":"EMBAJADORES","species_code":"AJU","species":"ALBIZIA JULIBRISSIN","perimeter_cm":19.0,"height":4.5,"municipal_x":440752.187,"municipal_y":4473599.996}},{"type":"Feature","id":"MAD-9870476","geometry":{"type":"Point","coordinates":[-3.7039201,40.4068179]},"properties":{"source":"madrid","assetnum":"9870476","district":"CENTRO","barrio":"EMBAJADORES","species_code":"KPA","species":"KOELREUTERIA PANICULATA","perimeter_cm":16.0,"height":3.5,"municipal_x":440271.445,"municipal_y":4473149.451}},{"type":"Feature","id":"MAD-1652877","geometry":{"type":"Point","coordinates":[-3.6956626,40.4072703]},"properties":{"source":"madrid","assetnum":"1652877","district":"CENTRO","barrio":"EMBAJADORES","species_code":"SJA","species":"STYPHNOLOBIUM JAPONICUM","perimeter_cm":26.0,"height":6.0,"municipal_x":440972.501,"municipal_y":4473194.126}},{"type":"Feature","id":"MAD-1635717","geometry":{"type":"Point","coordinates":[-3.7052249,40.4060499]},"properties":{"source":"madrid","assetnum":"1635717","district":"CENTRO","barrio":"EMBAJADORES","species_code":"BRP","species":"BROUSSONETIA PAPYRIFERA","perimeter_cm":150.0,"height":12.0,"municipal_x":440160.049,"municipal_y":4473065.088}},{"type":"Feature","id":"MAD-1683002","geometry":{"type":"Point","coordinates":[-3.6979231,40.4065238]},"properties":{"source":"madrid","assetnum":"1683002","district":"CENTRO","barrio":"EMBAJADORES","species_code":"RPS","species":"ROBINIA PSEUDOACACIA","perimeter_cm":59.0,"height":10.0,"municipal_x":440780.042,"municipal_y":4473112.772}},{"type":"Feature","id":"MAD-9034198","geometry":{"type":"Point","coordinates":[-3.7006877,40.4074589]},"properties":{"source":"madrid","assetnum":"9034198","district":"CENTRO","barrio":"EMBAJADORES","species_code":"PCP","species":"PRUNUS CERASIFERA  SUBSP. PISSARDII","perimeter_cm":14.0,"height":3.5,"municipal_x":440546.283,"municipal_y":4473218.422}},{"type":"Feature","id":"MAD-1671057","geometry":{"type":"Point","coordinates":[-3.7051551,40.4081391]},"properties":{"source":"madrid","assetnum":"1671057","district":"CENTRO","barrio":"EMBAJADORES","species_code":"LJA","species":"LIGUSTRUM JAPONICUM","perimeter_cm":39.0,"height":8.0,"municipal_x":440167.819,"municipal_y":4473296.944}},{"type":"Feature","id":"MAD-1652535","geometry":{"type":"Point","coordinates":[-3.6967912,40.4111007]},"properties":{"source":"madrid","assetnum":"1652535","district":"CENTRO","barrio":"EMBAJADORES","species_code":"PDA","species":"PLATANUS X HISPANICA","perimeter_cm":122.0,"height":18.0,"municipal_x":440880.093,"municipal_y":4473620.052}},{"type":"Feature","id":"MAD-1673231","geometry":{"type":"Point","coordinates":[-3.7073918,40.4072967]},"properties":{"source":"madrid","assetnum":"1673231","district":"CENTRO","barrio":"EMBAJADORES","species_code":"PDA","species":"PLATANUS X HISPANICA","perimeter_cm":146.0,"height":18.0,"municipal_x":439977.292,"municipal_y":4473204.956}},{"type":"Feature","id":"MAD-5037713","geometry":{"type":"Point","coordinates":[-3.7083728,40.4086813]},"properties":{"source":"madrid","assetnum":"5037713","district":"CENTRO","barrio":"EMBAJADORES","species_code":"LJA","species":"LIGUSTRUM JAPONICUM","perimeter_cm":14.0,"height":3.0,"municipal_x":439895.278,"municipal_y":4473359.315}},{"type":"Feature","id":"MAD-1672792","geometry":{"type":"Point","coordinates":[-3.6964842,40.4096437]},"properties":{"source":"madrid","assetnum":"1672792","district":"CENTRO","barrio":"EMBAJADORES","species_code":"AJU","species":"ALBIZIA JULIBRISSIN","perimeter_cm":49.0,"height":7.0,"municipal_x":440904.867,"municipal_y":4473458.119}},{"type":"Feature","id":"MAD-1681425","geometry":{"type":"Point","coordinates":[-3.6939335,40.4075746]},"properties":{"source":"madrid","assetnum":"1681425","district":"CENTRO","barrio":"EMBAJADORES","species_code":"PDA","species":"PLATANUS X HISPANICA","perimeter_cm":183.0,"height":18.0,"municipal_x":441119.489,"municipal_y":4473226.751}},{"type":"Feature","id":"MAD-1686507","geometry":{"type":"Point","coordinates":[-3.7067205,40.4063137]},"properties":{"source":"madrid","assetnum":"1686507","district":"CENTRO","barrio":"EMBAJADORES","species_code":"PDA","species":"PLATANUS X HISPANICA","perimeter_cm":34.0,"height":10.0,"municipal_x":440033.375,"municipal_y":4473095.387}},{"type":"Feature","id":"MAD-1657191","geometry":{"type":"Point","coordinates":[-3.703309,40.4062327]},"properties":{"source":"madrid","assetnum":"1657191","district":"CENTRO","barrio":"EMBAJADORES","species_code":"SJA","species":"STYPHNOLOBIUM JAPONICUM","perimeter_cm":76.0,"height":9.0,"municipal_x":440322.783,"municipal_y":4473084.083}},{"type":"Feature","id":"MAD-1678528","geometry":{"type":"Point","coordinates":[-3.699797,40.4074901]},"properties":{"source":"madrid","assetnum":"1678528","district":"CENTRO","barrio":"EMBAJADORES","species_code":"HSY","species":"HIBISCUS SYRIACUS","perimeter_cm":25.0,"height":7.0,"municipal_x":440621.891,"municipal_y":4473221.291}},{"type":"Feature","id":"MAD-1661243","geometry":{"type":"Point","coordinates":[-3.7074431,40.4079902]},"properties":{"source":"madrid","assetnum":"1661243","district":"CENTRO","barrio":"EMBAJADORES","species_code":"PDA","species":"PLATANUS X HISPANICA","perimeter_cm":127.0,"height":18.0,"municipal_x":439973.548,"municipal_y":4473281.963}},{"type":"Feature","id":"MAD-1651820","geometry":{"type":"Point","coordinates":[-3.7011816,40.4087729]},"properties":{"source":"madrid","assetnum":"1651820","district":"CENTRO","barrio":"EMBAJADORES","species_code":"LJA","species":"LIGUSTRUM JAPONICUM","perimeter_cm":66.0,"height":8.0,"municipal_x":440505.531,"municipal_y":4473364.614}},{"type":"Feature","id":"MAD-1668419","geometry":{"type":"Point","coordinates":[-3.7090173,40.4067231]},"properties":{"source":"madrid","assetnum":"1668419","district":"CENTRO","barrio":"EMBAJADORES","species_code":"LJA","species":"LIGUSTRUM JAPONICUM","perimeter_cm":58.0,"height":6.0,"municipal_x":439838.848,"municipal_y":4473142.389}},{"type":"Feature","id":"MAD-1651472","geometry":{"type":"Point","coordinates":[-3.7041187,40.4069966]},"properties":{"source":"madrid","assetnum":"1651472","district":"CENTRO","barrio":"EMBAJADORES","species_code":"UPU","species":"ULMUS PUMILA","perimeter_cm":72.0,"height":12.0,"municipal_x":440254.747,"municipal_y":4473169.429}},{"type":"Feature","id":"MAD-1684372","geometry":{"type":"Point","coordinates":[-3.7031184,40.4132417]},"properties":{"source":"madrid","assetnum":"1684372","district":"CENTRO","barrio":"EMBAJADORES","species_code":"LJA","species":"LIGUSTRUM JAPONICUM","perimeter_cm":35.0,"height":8.0,"municipal_x":440345.14,"municipal_y":4473861.953}},{"type":"Feature","id":"MAD-1629346","geometry":{"type":"Point","coordinates":[-3.7044998,40.4067334]},"properties":{"source":"madrid","assetnum":"1629346","district":"CENTRO","barrio":"EMBAJADORES","species_code":"CBI","species":"CATALPA BIGNONIOIDES","perimeter_cm":38.0,"height":7.0,"municipal_x":440222.179,"municipal_y":4473140.472}},{"type":"Feature","id":"MAD-1685258","geometry":{"type":"Point","coordinates":[-3.70176,40.4092056]},"properties":{"source":"madrid","assetnum":"1685258","district":"CENTRO","barrio":"EMBAJADORES","species_code":"RPS","species":"ROBINIA PSEUDOACACIA","perimeter_cm":39.0,"height":8.0,"municipal_x":440456.838,"municipal_y":4473413.036}},{"type":"Feature","id":"MAD-9132623","geometry":{"type":"Point","coordinates":[-3.6973572,40.4075014]},"properties":{"source":"madrid","assetnum":"9132623","district":"CENTRO","barrio":"EMBAJADORES","species_code":"LJV","species":"LIGUSTRUM JAPONICUM 'VARIEGATUM'","perimeter_cm":17.0,"height":4.0,"municipal_x":440828.914,"municipal_y":4473220.909}},{"type":"Feature","id":"MAD-1662078","geometry":{"type":"Point","coordinates":[-3.7050201,40.4086931]},"properties":{"source":"madrid","assetnum":"1662078","district":"CENTRO","barrio":"EMBAJADORES","species_code":"SJA","species":"STYPHNOLOBIUM JAPONICUM","perimeter_cm":31.0,"height":8.0,"municipal_x":440179.767,"municipal_y":4473358.347}},{"type":"Feature","id":"MAD-1649727","geometry":{"type":"Point","coordinates":[-3.7030483,40.4075456]},"properties":{"source":"madrid","assetnum":"1649727","district":"CENTRO","barrio":"EMBAJADORES","species_code":"LJA","species":"LIGUSTRUM JAPONICUM","perimeter_cm":28.0,"height":4.0,"municipal_x":440346.061,"municipal_y":4473229.645}},{"type":"Feature","id":"MAD-10150181","geometry":{"type":"Point","coordinates":[-3.7105989,40.4072006]},"properties":{"source":"madrid","assetnum":"10150181","district":"CENTRO","barrio":"EMBAJADORES","species_code":"LTU","species":"LIRIODENDRON TULIPIFERA","perimeter_cm":15.0,"height":4.0,"municipal_x":439705.077,"municipal_y":4473196.472}},{"type":"Feature","id":"MAD-1655029","geometry":{"type":"Point","coordinates":[-3.6999135,40.4074608]},"properties":{"source":"madrid","assetnum":"1655029","district":"CENTRO","barrio":"EMBAJADORES","species_code":"HSY","species":"HIBISCUS SYRIACUS","perimeter_cm":26.0,"height":6.0,"municipal_x":440611.975,"municipal_y":4473218.115}},{"type":"Feature","id":"MAD-2055561","geometry":{"type":"Point","coordinates":[-3.6932447,40.407448]},"properties":{"source":"madrid","assetnum":"2055561","district":"CENTRO","barrio":"EMBAJADORES","species_code":"QIL","species":"QUERCUS ILEX","perimeter_cm":96.0,"height":9.0,"municipal_x":441177.819,"municipal_y":4473212.233}},{"type":"Feature","id":"MAD-1661624","geometry":{"type":"Point","coordinates":[-3.7045413,40.4084612]},"properties":{"source":"madrid","assetnum":"1661624","district":"CENTRO","barrio":"EMBAJADORES","species_code":"UPU","species":"ULMUS PUMILA","perimeter_cm":92.0,"height":14.0,"municipal_x":440220.186,"municipal_y":4473332.276}},{"type":"Feature","id":"MAD-1630058","geometry":{"type":"Point","coordinates":[-3.7047767,40.4065121]},"properties":{"source":"madrid","assetnum":"1630058","district":"CENTRO","barrio":"EMBAJADORES","species_code":"CAU","species":"CELTIS AUSTRALIS","perimeter_cm":360.0,"height":18.0,"municipal_x":440198.489,"municipal_y":4473116.09}},{"type":"Feature","id":"MAD-1660400","geometry":{"type":"Point","coordinates":[-3.7021961,40.4054236]},"properties":{"source":"madrid","assetnum":"1660400","district":"CENTRO","barrio":"EMBAJADORES","species_code":"PDA","species":"PLATANUS X HISPANICA","perimeter_cm":125.0,"height":15.0,"municipal_x":440416.502,"municipal_y":4472993.522}},{"type":"Feature","id":"MAD-10150211","geometry":{"type":"Point","coordinates":[-3.7037834,40.4068815]},"properties":{"source":"madrid","assetnum":"10150211","district":"CENTRO","barrio":"EMBAJADORES","species_code":"ACPF","species":"ACER PECTINATUM SUBSP. FORRESTII","perimeter_cm":16.0,"height":4.0,"municipal_x":440283.1,"municipal_y":4473156.427}},{"type":"Feature","id":"MAD-1650761","geometry":{"type":"Point","coordinates":[-3.7106423,40.4068905]},"properties":{"source":"madrid","assetnum":"1650761","district":"CENTRO","barrio":"EMBAJADORES","species_code":"CAU","species":"CELTIS AUSTRALIS","perimeter_cm":51.0,"height":8.0,"municipal_x":439701.114,"municipal_y":4473162.078}},{"type":"Feature","id":"MAD-1652461","geometry":{"type":"Point","coordinates":[-3.6977629,40.4079032]},"properties":{"source":"madrid","assetnum":"1652461","district":"CENTRO","barrio":"EMBAJADORES","species_code":"SJA","species":"STYPHNOLOBIUM JAPONICUM","perimeter_cm":90.0,"height":15.0,"municipal_x":440794.843,"municipal_y":4473265.779}},{"type":"Feature","id":"MAD-1653905","geometry":{"type":"Point","coordinates":[-3.7020809,40.40579]},"properties":{"source":"madrid","assetnum":"1653905","district":"CENTRO","barrio":"EMBAJADORES","species_code":"PCP","species":"PRUNUS CERASIFERA  SUBSP. PISSARDII","perimeter_cm":16.0,"height":5.0,"municipal_x":440426.599,"municipal_y":4473034.118}},{"type":"Feature","id":"MAD-10202437","geometry":{"type":"Point","coordinates":[-3.7041359,40.4124911]},"properties":{"source":"madrid","assetnum":"10202437","district":"CENTRO","barrio":"EMBAJADORES","species_code":"SJA","species":"STYPHNOLOBIUM JAPONICUM","perimeter_cm":25.0,"height":5.0,"municipal_x":440258.146,"municipal_y":4473779.321}},{"type":"Feature","id":"MAD-9342401","geometry":{"type":"Point","coordinates":[-3.7048937,40.4061121]},"properties":{"source":"madrid","assetnum":"9342401","district":"CENTRO","barrio":"EMBAJADORES","species_code":"CAU","species":"CELTIS AUSTRALIS","perimeter_cm":18.0,"height":3.5,"municipal_x":440188.208,"municipal_y":4473071.765}},{"type":"Feature","id":"MAD-1656257","geometry":{"type":"Point","coordinates":[-3.6967309,40.407856]},"properties":{"source":"madrid","assetnum":"1656257","district":"CENTRO","barrio":"EMBAJADORES","species_code":"UPU","species":"ULMUS PUMILA","perimeter_cm":87.0,"height":15.0,"municipal_x":440882.368,"municipal_y":4473259.848}},{"type":"Feature","id":"MAD-1657127","geometry":{"type":"Point","coordinates":[-3.6952343,40.4090262]},"properties":{"source":"madrid","assetnum":"1657127","district":"CENTRO","barrio":"EMBAJADORES","species_code":"AJU","species":"ALBIZIA JULIBRISSIN","perimeter_cm":58.0,"height":9.0,"municipal_x":441010.381,"municipal_y":4473388.738}},{"type":"Feature","id":"MAD-8797537","geometry":{"type":"Point","coordinates":[-3.7071778,40.4110186]},"properties":{"source":"madrid","assetnum":"8797537","district":"CENTRO","barrio":"EMBAJADORES","species_code":"LJA","species":"LIGUSTRUM JAPONICUM","perimeter_cm":16.0,"height":4.0,"municipal_x":439998.751,"municipal_y":4473617.94}},{"type":"Feature","id":"MAD-1643462","geometry":{"type":"Point","coordinates":[-3.7042742,40.4067653]},"properties":{"source":"madrid","assetnum":"1643462","district":"CENTRO","barrio":"EMBAJADORES","species_code":"KPA","species":"KOELREUTERIA PANICULATA","perimeter_cm":49.0,"height":7.0,"municipal_x":440241.354,"municipal_y":4473143.854}},{"type":"Feature","id":"MAD-5037328","geometry":{"type":"Point","coordinates":[-3.704669,40.412559]},"properties":{"source":"madrid","assetnum":"5037328","district":"CENTRO","barrio":"EMBAJADORES","species_code":"SJA","species":"STYPHNOLOBIUM JAPONICUM","perimeter_cm":14.0,"height":3.0,"municipal_x":440212.976,"municipal_y":4473787.216}},{"type":"Feature","id":"MAD-1677615","geometry":{"type":"Point","coordinates":[-3.7060193,40.406445]},"properties":{"source":"madrid","assetnum":"1677615","district":"CENTRO","barrio":"EMBAJADORES","species_code":"UPU","species":"ULMUS PUMILA","perimeter_cm":84.0,"height":12.0,"municipal_x":440092.991,"municipal_y":4473109.479}},{"type":"Feature","id":"MAD-1691592","geometry":{"type":"Point","coordinates":[-3.7090675,40.4063096]},"properties":{"source":"madrid","assetnum":"1691592","district":"CENTRO","barrio":"EMBAJADORES","species_code":"SJA","species":"STYPHNOLOBIUM JAPONICUM","perimeter_cm":30.0,"height":7.0,"municipal_x":439834.226,"municipal_y":4473096.53}},{"type":"Feature","id":"MAD-1630161","geometry":{"type":"Point","coordinates":[-3.7024494,40.4113634]},"properties":{"source":"madrid","assetnum":"1630161","district":"CENTRO","barrio":"EMBAJADORES","species_code":"LJA","species":"LIGUSTRUM JAPONICUM","perimeter_cm":27.0,"height":5.0,"municipal_x":440400.247,"municipal_y":4473653.012}},{"type":"Feature","id":"MAD-1689321","geometry":{"type":"Point","coordinates":[-3.7033219,40.4098081]},"properties":{"source":"madrid","assetnum":"1689321","district":"CENTRO","barrio":"EMBAJADORES","species_code":"KPA","species":"KOELREUTERIA PANICULATA","perimeter_cm":48.0,"height":6.0,"municipal_x":440324.84,"municipal_y":4473480.958}},{"type":"Feature","id":"MAD-1660389","geometry":{"type":"Point","coordinates":[-3.7074369,40.410399]},"properties":{"source":"madrid","assetnum":"1660389","district":"CENTRO","barrio":"EMBAJADORES","species_code":"LJA","species":"LIGUSTRUM JAPONICUM","perimeter_cm":58.0,"height":7.0,"municipal_x":439976.22,"municipal_y":4473549.337}},{"type":"Feature","id":"MAD-1669090","geometry":{"type":"Point","coordinates":[-3.7038026,40.41058]},"properties":{"source":"madrid","assetnum":"1669090","district":"CENTRO","barrio":"EMBAJADORES","species_code":"LJA","species":"LIGUSTRUM JAPONICUM","perimeter_cm":42.0,"height":8.0,"municipal_x":440284.739,"municipal_y":4473566.972}},{"type":"Feature","id":"MAD-1685263","geometry":{"type":"Point","coordinates":[-3.6959628,40.4095523]},"properties":{"source":"madrid","assetnum":"1685263","district":"CENTRO","barrio":"EMBAJADORES","species_code":"PDA","species":"PLATANUS X HISPANICA","perimeter_cm":63.0,"height":13.0,"municipal_x":440949.024,"municipal_y":4473447.628}},{"type":"Feature","id":"MAD-9875957","geometry":{"type":"Point","coordinates":[-3.7015992,40.4129752]},"properties":{"source":"madrid","assetnum":"9875957","district":"CENTRO","barrio":"EMBAJADORES","species_code":"LJA","species":"LIGUSTRUM JAPONICUM","perimeter_cm":13.0,"height":4.0,"municipal_x":440473.801,"municipal_y":4473831.348}},{"type":"Feature","id":"MAD-8834737","geometry":{"type":"Point","coordinates":[-3.7055033,40.4066152]},"properties":{"source":"madrid","assetnum":"8834737","district":"CENTRO","barrio":"EMBAJADORES","species_code":"CAU","species":"CELTIS AUSTRALIS","perimeter_cm":20.0,"height":5.0,"municipal_x":440136.927,"municipal_y":4473128.032}},{"type":"Feature","id":"MAD-9101106","geometry":{"type":"Point","coordinates":[-3.6958098,40.4101804]},"properties":{"source":"madrid","assetnum":"9101106","district":"CENTRO","barrio":"EMBAJADORES","species_code":"PCP","species":"PRUNUS CERASIFERA  SUBSP. PISSARDII","perimeter_cm":18.0,"height":5.0,"municipal_x":440962.557,"municipal_y":4473517.24}},{"type":"Feature","id":"MAD-1647962","geometry":{"type":"Point","coordinates":[-3.6970073,40.4076408]},"properties":{"source":"madrid","assetnum":"1647962","district":"CENTRO","barrio":"EMBAJADORES","species_code":"LJV","species":"LIGUSTRUM JAPONICUM 'VARIEGATUM'","perimeter_cm":24.0,"height":4.0,"municipal_x":440858.732,"municipal_y":4473236.143}},{"type":"Feature","id":"MAD-1657129","geometry":{"type":"Point","coordinates":[-3.6928039,40.4092355]},"properties":{"source":"madrid","assetnum":"1657129","district":"CENTRO","barrio":"EMBAJADORES","species_code":"LJV","species":"LIGUSTRUM JAPONICUM 'VARIEGATUM'","perimeter_cm":37.0,"height":7.0,"municipal_x":441216.78,"municipal_y":4473410.356}},{"type":"Feature","id":"MAD-1676733","geometry":{"type":"Point","coordinates":[-3.7062202,40.4063797]},"properties":{"source":"madrid","assetnum":"1676733","district":"CENTRO","barrio":"EMBAJADORES","species_code":"UPU","species":"ULMUS PUMILA","perimeter_cm":61.0,"height":11.0,"municipal_x":440075.888,"municipal_y":4473102.37}},{"type":"Feature","id":"MAD-1629774","geometry":{"type":"Point","coordinates":[-3.7060384,40.4062106]},"properties":{"source":"madrid","assetnum":"1629774","district":"CENTRO","barrio":"EMBAJADORES","species_code":"BRP","species":"BROUSSONETIA PAPYRIFERA","perimeter_cm":89.0,"height":9.5,"municipal_x":440091.159,"municipal_y":4473083.474}},{"type":"Feature","id":"MAD-7942774","geometry":{"type":"Point","coordinates":[-3.7036497,40.4082507]},"properties":{"source":"madrid","assetnum":"7942774","district":"CENTRO","barrio":"EMBAJADORES","species_code":"TIE","species":"TILIA X EUROPAEA","perimeter_cm":60.0,"height":5.0,"municipal_x":440295.652,"municipal_y":4473308.314}},{"type":"Feature","id":"MAD-1643740","geometry":{"type":"Point","coordinates":[-3.7102098,40.4067368]},"properties":{"source":"madrid","assetnum":"1643740","district":"CENTRO","barrio":"EMBAJADORES","species_code":"ANE","species":"ACER NEGUNDO","perimeter_cm":102.0,"height":9.0,"municipal_x":439737.678,"municipal_y":4473144.727}},{"type":"Feature","id":"MAD-10126832","geometry":{"type":"Point","coordinates":[-3.703875,40.4068022]},"properties":{"source":"madrid","assetnum":"10126832","district":"CENTRO","barrio":"EMBAJADORES","species_code":"PAR","species":"PYRUS CALLERYANA 'CHANTICLEER'","perimeter_cm":16.0,"height":3.0,"municipal_x":440275.257,"municipal_y":4473147.678}},{"type":"Feature","id":"MAD-1657130","geometry":{"type":"Point","coordinates":[-3.6928779,40.4090738]},"properties":{"source":"madrid","assetnum":"1657130","district":"CENTRO","barrio":"EMBAJADORES","species_code":"LJV","species":"LIGUSTRUM JAPONICUM 'VARIEGATUM'","perimeter_cm":33.0,"height":7.0,"municipal_x":441210.362,"municipal_y":4473392.454}},{"type":"Feature","id":"MAD-2063969","geometry":{"type":"Point","coordinates":[-3.6999515,40.4089044]},"properties":{"source":"madrid","assetnum":"2063969","district":"CENTRO","barrio":"EMBAJADORES","species_code":"HSY","species":"HIBISCUS SYRIACUS","perimeter_cm":20.0,"height":5.5,"municipal_x":440610.018,"municipal_y":4473378.386}},{"type":"Feature","id":"MAD-2063974","geometry":{"type":"Point","coordinates":[-3.6936026,40.4089633]},"properties":{"source":"madrid","assetnum":"2063974","district":"CENTRO","barrio":"EMBAJADORES","species_code":"LST","species":"LIQUIDAMBAR STYRACIFLUA","perimeter_cm":21.0,"height":6.0,"municipal_x":441148.771,"municipal_y":4473380.67}},{"type":"Feature","id":"MAD-1683421","geometry":{"type":"Point","coordinates":[-3.7001086,40.4070138]},"properties":{"source":"madrid","assetnum":"1683421","district":"CENTRO","barrio":"EMBAJADORES","species_code":"LJA","species":"LIGUSTRUM JAPONICUM","perimeter_cm":67.0,"height":9.0,"municipal_x":440595.027,"municipal_y":4473168.635}},{"type":"Feature","id":"MAD-1651534","geometry":{"type":"Point","coordinates":[-3.6957442,40.4073136]},"properties":{"source":"madrid","assetnum":"1651534","district":"CENTRO","barrio":"EMBAJADORES","species_code":"SJA","species":"STYPHNOLOBIUM JAPONICUM","perimeter_cm":39.0,"height":10.0,"municipal_x":440965.621,"municipal_y":4473198.986}},{"type":"Feature","id":"MAD-1629773","geometry":{"type":"Point","coordinates":[-3.706122,40.4062586]},"properties":{"source":"madrid","assetnum":"1629773","district":"CENTRO","barrio":"EMBAJADORES","species_code":"BRP","species":"BROUSSONETIA PAPYRIFERA","perimeter_cm":59.0,"height":9.0,"municipal_x":440084.109,"municipal_y":4473088.861}},{"type":"Feature","id":"MAD-9875954","geometry":{"type":"Point","coordinates":[-3.7074532,40.4106756]},"properties":{"source":"madrid","assetnum":"9875954","district":"CENTRO","barrio":"EMBAJADORES","species_code":"LJA","species":"LIGUSTRUM JAPONICUM","perimeter_cm":14.0,"height":4.0,"municipal_x":439975.08,"municipal_y":4473580.052}},{"type":"Feature","id":"MAD-1684547","geometry":{"type":"Point","coordinates":[-3.6963681,40.4079607]},"properties":{"source":"madrid","assetnum":"1684547","district":"CENTRO","barrio":"EMBAJADORES","species_code":"LJV","species":"LIGUSTRUM JAPONICUM 'VARIEGATUM'","perimeter_cm":32.0,"height":7.0,"municipal_x":440913.245,"municipal_y":4473271.228}},{"type":"Feature","id":"MAD-6747394","geometry":{"type":"Point","coordinates":[-3.7044673,40.4066846]},"properties":{"source":"madrid","assetnum":"6747394","district":"CENTRO","barrio":"EMBAJADORES","species_code":"MEA","species":"MELIA AZEDARACH","perimeter_cm":21.0,"height":4.5,"municipal_x":440224.895,"municipal_y":4473135.026}},{"type":"Feature","id":"MAD-1673250","geometry":{"type":"Point","coordinates":[-3.7044547,40.4081861]},"properties":{"source":"madrid","assetnum":"1673250","district":"CENTRO","barrio":"EMBAJADORES","species_code":"SJA","species":"STYPHNOLOBIUM JAPONICUM","perimeter_cm":59.0,"height":12.0,"municipal_x":440227.293,"municipal_y":4473301.689}},{"type":"Feature","id":"MAD-1657291","geometry":{"type":"Point","coordinates":[-3.7010541,40.409103]},"properties":{"source":"madrid","assetnum":"1657291","district":"CENTRO","barrio":"EMBAJADORES","species_code":"LJA","species":"LIGUSTRUM JAPONICUM","perimeter_cm":47.0,"height":6.5,"municipal_x":440516.645,"municipal_y":4473401.169}},{"type":"Feature","id":"MAD-2068261","geometry":{"type":"Point","coordinates":[-3.6966655,40.4098533]},"properties":{"source":"madrid","assetnum":"2068261","district":"CENTRO","barrio":"EMBAJADORES","species_code":"AJU","species":"ALBIZIA JULIBRISSIN","perimeter_cm":14.0,"height":3.5,"municipal_x":440889.665,"municipal_y":4473481.509}},{"type":"Feature","id":"MAD-1656295","geometry":{"type":"Point","coordinates":[-3.7024241,40.4137377]},"properties":{"source":"madrid","assetnum":"1656295","district":"CENTRO","barrio":"EMBAJADORES","species_code":"AHI","species":"AESCULUS HIPPOCASTANUM","perimeter_cm":46.0,"height":8.0,"municipal_x":440404.49,"municipal_y":4473916.544}},{"type":"Feature","id":"MAD-1676717","geometry":{"type":"Point","coordinates":[-3.7071082,40.4063907]},"properties":{"source":"madrid","assetnum":"1676717","district":"CENTRO","barrio":"EMBAJADORES","species_code":"PDA","species":"PLATANUS X HISPANICA","perimeter_cm":59.0,"height":10.0,"municipal_x":440000.544,"municipal_y":4473104.197}},{"type":"Feature","id":"MAD-1668920","geometry":{"type":"Point","coordinates":[-3.7083723,40.4069281]},"properties":{"source":"madrid","assetnum":"1668920","district":"CENTRO","barrio":"EMBAJADORES","species_code":"LJA","species":"LIGUSTRUM JAPONICUM","perimeter_cm":50.0,"height":5.0,"municipal_x":439893.767,"municipal_y":4473164.704}},{"type":"Feature","id":"MAD-1671300","geometry":{"type":"Point","coordinates":[-3.7008957,40.4070633]},"properties":{"source":"madrid","assetnum":"1671300","district":"CENTRO","barrio":"EMBAJADORES","species_code":"LJA","species":"LIGUSTRUM JAPONICUM","perimeter_cm":49.0,"height":9.0,"municipal_x":440528.29,"municipal_y":4473174.653}},{"type":"Feature","id":"MAD-1645700","geometry":{"type":"Point","coordinates":[-3.703859,40.4095237]},"properties":{"source":"madrid","assetnum":"1645700","district":"CENTRO","barrio":"EMBAJADORES","species_code":"PCY","species":"PYRUS CALLERYANA","perimeter_cm":42.0,"height":5.0,"municipal_x":440279.024,"municipal_y":4473449.751}},{"type":"Feature","id":"MAD-1672013","geometry":{"type":"Point","coordinates":[-3.7014361,40.4104356]},"properties":{"source":"madrid","assetnum":"1672013","district":"CENTRO","barrio":"EMBAJADORES","species_code":"LJA","species":"LIGUSTRUM JAPONICUM","perimeter_cm":55.0,"height":12.0,"municipal_x":440485.407,"municipal_y":4473549.344}},{"type":"Feature","id":"MAD-5174482","geometry":{"type":"Point","coordinates":[-3.7056375,40.4065713]},"properties":{"source":"madrid","assetnum":"5174482","district":"CENTRO","barrio":"EMBAJADORES","species_code":"CAU","species":"CELTIS AUSTRALIS","perimeter_cm":20.0,"height":5.0,"municipal_x":440125.501,"municipal_y":4473123.25}},{"type":"Feature","id":"MAD-1646037","geometry":{"type":"Point","coordinates":[-3.7039068,40.4095991]},"properties":{"source":"madrid","assetnum":"1646037","district":"CENTRO","barrio":"EMBAJADORES","species_code":"PCY","species":"PYRUS CALLERYANA","perimeter_cm":46.0,"height":6.0,"municipal_x":440275.03,"municipal_y":4473458.161}},{"type":"Feature","id":"MAD-5037448","geometry":{"type":"Point","coordinates":[-3.6990379,40.4081088]},"properties":{"source":"madrid","assetnum":"5037448","district":"CENTRO","barrio":"EMBAJADORES","species_code":"SJA","species":"STYPHNOLOBIUM JAPONICUM","perimeter_cm":17.0,"height":5.0,"municipal_x":440686.844,"municipal_y":4473289.46}},{"type":"Feature","id":"MAD-1683003","geometry":{"type":"Point","coordinates":[-3.7014941,40.4089886]},"properties":{"source":"madrid","assetnum":"1683003","district":"CENTRO","barrio":"EMBAJADORES","species_code":"LJA","species":"LIGUSTRUM JAPONICUM","perimeter_cm":48.0,"height":7.0,"municipal_x":440479.211,"municipal_y":4473388.763}},{"type":"Feature","id":"MAD-1653825","geometry":{"type":"Point","coordinates":[-3.6928736,40.4084034]},"properties":{"source":"madrid","assetnum":"1653825","district":"CENTRO","barrio":"EMBAJADORES","species_code":"PDA","species":"PLATANUS X HISPANICA","perimeter_cm":67.0,"height":9.0,"municipal_x":441210.14,"municipal_y":4473318.033}},{"type":"Feature","id":"MAD-1676715","geometry":{"type":"Point","coordinates":[-3.7104861,40.4085984]},"properties":{"source":"madrid","assetnum":"1676715","district":"CENTRO","barrio":"EMBAJADORES","species_code":"LJA","species":"LIGUSTRUM JAPONICUM","perimeter_cm":36.0,"height":7.5,"municipal_x":439715.896,"municipal_y":4473351.552}},{"type":"Feature","id":"MAD-1656745","geometry":{"type":"Point","coordinates":[-3.6996356,40.4062371]},"properties":{"source":"madrid","assetnum":"1656745","district":"CENTRO","barrio":"EMBAJADORES","species_code":"LJA","species":"LIGUSTRUM JAPONICUM","perimeter_cm":37.0,"height":8.0,"municipal_x":440634.484,"municipal_y":4473082.105}},{"type":"Feature","id":"MAD-1629796","geometry":{"type":"Point","coordinates":[-3.7051162,40.4056367]},"properties":{"source":"madrid","assetnum":"1629796","district":"CENTRO","barrio":"EMBAJADORES","species_code":"SJA","species":"STYPHNOLOBIUM JAPONICUM","perimeter_cm":74.0,"height":8.0,"municipal_x":440168.905,"municipal_y":4473019.153}},{"type":"Feature","id":"MAD-1670242","geometry":{"type":"Point","coordinates":[-3.6981654,40.4079021]},"properties":{"source":"madrid","assetnum":"1670242","district":"CENTRO","barrio":"EMBAJADORES","species_code":"HSY","species":"HIBISCUS SYRIACUS","perimeter_cm":18.0,"height":6.0,"municipal_x":440760.693,"municipal_y":4473265.929}},{"type":"Feature","id":"MAD-9101085","geometry":{"type":"Point","coordinates":[-3.6978596,40.4107752]},"properties":{"source":"madrid","assetnum":"9101085","district":"CENTRO","barrio":"EMBAJADORES","species_code":"PCP","species":"PRUNUS CERASIFERA  SUBSP. PISSARDII","perimeter_cm":18.0,"height":5.0,"municipal_x":440789.159,"municipal_y":4473584.632}},{"type":"Feature","id":"MAD-2055559","geometry":{"type":"Point","coordinates":[-3.6926285,40.4081728]},"properties":{"source":"madrid","assetnum":"2055559","district":"CENTRO","barrio":"EMBAJADORES","species_code":"LST","species":"LIQUIDAMBAR STYRACIFLUA","perimeter_cm":63.0,"height":6.0,"municipal_x":441230.741,"municipal_y":4473292.283}},{"type":"Feature","id":"MAD-1669619","geometry":{"type":"Point","coordinates":[-3.7072851,40.4064194]},"properties":{"source":"madrid","assetnum":"1669619","district":"CENTRO","barrio":"EMBAJADORES","species_code":"PDA","species":"PLATANUS X HISPANICA","perimeter_cm":45.0,"height":9.0,"municipal_x":439985.559,"municipal_y":4473107.504}},{"type":"Feature","id":"MAD-1651813","geometry":{"type":"Point","coordinates":[-3.7008137,40.4107148]},"properties":{"source":"madrid","assetnum":"1651813","district":"CENTRO","barrio":"EMBAJADORES","species_code":"RPS","species":"ROBINIA PSEUDOACACIA","perimeter_cm":62.0,"height":11.0,"municipal_x":440538.456,"municipal_y":4473579.914}},{"type":"Feature","id":"MAD-1674574","geometry":{"type":"Point","coordinates":[-3.7072383,40.4060625]},"properties":{"source":"madrid","assetnum":"1674574","district":"CENTRO","barrio":"EMBAJADORES","species_code":"PDA","species":"PLATANUS X HISPANICA","perimeter_cm":97.0,"height":14.0,"municipal_x":439989.218,"municipal_y":4473067.852}},{"type":"Feature","id":"MAD-5037762","geometry":{"type":"Point","coordinates":[-3.7011668,40.4086241]},"properties":{"source":"madrid","assetnum":"5037762","district":"CENTRO","barrio":"EMBAJADORES","species_code":"LJA","species":"LIGUSTRUM JAPONICUM","perimeter_cm":92.0,"height":10.0,"municipal_x":440506.661,"municipal_y":4473348.082}},{"type":"Feature","id":"MAD-1643676","geometry":{"type":"Point","coordinates":[-3.7103704,40.407334]},"properties":{"source":"madrid","assetnum":"1643676","district":"CENTRO","barrio":"EMBAJADORES","species_code":"ANE","species":"ACER NEGUNDO","perimeter_cm":78.0,"height":8.0,"municipal_x":439724.583,"municipal_y":4473211.12}},{"type":"Feature","id":"MAD-9119990","geometry":{"type":"Point","coordinates":[-3.6997493,40.4066481]},"properties":{"source":"madrid","assetnum":"9119990","district":"CENTRO","barrio":"EMBAJADORES","species_code":"LJA","species":"LIGUSTRUM JAPONICUM","perimeter_cm":16.0,"height":3.8,"municipal_x":440625.192,"municipal_y":4473127.8}},{"type":"Feature","id":"MAD-1670231","geometry":{"type":"Point","coordinates":[-3.7080421,40.4061879]},"properties":{"source":"madrid","assetnum":"1670231","district":"CENTRO","barrio":"EMBAJADORES","species_code":"LJV","species":"LIGUSTRUM JAPONICUM 'VARIEGATUM'","perimeter_cm":35.0,"height":4.5,"municipal_x":439921.123,"municipal_y":4473082.318}},{"type":"Feature","id":"MAD-9389270","geometry":{"type":"Point","coordinates":[-3.7075345,40.4097566]},"properties":{"source":"madrid","assetnum":"9389270","district":"CENTRO","barrio":"EMBAJADORES","species_code":"AMO","species":"ACER MONSPESSULANUM","perimeter_cm":14.0,"height":3.0,"municipal_x":439967.366,"municipal_y":4473478.099}},{"type":"Feature","id":"MAD-10150186","geometry":{"type":"Point","coordinates":[-3.7103588,40.4071515]},"properties":{"source":"madrid","assetnum":"10150186","district":"CENTRO","barrio":"EMBAJADORES","species_code":"ACA","species":"ACER CAMPESTRE","perimeter_cm":14.0,"height":2.5,"municipal_x":439725.405,"municipal_y":4473190.853}},{"type":"Feature","id":"MAD-1656748","geometry":{"type":"Point","coordinates":[-3.6991538,40.4082383]},"properties":{"source":"madrid","assetnum":"1656748","district":"CENTRO","barrio":"EMBAJADORES","species_code":"SJA","species":"STYPHNOLOBIUM JAPONICUM","perimeter_cm":50.0,"height":7.5,"municipal_x":440677.124,"municipal_y":4473303.911}},{"type":"Feature","id":"MAD-1683766","geometry":{"type":"Point","coordinates":[-3.7008913,40.4073001]},"properties":{"source":"madrid","assetnum":"1683766","district":"CENTRO","barrio":"EMBAJADORES","species_code":"PCP","species":"PRUNUS CERASIFERA  SUBSP. PISSARDII","perimeter_cm":33.0,"height":7.0,"municipal_x":440528.868,"municipal_y":4473200.936}},{"type":"Feature","id":"MAD-10126811","geometry":{"type":"Point","coordinates":[-3.7039116,40.406777]},"properties":{"source":"madrid","assetnum":"10126811","district":"CENTRO","barrio":"EMBAJADORES","species_code":"PAR","species":"PYRUS CALLERYANA 'CHANTICLEER'","perimeter_cm":16.0,"height":3.0,"municipal_x":440272.13,"municipal_y":4473144.908}},{"type":"Feature","id":"MAD-7942775","geometry":{"type":"Point","coordinates":[-3.7037317,40.4081698]},"properties":{"source":"madrid","assetnum":"7942775","district":"CENTRO","barrio":"EMBAJADORES","species_code":"QIL","species":"QUERCUS ILEX","perimeter_cm":100.0,"height":4.5,"municipal_x":440288.627,"municipal_y":4473299.384}},{"type":"Feature","id":"MAD-5037296","geometry":{"type":"Point","coordinates":[-3.7066217,40.4138186]},"properties":{"source":"madrid","assetnum":"5037296","district":"CENTRO","barrio":"EMBAJADORES","species_code":"HSY","species":"HIBISCUS SYRIACUS","perimeter_cm":15.0,"height":4.0,"municipal_x":440048.424,"municipal_y":4473928.362}},{"type":"Feature","id":"MAD-9772957","geometry":{"type":"Point","coordinates":[-3.7010134,40.4070356]},"properties":{"source":"madrid","assetnum":"9772957","district":"CENTRO","barrio":"EMBAJADORES","species_code":"ACA","species":"ACER CAMPESTRE","perimeter_cm":16.0,"height":4.1,"municipal_x":440518.273,"municipal_y":4473171.662}},{"type":"Feature","id":"MAD-9389888","geometry":{"type":"Point","coordinates":[-3.7084481,40.4093085]},"properties":{"source":"madrid","assetnum":"9389888","district":"CENTRO","barrio":"EMBAJADORES","species_code":"AHI","species":"AESCULUS HIPPOCASTANUM","perimeter_cm":14.0,"height":3.0,"municipal_x":439889.446,"municipal_y":4473428.977}},{"type":"Feature","id":"MAD-10202438","geometry":{"type":"Point","coordinates":[-3.7044329,40.4125309]},"properties":{"source":"madrid","assetnum":"10202438","district":"CENTRO","barrio":"EMBAJADORES","species_code":"SJA","species":"STYPHNOLOBIUM JAPONICUM","perimeter_cm":25.0,"height":5.0,"municipal_x":440232.986,"municipal_y":4473783.944}},{"type":"Feature","id":"MAD-9934754","geometry":{"type":"Point","coordinates":[-3.700037,40.4089547]},"properties":{"source":"madrid","assetnum":"9934754","district":"CENTRO","barrio":"EMBAJADORES","species_code":"LJV","species":"LIGUSTRUM JAPONICUM 'VARIEGATUM'","perimeter_cm":16.0,"height":3.8,"municipal_x":440602.811,"municipal_y":4473384.025}},{"type":"Feature","id":"MAD-1660269","geometry":{"type":"Point","coordinates":[-3.7025932,40.4104207]},"properties":{"source":"madrid","assetnum":"1660269","district":"CENTRO","barrio":"EMBAJADORES","species_code":"RPS","species":"ROBINIA PSEUDOACACIA","perimeter_cm":58.0,"height":8.5,"municipal_x":440387.215,"municipal_y":4473548.473}},{"type":"Feature","id":"MAD-1647661","geometry":{"type":"Point","coordinates":[-3.6981626,40.4072946]},"properties":{"source":"madrid","assetnum":"1647661","district":"CENTRO","barrio":"EMBAJADORES","species_code":"LJV","species":"LIGUSTRUM JAPONICUM 'VARIEGATUM'","perimeter_cm":26.0,"height":5.0,"municipal_x":440760.394,"municipal_y":4473198.492}},{"type":"Feature","id":"MAD-1660980","geometry":{"type":"Point","coordinates":[-3.7083949,40.4085547]},"properties":{"source":"madrid","assetnum":"1660980","district":"CENTRO","barrio":"EMBAJADORES","species_code":"UPU","species":"ULMUS PUMILA","perimeter_cm":101.0,"height":13.0,"municipal_x":439893.296,"municipal_y":4473345.277}},{"type":"Feature","id":"MAD-7501921","geometry":{"type":"Point","coordinates":[-3.7038086,40.4095881]},"properties":{"source":"madrid","assetnum":"7501921","district":"CENTRO","barrio":"EMBAJADORES","species_code":"PCY","species":"PYRUS CALLERYANA","perimeter_cm":40.0,"height":5.0,"municipal_x":440283.357,"municipal_y":4473456.872}},{"type":"Feature","id":"MAD-1658580","geometry":{"type":"Point","coordinates":[-3.6956515,40.407144]},"properties":{"source":"madrid","assetnum":"1658580","district":"CENTRO","barrio":"EMBAJADORES","species_code":"SJA","species":"STYPHNOLOBIUM JAPONICUM","perimeter_cm":28.0,"height":7.0,"municipal_x":440973.335,"municipal_y":4473180.094}},{"type":"Feature","id":"MAD-5037891","geometry":{"type":"Point","coordinates":[-3.7034749,40.4097078]},"properties":{"source":"madrid","assetnum":"5037891","district":"CENTRO","barrio":"EMBAJADORES","species_code":"KPA","species":"KOELREUTERIA PANICULATA","perimeter_cm":38.0,"height":5.0,"municipal_x":440311.775,"municipal_y":4473469.932}},{"type":"Feature","id":"MAD-1642278","geometry":{"type":"Point","coordinates":[-3.7036194,40.4096101]},"properties":{"source":"madrid","assetnum":"1642278","district":"CENTRO","barrio":"EMBAJADORES","species_code":"PCY","species":"PYRUS CALLERYANA","perimeter_cm":35.0,"height":6.0,"municipal_x":440299.426,"municipal_y":4473459.181}},{"type":"Feature","id":"MAD-1683519","geometry":{"type":"Point","coordinates":[-3.703243,40.409758]},"properties":{"source":"madrid","assetnum":"1683519","district":"CENTRO","barrio":"EMBAJADORES","species_code":"LJA","species":"LIGUSTRUM JAPONICUM","perimeter_cm":57.0,"height":10.0,"municipal_x":440331.491,"municipal_y":4473475.347}},{"type":"Feature","id":"MAD-1664231","geometry":{"type":"Point","coordinates":[-3.7046187,40.4106176]},"properties":{"source":"madrid","assetnum":"1664231","district":"CENTRO","barrio":"EMBAJADORES","species_code":"LJA","species":"LIGUSTRUM JAPONICUM","perimeter_cm":41.0,"height":8.0,"municipal_x":440215.529,"municipal_y":4473571.695}},{"type":"Feature","id":"MAD-1645810","geometry":{"type":"Point","coordinates":[-3.7106622,40.4069529]},"properties":{"source":"madrid","assetnum":"1645810","district":"CENTRO","barrio":"EMBAJADORES","species_code":"CAU","species":"CELTIS AUSTRALIS","perimeter_cm":38.0,"height":7.0,"municipal_x":439699.481,"municipal_y":4473169.014}},{"type":"Feature","id":"MAD-10202622","geometry":{"type":"Point","coordinates":[-3.7089068,40.4083492]},"properties":{"source":"madrid","assetnum":"10202622","district":"CENTRO","barrio":"EMBAJADORES","species_code":"AMO","species":"ACER MONSPESSULANUM","perimeter_cm":18.0,"height":4.0,"municipal_x":439849.679,"municipal_y":4473322.809}},{"type":"Feature","id":"MAD-1663330","geometry":{"type":"Point","coordinates":[-3.7046813,40.4107129]},"properties":{"source":"madrid","assetnum":"1663330","district":"CENTRO","barrio":"EMBAJADORES","species_code":"LJA","species":"LIGUSTRUM JAPONICUM","perimeter_cm":27.0,"height":6.5,"municipal_x":440210.305,"municipal_y":4473582.307}},{"type":"Feature","id":"MAD-1671795","geometry":{"type":"Point","coordinates":[-3.7021727,40.4095348]},"properties":{"source":"madrid","assetnum":"1671795","district":"CENTRO","barrio":"EMBAJADORES","species_code":"UPU","species":"ULMUS PUMILA","perimeter_cm":115.0,"height":15.0,"municipal_x":440422.106,"municipal_y":4473449.845}},{"type":"Feature","id":"MAD-7126829","geometry":{"type":"Point","coordinates":[-3.7062775,40.4117375]},"properties":{"source":"madrid","assetnum":"7126829","district":"CENTRO","barrio":"EMBAJADORES","species_code":"MEA","species":"MELIA AZEDARACH","perimeter_cm":36.0,"height":6.0,"municipal_x":440075.777,"municipal_y":4473697.129}},{"type":"Feature","id":"MAD-1675706","geometry":{"type":"Point","coordinates":[-3.6989995,40.4115038]},"properties":{"source":"madrid","assetnum":"1675706","district":"CENTRO","barrio":"EMBAJADORES","species_code":"PCY","species":"PYRUS CALLERYANA","perimeter_cm":26.0,"height":6.0,"municipal_x":440693.079,"municipal_y":4473666.279}},{"type":"Feature","id":"MAD-1627566","geometry":{"type":"Point","coordinates":[-3.7055817,40.4062119]},"properties":{"source":"madrid","assetnum":"1627566","district":"CENTRO","barrio":"EMBAJADORES","species_code":"SJA","species":"STYPHNOLOBIUM JAPONICUM","perimeter_cm":295.0,"height":18.0,"municipal_x":440129.919,"municipal_y":4473083.31}},{"type":"Feature","id":"MAD-1657156","geometry":{"type":"Point","coordinates":[-3.6936953,40.409006]},"properties":{"source":"madrid","assetnum":"1657156","district":"CENTRO","barrio":"EMBAJADORES","species_code":"LST","species":"LIQUIDAMBAR STYRACIFLUA","perimeter_cm":61.0,"height":12.0,"municipal_x":441140.945,"municipal_y":4473385.471}},{"type":"Feature","id":"MAD-1683759","geometry":{"type":"Point","coordinates":[-3.7009108,40.408721]},"properties":{"source":"madrid","assetnum":"1683759","district":"CENTRO","barrio":"EMBAJADORES","species_code":"LJA","species":"LIGUSTRUM JAPONICUM","perimeter_cm":65.0,"height":8.0,"municipal_x":440528.467,"municipal_y":4473358.669}},{"type":"Feature","id":"MAD-1656223","geometry":{"type":"Point","coordinates":[-3.7003704,40.4129379]},"properties":{"source":"madrid","assetnum":"1656223","district":"CENTRO","barrio":"EMBAJADORES","species_code":"AXA","species":"AESCULUS X CARNEA","perimeter_cm":37.0,"height":7.0,"municipal_x":440578.03,"municipal_y":4473826.38}},{"type":"Feature","id":"MAD-10132787","geometry":{"type":"Point","coordinates":[-3.7081706,40.4067045]},"properties":{"source":"madrid","assetnum":"10132787","district":"CENTRO","barrio":"EMBAJADORES","species_code":"APL","species":"ACER PLATANOIDES","perimeter_cm":24.0,"height":3.7,"municipal_x":439910.679,"municipal_y":4473139.754}},{"type":"Feature","id":"MAD-9101055","geometry":{"type":"Point","coordinates":[-3.6968179,40.4106994]},"properties":{"source":"madrid","assetnum":"9101055","district":"CENTRO","barrio":"EMBAJADORES","species_code":"PCP","species":"PRUNUS CERASIFERA  SUBSP. PISSARDII","perimeter_cm":18.0,"height":5.0,"municipal_x":440877.473,"municipal_y":4473575.525}},{"type":"Feature","id":"MAD-9285528","geometry":{"type":"Point","coordinates":[-3.7025723,40.4078474]},"properties":{"source":"madrid","assetnum":"9285528","district":"CENTRO","barrio":"EMBAJADORES","species_code":"PCP","species":"PRUNUS CERASIFERA  SUBSP. PISSARDII","perimeter_cm":16.0,"height":3.5,"municipal_x":440386.712,"municipal_y":4473262.816}},{"type":"Feature","id":"MAD-1659777","geometry":{"type":"Point","coordinates":[-3.7084221,40.4083513]},"properties":{"source":"madrid","assetnum":"1659777","district":"CENTRO","barrio":"EMBAJADORES","species_code":"UPU","species":"ULMUS PUMILA","perimeter_cm":224.0,"height":19.0,"municipal_x":439890.8,"municipal_y":4473322.719}},{"type":"Feature","id":"MAD-10202488","geometry":{"type":"Point","coordinates":[-3.7047874,40.4133074]},"properties":{"source":"madrid","assetnum":"10202488","district":"CENTRO","barrio":"EMBAJADORES","species_code":"CAU","species":"CELTIS AUSTRALIS","perimeter_cm":25.0,"height":5.0,"municipal_x":440203.594,"municipal_y":4473870.369}},{"type":"Feature","id":"MAD-1671932","geometry":{"type":"Point","coordinates":[-3.6989478,40.408204]},"properties":{"source":"madrid","assetnum":"1671932","district":"CENTRO","barrio":"EMBAJADORES","species_code":"SJA","species":"STYPHNOLOBIUM JAPONICUM","perimeter_cm":32.0,"height":7.0,"municipal_x":440694.573,"municipal_y":4473299.96}},{"type":"Feature","id":"MAD-9329758","geometry":{"type":"Point","coordinates":[-3.7016012,40.4132397]},"properties":{"source":"madrid","assetnum":"9329758","district":"CENTRO","barrio":"EMBAJADORES","species_code":"LJA","species":"LIGUSTRUM JAPONICUM","perimeter_cm":16.0,"height":3.5,"municipal_x":440473.865,"municipal_y":4473860.703}},{"type":"Feature","id":"MAD-1635738","geometry":{"type":"Point","coordinates":[-3.7052456,40.4056897]},"properties":{"source":"madrid","assetnum":"1635738","district":"CENTRO","barrio":"EMBAJADORES","species_code":"SJA","species":"STYPHNOLOBIUM JAPONICUM","perimeter_cm":68.0,"height":7.0,"municipal_x":440157.969,"municipal_y":4473025.117}},{"type":"Feature","id":"MAD-1675707","geometry":{"type":"Point","coordinates":[-3.6987917,40.4113009]},"properties":{"source":"madrid","assetnum":"1675707","district":"CENTRO","barrio":"EMBAJADORES","species_code":"AJU","species":"ALBIZIA JULIBRISSIN","perimeter_cm":21.0,"height":5.0,"municipal_x":440710.531,"municipal_y":4473643.614}},{"type":"Feature","id":"MAD-1651657","geometry":{"type":"Point","coordinates":[-3.6962541,40.4096981]},"properties":{"source":"madrid","assetnum":"1651657","district":"CENTRO","barrio":"EMBAJADORES","species_code":"PDA","species":"PLATANUS X HISPANICA","perimeter_cm":149.0,"height":18.0,"municipal_x":440924.434,"municipal_y":4473464.008}},{"type":"Feature","id":"MAD-6747388","geometry":{"type":"Point","coordinates":[-3.7045239,40.4066623]},"properties":{"source":"madrid","assetnum":"6747388","district":"CENTRO","barrio":"EMBAJADORES","species_code":"KPA","species":"KOELREUTERIA PANICULATA","perimeter_cm":25.0,"height":4.5,"municipal_x":440220.075,"municipal_y":4473132.597}},{"type":"Feature","id":"MAD-1652536","geometry":{"type":"Point","coordinates":[-3.6985335,40.4062371]},"properties":{"source":"madrid","assetnum":"1652536","district":"CENTRO","barrio":"EMBAJADORES","species_code":"LJV","species":"LIGUSTRUM JAPONICUM 'VARIEGATUM'","perimeter_cm":18.0,"height":2.5,"municipal_x":440727.996,"municipal_y":4473081.362}},{"type":"Feature","id":"MAD-1679520","geometry":{"type":"Point","coordinates":[-3.6975853,40.4078742]},"properties":{"source":"madrid","assetnum":"1679520","district":"CENTRO","barrio":"EMBAJADORES","species_code":"SJA","species":"STYPHNOLOBIUM JAPONICUM","perimeter_cm":21.0,"height":5.0,"municipal_x":440809.893,"municipal_y":4473262.439}},{"type":"Feature","id":"MAD-7501920","geometry":{"type":"Point","coordinates":[-3.7038524,40.4096643]},"properties":{"source":"madrid","assetnum":"7501920","district":"CENTRO","barrio":"EMBAJADORES","species_code":"PCY","species":"PYRUS CALLERYANA","perimeter_cm":38.0,"height":5.0,"municipal_x":440279.706,"municipal_y":4473465.356}},{"type":"Feature","id":"MAD-1653405","geometry":{"type":"Point","coordinates":[-3.7008463,40.4123895]},"properties":{"source":"madrid","assetnum":"1653405","district":"CENTRO","barrio":"EMBAJADORES","species_code":"LJA","species":"LIGUSTRUM JAPONICUM","perimeter_cm":41.0,"height":6.5,"municipal_x":440537.169,"municipal_y":4473765.825}},{"type":"Feature","id":"MAD-5183118","geometry":{"type":"Point","coordinates":[-3.7072489,40.4101918]},"properties":{"source":"madrid","assetnum":"5183118","district":"CENTRO","barrio":"EMBAJADORES","species_code":"LJA","species":"LIGUSTRUM JAPONICUM","perimeter_cm":18.0,"height":3.7,"municipal_x":439991.982,"municipal_y":4473526.209}},{"type":"Feature","id":"MAD-2060909","geometry":{"type":"Point","coordinates":[-3.6929498,40.4077667]},"properties":{"source":"madrid","assetnum":"2060909","district":"CENTRO","barrio":"EMBAJADORES","species_code":"LST","species":"LIQUIDAMBAR STYRACIFLUA","perimeter_cm":35.0,"height":5.0,"municipal_x":441203.12,"municipal_y":4473247.413}},{"type":"Feature","id":"MAD-10202477","geometry":{"type":"Point","coordinates":[-3.7043333,40.4122183]},"properties":{"source":"madrid","assetnum":"10202477","district":"CENTRO","barrio":"EMBAJADORES","species_code":"CAU","species":"CELTIS AUSTRALIS","perimeter_cm":27.0,"height":5.0,"municipal_x":440241.162,"municipal_y":4473749.18}},{"type":"Feature","id":"MAD-9946966","geometry":{"type":"Point","coordinates":[-3.7038499,40.4067307]},"properties":{"source":"madrid","assetnum":"9946966","district":"CENTRO","barrio":"EMBAJADORES","species_code":"CSI","species":"CERCIS SILIQUASTRUM","perimeter_cm":16.0,"height":0.6,"municipal_x":440277.32,"municipal_y":4473139.725}},{"type":"Feature","id":"MAD-10126829","geometry":{"type":"Point","coordinates":[-3.7038285,40.4096262]},"properties":{"source":"madrid","assetnum":"10126829","district":"CENTRO","barrio":"EMBAJADORES","species_code":"PAR","species":"PYRUS CALLERYANA 'CHANTICLEER'","perimeter_cm":16.0,"height":3.0,"municipal_x":440281.698,"municipal_y":4473461.114}},{"type":"Feature","id":"MAD-1644394","geometry":{"type":"Point","coordinates":[-3.7043794,40.4066207]},"properties":{"source":"madrid","assetnum":"1644394","district":"CENTRO","barrio":"EMBAJADORES","species_code":"KPA","species":"KOELREUTERIA PANICULATA","perimeter_cm":44.0,"height":7.0,"municipal_x":440232.297,"municipal_y":4473127.877}},{"type":"Feature","id":"MAD-1675764","geometry":{"type":"Point","coordinates":[-3.6982207,40.4108418]},"properties":{"source":"madrid","assetnum":"1675764","district":"CENTRO","barrio":"EMBAJADORES","species_code":"AJU","species":"ALBIZIA JULIBRISSIN","perimeter_cm":16.0,"height":4.0,"municipal_x":440758.576,"municipal_y":4473592.271}},{"type":"Feature","id":"MAD-1642741","geometry":{"type":"Point","coordinates":[-3.7086263,40.4064839]},"properties":{"source":"madrid","assetnum":"1642741","district":"CENTRO","barrio":"EMBAJADORES","species_code":"LIN","species":"LAGERSTROEMIA INDICA","perimeter_cm":27.0,"height":5.0,"municipal_x":439871.818,"municipal_y":4473115.573}},{"type":"Feature","id":"MAD-1671828","geometry":{"type":"Point","coordinates":[-3.7018482,40.413537]},"properties":{"source":"madrid","assetnum":"1671828","district":"CENTRO","barrio":"EMBAJADORES","species_code":"AHI","species":"AESCULUS HIPPOCASTANUM","perimeter_cm":49.0,"height":8.0,"municipal_x":440453.172,"municipal_y":4473893.871}},{"type":"Feature","id":"MAD-1673859","geometry":{"type":"Point","coordinates":[-3.7082577,40.4067753]},"properties":{"source":"madrid","assetnum":"1673859","district":"CENTRO","barrio":"EMBAJADORES","species_code":"APS","species":"ACER PSEUDOPLATANUS","perimeter_cm":29.0,"height":4.5,"municipal_x":439903.353,"municipal_y":4473147.663}},{"type":"Feature","id":"MAD-2063973","geometry":{"type":"Point","coordinates":[-3.7015555,40.4065154]},"properties":{"source":"madrid","assetnum":"2063973","district":"CENTRO","barrio":"EMBAJADORES","species_code":"PCP","species":"PRUNUS CERASIFERA  SUBSP. PISSARDII","perimeter_cm":17.0,"height":4.0,"municipal_x":440471.82,"municipal_y":4473114.287}},{"type":"Feature","id":"MAD-7501897","geometry":{"type":"Point","coordinates":[-3.7034707,40.4098019]},"properties":{"source":"madrid","assetnum":"7501897","district":"CENTRO","barrio":"EMBAJADORES","species_code":"PCY","species":"PYRUS CALLERYANA","perimeter_cm":29.0,"height":5.0,"municipal_x":440312.215,"municipal_y":4473480.375}},{"type":"Feature","id":"MAD-1635730","geometry":{"type":"Point","coordinates":[-3.7058879,40.4060153]},"properties":{"source":"madrid","assetnum":"1635730","district":"CENTRO","barrio":"EMBAJADORES","species_code":"SJA","species":"STYPHNOLOBIUM JAPONICUM","perimeter_cm":83.0,"height":8.0,"municipal_x":440103.757,"municipal_y":4473061.698}},{"type":"Feature","id":"MAD-1643464","geometry":{"type":"Point","coordinates":[-3.7044236,40.4064172]},"properties":{"source":"madrid","assetnum":"1643464","district":"CENTRO","barrio":"EMBAJADORES","species_code":"MEA","species":"MELIA AZEDARACH","perimeter_cm":83.0,"height":8.0,"municipal_x":440228.367,"municipal_y":4473105.32}},{"type":"Feature","id":"MAD-8800579","geometry":{"type":"Point","coordinates":[-3.7035191,40.4066065]},"properties":{"source":"madrid","assetnum":"8800579","district":"CENTRO","barrio":"EMBAJADORES","species_code":"SJA","species":"STYPHNOLOBIUM JAPONICUM","perimeter_cm":18.0,"height":5.0,"municipal_x":440305.284,"municipal_y":4473125.724}},{"type":"Feature","id":"MAD-10202619","geometry":{"type":"Point","coordinates":[-3.7037906,40.4133986]},"properties":{"source":"madrid","assetnum":"10202619","district":"CENTRO","barrio":"EMBAJADORES","species_code":"CSI","species":"CERCIS SILIQUASTRUM","perimeter_cm":25.0,"height":4.0,"municipal_x":440288.248,"municipal_y":4473879.823}},{"type":"Feature","id":"MAD-1653173","geometry":{"type":"Point","coordinates":[-3.6978552,40.4073284]},"properties":{"source":"madrid","assetnum":"1653173","district":"CENTRO","barrio":"EMBAJADORES","species_code":"SJA","species":"STYPHNOLOBIUM JAPONICUM","perimeter_cm":88.0,"height":15.0,"municipal_x":440786.513,"municipal_y":4473202.042}},{"type":"Feature","id":"MAD-8902865","geometry":{"type":"Point","coordinates":[-3.7041243,40.4066905]},"properties":{"source":"madrid","assetnum":"8902865","district":"CENTRO","barrio":"EMBAJADORES","species_code":"KPA","species":"KOELREUTERIA PANICULATA","perimeter_cm":22.0,"height":5.0,"municipal_x":440254.005,"municipal_y":4473135.451}},{"type":"Feature","id":"MAD-7126825","geometry":{"type":"Point","coordinates":[-3.7057324,40.4119397]},"properties":{"source":"madrid","assetnum":"7126825","district":"CENTRO","barrio":"EMBAJADORES","species_code":"MEA","species":"MELIA AZEDARACH","perimeter_cm":36.0,"height":6.0,"municipal_x":440122.208,"municipal_y":4473719.199}},{"type":"Feature","id":"MAD-7129701","geometry":{"type":"Point","coordinates":[-3.7083305,40.4111814]},"properties":{"source":"madrid","assetnum":"7129701","district":"CENTRO","barrio":"EMBAJADORES","species_code":"PDA","species":"PLATANUS X HISPANICA","perimeter_cm":20.0,"height":7.0,"municipal_x":439901.09,"municipal_y":4473636.794}},{"type":"Feature","id":"MAD-10128697","geometry":{"type":"Point","coordinates":[-3.695129,40.4089694]},"properties":{"source":"madrid","assetnum":"10128697","district":"CENTRO","barrio":"EMBAJADORES","species_code":"AJU","species":"ALBIZIA JULIBRISSIN","perimeter_cm":17.0,"height":4.4,"municipal_x":441019.262,"municipal_y":4473382.365}},{"type":"Feature","id":"MAD-1676801","geometry":{"type":"Point","coordinates":[-3.7061527,40.4064027]},"properties":{"source":"madrid","assetnum":"1676801","district":"CENTRO","barrio":"EMBAJADORES","species_code":"CAU","species":"CELTIS AUSTRALIS","perimeter_cm":28.0,"height":7.0,"municipal_x":440081.638,"municipal_y":4473104.877}},{"type":"Feature","id":"MAD-1653171","geometry":{"type":"Point","coordinates":[-3.693258,40.4085587]},"properties":{"source":"madrid","assetnum":"1653171","district":"CENTRO","barrio":"EMBAJADORES","species_code":"LST","species":"LIQUIDAMBAR STYRACIFLUA","perimeter_cm":56.0,"height":14.0,"municipal_x":441177.661,"municipal_y":4473335.535}},{"type":"Feature","id":"MAD-1684550","geometry":{"type":"Point","coordinates":[-3.7003668,40.4111164]},"properties":{"source":"madrid","assetnum":"1684550","district":"CENTRO","barrio":"EMBAJADORES","species_code":"RPS","species":"ROBINIA PSEUDOACACIA","perimeter_cm":43.0,"height":8.0,"municipal_x":440576.727,"municipal_y":4473624.193}},{"type":"Feature","id":"MAD-1650623","geometry":{"type":"Point","coordinates":[-3.7049543,40.4057607]},"properties":{"source":"madrid","assetnum":"1650623","district":"CENTRO","barrio":"EMBAJADORES","species_code":"LJA","species":"LIGUSTRUM JAPONICUM","perimeter_cm":40.0,"height":6.0,"municipal_x":440182.754,"municipal_y":4473032.806}},{"type":"Feature","id":"MAD-10202581","geometry":{"type":"Point","coordinates":[-3.704854,40.4138271]},"properties":{"source":"madrid","assetnum":"10202581","district":"CENTRO","barrio":"EMBAJADORES","species_code":"PAR","species":"PYRUS CALLERYANA 'CHANTICLEER'","perimeter_cm":25.0,"height":5.0,"municipal_x":440198.402,"municipal_y":4473928.102}},{"type":"Feature","id":"MAD-1646785","geometry":{"type":"Point","coordinates":[-3.7066616,40.4104628]},"properties":{"source":"madrid","assetnum":"1646785","district":"CENTRO","barrio":"EMBAJADORES","species_code":"LJA","species":"LIGUSTRUM JAPONICUM","perimeter_cm":67.0,"height":10.0,"municipal_x":440042.06,"municipal_y":4473555.896}},{"type":"Feature","id":"MAD-5037553","geometry":{"type":"Point","coordinates":[-3.7083746,40.4067307]},"properties":{"source":"madrid","assetnum":"5037553","district":"CENTRO","barrio":"EMBAJADORES","species_code":"APL","species":"ACER PLATANOIDES","perimeter_cm":14.0,"height":4.5,"municipal_x":439893.396,"municipal_y":4473142.799}},{"type":"Feature","id":"MAD-1661370","geometry":{"type":"Point","coordinates":[-3.7082885,40.4068849]},"properties":{"source":"madrid","assetnum":"1661370","district":"CENTRO","barrio":"EMBAJADORES","species_code":"LJA","species":"LIGUSTRUM JAPONICUM","perimeter_cm":30.0,"height":4.0,"municipal_x":439900.835,"municipal_y":4473159.853}},{"type":"Feature","id":"MAD-9389887","geometry":{"type":"Point","coordinates":[-3.7084604,40.4093335]},"properties":{"source":"madrid","assetnum":"9389887","district":"CENTRO","barrio":"EMBAJADORES","species_code":"AHI","species":"AESCULUS HIPPOCASTANUM","perimeter_cm":14.0,"height":3.0,"municipal_x":439888.43,"municipal_y":4473431.76}},{"type":"Feature","id":"MAD-9132655","geometry":{"type":"Point","coordinates":[-3.6975105,40.4075127]},"properties":{"source":"madrid","assetnum":"9132655","district":"CENTRO","barrio":"EMBAJADORES","species_code":"LJV","species":"LIGUSTRUM JAPONICUM 'VARIEGATUM'","perimeter_cm":17.0,"height":4.0,"municipal_x":440815.919,"municipal_y":4473222.264}},{"type":"Feature","id":"MAD-5037686","geometry":{"type":"Point","coordinates":[-3.7046779,40.4083727]},"properties":{"source":"madrid","assetnum":"5037686","district":"CENTRO","barrio":"EMBAJADORES","species_code":"SJA","species":"STYPHNOLOBIUM JAPONICUM","perimeter_cm":78.0,"height":13.0,"municipal_x":440208.521,"municipal_y":4473322.553}},{"type":"Feature","id":"MAD-2066307","geometry":{"type":"Point","coordinates":[-3.7076633,40.4113928]},"properties":{"source":"madrid","assetnum":"2066307","district":"CENTRO","barrio":"EMBAJADORES","species_code":"CAU","species":"CELTIS AUSTRALIS","perimeter_cm":18.0,"height":7.0,"municipal_x":439957.889,"municipal_y":4473659.799}},{"type":"Feature","id":"MAD-1661248","geometry":{"type":"Point","coordinates":[-3.7086117,40.4068188]},"properties":{"source":"madrid","assetnum":"1661248","district":"CENTRO","barrio":"EMBAJADORES","species_code":"LJA","species":"LIGUSTRUM JAPONICUM","perimeter_cm":42.0,"height":5.0,"municipal_x":439873.351,"municipal_y":4473152.732}},{"type":"Feature","id":"MAD-10202466","geometry":{"type":"Point","coordinates":[-3.7051696,40.412041]},"properties":{"source":"madrid","assetnum":"10202466","district":"CENTRO","barrio":"EMBAJADORES","species_code":"CAU","species":"CELTIS AUSTRALIS","perimeter_cm":27.0,"height":5.0,"municipal_x":440170.045,"municipal_y":4473730.063}},{"type":"Feature","id":"MAD-1650972","geometry":{"type":"Point","coordinates":[-3.6994833,40.4121105]},"properties":{"source":"madrid","assetnum":"1650972","district":"CENTRO","barrio":"EMBAJADORES","species_code":"PCY","species":"PYRUS CALLERYANA","perimeter_cm":17.0,"height":6.5,"municipal_x":440652.563,"municipal_y":4473733.937}},{"type":"Feature","id":"MAD-1683429","geometry":{"type":"Point","coordinates":[-3.7022876,40.4053539]},"properties":{"source":"madrid","assetnum":"1683429","district":"CENTRO","barrio":"EMBAJADORES","species_code":"PDA","species":"PLATANUS X HISPANICA","perimeter_cm":83.0,"height":13.0,"municipal_x":440408.673,"municipal_y":4472985.852}},{"type":"Feature","id":"MAD-10124380","geometry":{"type":"Point","coordinates":[-3.7081878,40.4093795]},"properties":{"source":"madrid","assetnum":"10124380","district":"CENTRO","barrio":"EMBAJADORES","species_code":"AHI","species":"AESCULUS HIPPOCASTANUM","perimeter_cm":15.0,"height":3.5,"municipal_x":439911.598,"municipal_y":4473436.686}},{"type":"Feature","id":"MAD-1653867","geometry":{"type":"Point","coordinates":[-3.6976811,40.4080322]},"properties":{"source":"madrid","assetnum":"1653867","district":"CENTRO","barrio":"EMBAJADORES","species_code":"SJA","species":"STYPHNOLOBIUM JAPONICUM","perimeter_cm":50.0,"height":8.0,"municipal_x":440801.899,"municipal_y":4473280.041}},{"type":"Feature","id":"MAD-1652482","geometry":{"type":"Point","coordinates":[-3.7024128,40.4129435]},"properties":{"source":"madrid","assetnum":"1652482","district":"CENTRO","barrio":"EMBAJADORES","species_code":"LJA","species":"LIGUSTRUM JAPONICUM","perimeter_cm":48.0,"height":8.0,"municipal_x":440404.745,"municipal_y":4473828.379}},{"type":"Feature","id":"MAD-1629565","geometry":{"type":"Point","coordinates":[-3.7051923,40.4056187]},"properties":{"source":"madrid","assetnum":"1629565","district":"CENTRO","barrio":"EMBAJADORES","species_code":"SJA","species":"STYPHNOLOBIUM JAPONICUM","perimeter_cm":60.0,"height":8.0,"municipal_x":440162.437,"municipal_y":4473017.208}},{"type":"Feature","id":"MAD-1654007","geometry":{"type":"Point","coordinates":[-3.6932981,40.4085065]},"properties":{"source":"madrid","assetnum":"1654007","district":"CENTRO","barrio":"EMBAJADORES","species_code":"LST","species":"LIQUIDAMBAR STYRACIFLUA","perimeter_cm":26.0,"height":7.5,"municipal_x":441174.211,"municipal_y":4473329.765}},{"type":"Feature","id":"MAD-9934818","geometry":{"type":"Point","coordinates":[-3.7084057,40.409361]},"properties":{"source":"madrid","assetnum":"9934818","district":"CENTRO","barrio":"EMBAJADORES","species_code":"AHI","species":"AESCULUS HIPPOCASTANUM","perimeter_cm":16.0,"height":2.6,"municipal_x":439893.097,"municipal_y":4473434.776}},{"type":"Feature","id":"MAD-1657188","geometry":{"type":"Point","coordinates":[-3.7033279,40.4140492]},"properties":{"source":"madrid","assetnum":"1657188","district":"CENTRO","barrio":"EMBAJADORES","species_code":"AHI","species":"AESCULUS HIPPOCASTANUM","perimeter_cm":42.0,"height":7.0,"municipal_x":440328.08,"municipal_y":4473951.727}},{"type":"Feature","id":"MAD-1685169","geometry":{"type":"Point","coordinates":[-3.7051781,40.4067212]},"properties":{"source":"madrid","assetnum":"1685169","district":"CENTRO","barrio":"EMBAJADORES","species_code":"UPU","species":"ULMUS PUMILA","perimeter_cm":46.0,"height":10.0,"municipal_x":440164.614,"municipal_y":4473139.572}},{"type":"Feature","id":"MAD-1642728","geometry":{"type":"Point","coordinates":[-3.7105616,40.4068019]},"properties":{"source":"madrid","assetnum":"1642728","district":"CENTRO","barrio":"EMBAJADORES","species_code":"ANE","species":"ACER NEGUNDO","perimeter_cm":110.0,"height":9.0,"municipal_x":439707.888,"municipal_y":4473152.185}},{"type":"Feature","id":"MAD-1656963","geometry":{"type":"Point","coordinates":[-3.6941595,40.4093419]},"properties":{"source":"madrid","assetnum":"1656963","district":"CENTRO","barrio":"EMBAJADORES","species_code":"LJV","species":"LIGUSTRUM JAPONICUM 'VARIEGATUM'","perimeter_cm":36.0,"height":6.0,"municipal_x":441101.853,"municipal_y":4473423.065}},{"type":"Feature","id":"MAD-1673225","geometry":{"type":"Point","coordinates":[-3.7071419,40.4099464]},"properties":{"source":"madrid","assetnum":"1673225","district":"CENTRO","barrio":"EMBAJADORES","species_code":"LJA","species":"LIGUSTRUM JAPONICUM","perimeter_cm":57.0,"height":10.0,"municipal_x":440000.849,"municipal_y":4473498.9}},{"type":"Feature","id":"MAD-1661825","geometry":{"type":"Point","coordinates":[-3.7074097,40.4093271]},"properties":{"source":"madrid","assetnum":"1661825","district":"CENTRO","barrio":"EMBAJADORES","species_code":"PDA","species":"PLATANUS X HISPANICA","perimeter_cm":122.0,"height":18.0,"municipal_x":439977.569,"municipal_y":4473430.34}},{"type":"Feature","id":"MAD-1668391","geometry":{"type":"Point","coordinates":[-3.7072832,40.406513]},"properties":{"source":"madrid","assetnum":"1668391","district":"CENTRO","barrio":"EMBAJADORES","species_code":"PDA","species":"PLATANUS X HISPANICA","perimeter_cm":65.0,"height":13.0,"municipal_x":439985.809,"municipal_y":4473117.884}},{"type":"Feature","id":"MAD-10124381","geometry":{"type":"Point","coordinates":[-3.708413,40.4092476]},"properties":{"source":"madrid","assetnum":"10124381","district":"CENTRO","barrio":"EMBAJADORES","species_code":"AHI","species":"AESCULUS HIPPOCASTANUM","perimeter_cm":15.0,"height":3.5,"municipal_x":439892.373,"municipal_y":4473422.191}},{"type":"Feature","id":"MAD-7942779","geometry":{"type":"Point","coordinates":[-3.7035115,40.4081389]},"properties":{"source":"madrid","assetnum":"7942779","district":"CENTRO","barrio":"EMBAJADORES","species_code":"TIE","species":"TILIA X EUROPAEA","perimeter_cm":70.0,"height":4.5,"municipal_x":440307.28,"municipal_y":4473295.812}},{"type":"Feature","id":"MAD-9101083","geometry":{"type":"Point","coordinates":[-3.6962267,40.4098944]},"properties":{"source":"madrid","assetnum":"9101083","district":"CENTRO","barrio":"EMBAJADORES","species_code":"PCP","species":"PRUNUS CERASIFERA  SUBSP. PISSARDII","perimeter_cm":18.0,"height":5.0,"municipal_x":440926.931,"municipal_y":4473485.771}},{"type":"Feature","id":"MAD-7901877","geometry":{"type":"Point","coordinates":[-3.6985558,40.4080315]},"properties":{"source":"madrid","assetnum":"7901877","district":"CENTRO","barrio":"EMBAJADORES","species_code":"SJA","species":"STYPHNOLOBIUM JAPONICUM","perimeter_cm":16.0,"height":3.0,"municipal_x":440727.683,"municipal_y":4473280.55}},{"type":"Feature","id":"MAD-1683835","geometry":{"type":"Point","coordinates":[-3.7005311,40.4079154]},"properties":{"source":"madrid","assetnum":"1683835","district":"CENTRO","barrio":"EMBAJADORES","species_code":"LJA","species":"LIGUSTRUM JAPONICUM","perimeter_cm":49.0,"height":7.0,"municipal_x":440559.976,"municipal_y":4473268.996}},{"type":"Feature","id":"MAD-1631266","geometry":{"type":"Point","coordinates":[-3.7061562,40.4057918]},"properties":{"source":"madrid","assetnum":"1631266","district":"CENTRO","barrio":"EMBAJADORES","species_code":"SJA","species":"STYPHNOLOBIUM JAPONICUM","perimeter_cm":89.0,"height":9.0,"municipal_x":440080.793,"municipal_y":4473037.075}},{"type":"Feature","id":"MAD-1679647","geometry":{"type":"Point","coordinates":[-3.6976516,40.4078858]},"properties":{"source":"madrid","assetnum":"1679647","district":"CENTRO","barrio":"EMBAJADORES","species_code":"SJA","species":"STYPHNOLOBIUM JAPONICUM","perimeter_cm":27.0,"height":7.0,"municipal_x":440804.273,"municipal_y":4473263.769}},{"type":"Feature","id":"MAD-1661256","geometry":{"type":"Point","coordinates":[-3.7073962,40.4096514]},"properties":{"source":"madrid","assetnum":"1661256","district":"CENTRO","barrio":"EMBAJADORES","species_code":"PDA","species":"PLATANUS X HISPANICA","perimeter_cm":118.0,"height":16.0,"municipal_x":439979.009,"municipal_y":4473466.33}},{"type":"Feature","id":"MAD-5174476","geometry":{"type":"Point","coordinates":[-3.7070659,40.410722]},"properties":{"source":"madrid","assetnum":"5174476","district":"CENTRO","barrio":"EMBAJADORES","species_code":"LJA","species":"LIGUSTRUM JAPONICUM","perimeter_cm":18.0,"height":4.05,"municipal_x":440007.984,"municipal_y":4473584.937}},{"type":"Feature","id":"MAD-1683996","geometry":{"type":"Point","coordinates":[-3.6959305,40.4095371]},"properties":{"source":"madrid","assetnum":"1683996","district":"CENTRO","barrio":"EMBAJADORES","species_code":"PDA","species":"PLATANUS X HISPANICA","perimeter_cm":94.0,"height":15.0,"municipal_x":440951.754,"municipal_y":4473445.918}},{"type":"Feature","id":"MAD-1671315","geometry":{"type":"Point","coordinates":[-3.7057745,40.407791]},"properties":{"source":"madrid","assetnum":"1671315","district":"CENTRO","barrio":"EMBAJADORES","species_code":"LJA","species":"LIGUSTRUM JAPONICUM","perimeter_cm":29.0,"height":7.0,"municipal_x":440114.954,"municipal_y":4473258.723}},{"type":"Feature","id":"MAD-9380108","geometry":{"type":"Point","coordinates":[-3.6956081,40.4093313]},"properties":{"source":"madrid","assetnum":"9380108","district":"CENTRO","barrio":"EMBAJADORES","species_code":"AJU","species":"ALBIZIA JULIBRISSIN","perimeter_cm":18.0,"height":8.2,"municipal_x":440978.928,"municipal_y":4473422.859}},{"type":"Feature","id":"MAD-7129724","geometry":{"type":"Point","coordinates":[-3.7000775,40.4123411]},"properties":{"source":"madrid","assetnum":"7129724","district":"CENTRO","barrio":"EMBAJADORES","species_code":"LJV","species":"LIGUSTRUM JAPONICUM 'VARIEGATUM'","perimeter_cm":20.0,"height":3.5,"municipal_x":440602.352,"municipal_y":4473759.936}},{"type":"Feature","id":"MAD-9101052","geometry":{"type":"Point","coordinates":[-3.6963193,40.4104425]},"properties":{"source":"madrid","assetnum":"9101052","district":"CENTRO","barrio":"EMBAJADORES","species_code":"PCP","species":"PRUNUS CERASIFERA  SUBSP. PISSARDII","perimeter_cm":18.0,"height":5.0,"municipal_x":440919.553,"municipal_y":4473546.673}},{"type":"Feature","id":"MAD-1659806","geometry":{"type":"Point","coordinates":[-3.7038128,40.4070977]},"properties":{"source":"madrid","assetnum":"1659806","district":"CENTRO","barrio":"EMBAJADORES","species_code":"SJA","species":"STYPHNOLOBIUM JAPONICUM","perimeter_cm":54.0,"height":10.0,"municipal_x":440280.794,"municipal_y":4473180.435}},{"type":"Feature","id":"MAD-10132763","geometry":{"type":"Point","coordinates":[-3.7044411,40.4067335]},"properties":{"source":"madrid","assetnum":"10132763","district":"CENTRO","barrio":"EMBAJADORES","species_code":"MEA","species":"MELIA AZEDARACH","perimeter_cm":16.0,"height":3.5,"municipal_x":440227.159,"municipal_y":4473140.443}},{"type":"Feature","id":"MAD-2009336","geometry":{"type":"Point","coordinates":[-3.6995202,40.4119641]},"properties":{"source":"madrid","assetnum":"2009336","district":"CENTRO","barrio":"EMBAJADORES","species_code":"PCY","species":"PYRUS CALLERYANA","perimeter_cm":26.0,"height":7.5,"municipal_x":440649.302,"municipal_y":4473717.712}},{"type":"Feature","id":"MAD-1652392","geometry":{"type":"Point","coordinates":[-3.6961946,40.4107959]},"properties":{"source":"madrid","assetnum":"1652392","district":"CENTRO","barrio":"EMBAJADORES","species_code":"PDA","species":"PLATANUS X HISPANICA","perimeter_cm":134.0,"height":20.0,"municipal_x":440930.443,"municipal_y":4473585.816}},{"type":"Feature","id":"MAD-1629777","geometry":{"type":"Point","coordinates":[-3.7046494,40.4064447]},"properties":{"source":"madrid","assetnum":"1629777","district":"CENTRO","barrio":"EMBAJADORES","species_code":"CAU","species":"CELTIS AUSTRALIS","perimeter_cm":70.0,"height":8.0,"municipal_x":440209.227,"municipal_y":4473108.527}},{"type":"Feature","id":"MAD-1661241","geometry":{"type":"Point","coordinates":[-3.70739,40.4097217]},"properties":{"source":"madrid","assetnum":"1661241","district":"CENTRO","barrio":"EMBAJADORES","species_code":"PDA","species":"PLATANUS X HISPANICA","perimeter_cm":72.0,"height":14.0,"municipal_x":439979.599,"municipal_y":4473474.13}},{"type":"Feature","id":"MAD-1655035","geometry":{"type":"Point","coordinates":[-3.7000309,40.4070903]},"properties":{"source":"madrid","assetnum":"1655035","district":"CENTRO","barrio":"EMBAJADORES","species_code":"LJA","species":"LIGUSTRUM JAPONICUM","perimeter_cm":56.0,"height":9.0,"municipal_x":440601.689,"municipal_y":4473177.074}},{"type":"Feature","id":"MAD-9127781","geometry":{"type":"Point","coordinates":[-3.6952329,40.4091483]},"properties":{"source":"madrid","assetnum":"9127781","district":"CENTRO","barrio":"EMBAJADORES","species_code":"AJU","species":"ALBIZIA JULIBRISSIN","perimeter_cm":17.0,"height":4.0,"municipal_x":441010.601,"municipal_y":4473402.289}},{"type":"Feature","id":"MAD-1676946","geometry":{"type":"Point","coordinates":[-3.7055458,40.4074089]},"properties":{"source":"madrid","assetnum":"1676946","district":"CENTRO","barrio":"EMBAJADORES","species_code":"LJA","species":"LIGUSTRUM JAPONICUM","perimeter_cm":21.0,"height":7.0,"municipal_x":440134.025,"municipal_y":4473216.156}},{"type":"Feature","id":"MAD-1685417","geometry":{"type":"Point","coordinates":[-3.7110944,40.4076983]},"properties":{"source":"madrid","assetnum":"1685417","district":"CENTRO","barrio":"EMBAJADORES","species_code":"LJA","species":"LIGUSTRUM JAPONICUM","perimeter_cm":41.0,"height":8.0,"municipal_x":439663.473,"municipal_y":4473252.054}},{"type":"Feature","id":"MAD-8797546","geometry":{"type":"Point","coordinates":[-3.7036569,40.4125135]},"properties":{"source":"madrid","assetnum":"8797546","district":"CENTRO","barrio":"EMBAJADORES","species_code":"SJA","species":"STYPHNOLOBIUM JAPONICUM","perimeter_cm":16.0,"height":4.9,"municipal_x":440298.811,"municipal_y":4473781.488}},{"type":"Feature","id":"MAD-9433246","geometry":{"type":"Point","coordinates":[-3.6939511,40.4091284]},"properties":{"source":"madrid","assetnum":"9433246","district":"CENTRO","barrio":"EMBAJADORES","species_code":"LST","species":"LIQUIDAMBAR STYRACIFLUA","perimeter_cm":20.0,"height":6.0,"municipal_x":441119.345,"municipal_y":4473399.231}},{"type":"Feature","id":"MAD-5037551","geometry":{"type":"Point","coordinates":[-3.7079528,40.4062026]},"properties":{"source":"madrid","assetnum":"5037551","district":"CENTRO","barrio":"EMBAJADORES","species_code":"LJA","species":"LIGUSTRUM JAPONICUM","perimeter_cm":14.0,"height":3.0,"municipal_x":439928.718,"municipal_y":4473083.893}},{"type":"Feature","id":"MAD-1683475","geometry":{"type":"Point","coordinates":[-3.7015074,40.4089052]},"properties":{"source":"madrid","assetnum":"1683475","district":"CENTRO","barrio":"EMBAJADORES","species_code":"LJA","species":"LIGUSTRUM JAPONICUM","perimeter_cm":57.0,"height":8.0,"municipal_x":440478.004,"municipal_y":4473379.511}},{"type":"Feature","id":"MAD-7126822","geometry":{"type":"Point","coordinates":[-3.7063025,40.4117827]},"properties":{"source":"madrid","assetnum":"7126822","district":"CENTRO","barrio":"EMBAJADORES","species_code":"MEA","species":"MELIA AZEDARACH","perimeter_cm":36.0,"height":6.0,"municipal_x":440073.697,"municipal_y":4473702.156}},{"type":"Feature","id":"MAD-1683435","geometry":{"type":"Point","coordinates":[-3.6954881,40.4081724]},"properties":{"source":"madrid","assetnum":"1683435","district":"CENTRO","barrio":"EMBAJADORES","species_code":"RPS","species":"ROBINIA PSEUDOACACIA","perimeter_cm":86.0,"height":13.0,"municipal_x":440988.102,"municipal_y":4473294.137}},{"type":"Feature","id":"MAD-9329796","geometry":{"type":"Point","coordinates":[-3.7069615,40.410765]},"properties":{"source":"madrid","assetnum":"9329796","district":"CENTRO","barrio":"EMBAJADORES","species_code":"LJA","species":"LIGUSTRUM JAPONICUM","perimeter_cm":16.0,"height":3.5,"municipal_x":440016.879,"municipal_y":4473589.645}},{"type":"Feature","id":"MAD-9935526","geometry":{"type":"Point","coordinates":[-3.7001191,40.4087618]},"properties":{"source":"madrid","assetnum":"9935526","district":"CENTRO","barrio":"EMBAJADORES","species_code":"HSY","species":"HIBISCUS SYRIACUS","perimeter_cm":16.0,"height":3.3,"municipal_x":440595.678,"municipal_y":4473362.666}},{"type":"Feature","id":"MAD-9424255","geometry":{"type":"Point","coordinates":[-3.7073643,40.411124]},"properties":{"source":"madrid","assetnum":"9424255","district":"CENTRO","barrio":"EMBAJADORES","species_code":"LJA","species":"LIGUSTRUM JAPONICUM","perimeter_cm":18.0,"height":3.1,"municipal_x":439983.024,"municipal_y":4473629.76}},{"type":"Feature","id":"MAD-1643055","geometry":{"type":"Point","coordinates":[-3.7087414,40.4065071]},"properties":{"source":"madrid","assetnum":"1643055","district":"CENTRO","barrio":"EMBAJADORES","species_code":"LIN","species":"LAGERSTROEMIA INDICA","perimeter_cm":24.0,"height":5.0,"municipal_x":439862.071,"municipal_y":4473118.229}},{"type":"Feature","id":"MAD-1682957","geometry":{"type":"Point","coordinates":[-3.6991406,40.4081242]},"properties":{"source":"madrid","assetnum":"1682957","district":"CENTRO","barrio":"EMBAJADORES","species_code":"SJA","species":"STYPHNOLOBIUM JAPONICUM","perimeter_cm":50.0,"height":9.0,"municipal_x":440678.144,"municipal_y":4473291.24}},{"type":"Feature","id":"MAD-9946968","geometry":{"type":"Point","coordinates":[-3.7038125,40.4068518]},"properties":{"source":"madrid","assetnum":"9946968","district":"CENTRO","barrio":"EMBAJADORES","species_code":"CSI","species":"CERCIS SILIQUASTRUM","perimeter_cm":16.0,"height":0.6,"municipal_x":440280.601,"municipal_y":4473153.145}},{"type":"Feature","id":"MAD-7126827","geometry":{"type":"Point","coordinates":[-3.7055446,40.4119929]},"properties":{"source":"madrid","assetnum":"7126827","district":"CENTRO","barrio":"EMBAJADORES","species_code":"MEA","species":"MELIA AZEDARACH","perimeter_cm":36.0,"height":6.0,"municipal_x":440138.186,"municipal_y":4473724.974}},{"type":"Feature","id":"MAD-9101089","geometry":{"type":"Point","coordinates":[-3.6978194,40.4108181]},"properties":{"source":"madrid","assetnum":"9101089","district":"CENTRO","barrio":"EMBAJADORES","species_code":"PCP","species":"PRUNUS CERASIFERA  SUBSP. PISSARDII","perimeter_cm":18.0,"height":5.0,"municipal_x":440792.604,"municipal_y":4473589.371}},{"type":"Feature","id":"MAD-1629628","geometry":{"type":"Point","coordinates":[-3.7058427,40.4063509]},"properties":{"source":"madrid","assetnum":"1629628","district":"CENTRO","barrio":"EMBAJADORES","species_code":"AAL","species":"AILANTHUS ALTISSIMA","perimeter_cm":124.0,"height":12.0,"municipal_x":440107.896,"municipal_y":4473098.916}},{"type":"Feature","id":"MAD-1656833","geometry":{"type":"Point","coordinates":[-3.7003322,40.4061147]},"properties":{"source":"madrid","assetnum":"1656833","district":"CENTRO","barrio":"EMBAJADORES","species_code":"LJA","species":"LIGUSTRUM JAPONICUM","perimeter_cm":36.0,"height":8.5,"municipal_x":440575.262,"municipal_y":4473068.983}},{"type":"Feature","id":"MAD-1683022","geometry":{"type":"Point","coordinates":[-3.6999578,40.4123377]},"properties":{"source":"madrid","assetnum":"1683022","district":"CENTRO","barrio":"EMBAJADORES","species_code":"LJA","species":"LIGUSTRUM JAPONICUM","perimeter_cm":28.0,"height":6.0,"municipal_x":440612.502,"municipal_y":4473759.476}},{"type":"Feature","id":"MAD-1677023","geometry":{"type":"Point","coordinates":[-3.6998898,40.407854]},"properties":{"source":"madrid","assetnum":"1677023","district":"CENTRO","barrio":"EMBAJADORES","species_code":"HSY","species":"HIBISCUS SYRIACUS","perimeter_cm":24.0,"height":8.0,"municipal_x":440614.333,"municipal_y":4473261.744}},{"type":"Feature","id":"MAD-1635734","geometry":{"type":"Point","coordinates":[-3.7048272,40.4061559]},"properties":{"source":"madrid","assetnum":"1635734","district":"CENTRO","barrio":"EMBAJADORES","species_code":"CAU","species":"CELTIS AUSTRALIS","perimeter_cm":200.0,"height":12.0,"municipal_x":440193.889,"municipal_y":4473076.589}},{"type":"Feature","id":"MAD-9127787","geometry":{"type":"Point","coordinates":[-3.6997175,40.4059341]},"properties":{"source":"madrid","assetnum":"9127787","district":"CENTRO","barrio":"EMBAJADORES","species_code":"LJV","species":"LIGUSTRUM JAPONICUM 'VARIEGATUM'","perimeter_cm":17.0,"height":4.0,"municipal_x":440627.27,"municipal_y":4473048.521}},{"type":"Feature","id":"MAD-1671974","geometry":{"type":"Point","coordinates":[-3.7015765,40.4130967]},"properties":{"source":"madrid","assetnum":"1671974","district":"CENTRO","barrio":"EMBAJADORES","species_code":"LJA","species":"LIGUSTRUM JAPONICUM","perimeter_cm":37.0,"height":7.0,"municipal_x":440475.836,"municipal_y":4473844.82}},{"type":"Feature","id":"MAD-1643675","geometry":{"type":"Point","coordinates":[-3.7105531,40.4073288]},"properties":{"source":"madrid","assetnum":"1643675","district":"CENTRO","barrio":"EMBAJADORES","species_code":"ANE","species":"ACER NEGUNDO","perimeter_cm":91.0,"height":9.0,"municipal_x":439709.072,"municipal_y":4473210.671}},{"type":"Feature","id":"MAD-1681948","geometry":{"type":"Point","coordinates":[-3.7028421,40.4056023]},"properties":{"source":"madrid","assetnum":"1681948","district":"CENTRO","barrio":"EMBAJADORES","species_code":"LJV","species":"LIGUSTRUM JAPONICUM 'VARIEGATUM'","perimeter_cm":24.0,"height":4.0,"municipal_x":440361.845,"municipal_y":4473013.799}},{"type":"Feature","id":"MAD-2060959","geometry":{"type":"Point","coordinates":[-3.6929852,40.4078111]},"properties":{"source":"madrid","assetnum":"2060959","district":"CENTRO","barrio":"EMBAJADORES","species_code":"LST","species":"LIQUIDAMBAR STYRACIFLUA","perimeter_cm":50.0,"height":5.5,"municipal_x":441200.152,"municipal_y":4473252.364}},{"type":"Feature","id":"MAD-1662071","geometry":{"type":"Point","coordinates":[-3.7046111,40.4084936]},"properties":{"source":"madrid","assetnum":"1662071","district":"CENTRO","barrio":"EMBAJADORES","species_code":"UPU","species":"ULMUS PUMILA","perimeter_cm":140.0,"height":14.0,"municipal_x":440214.296,"municipal_y":4473335.926}},{"type":"Feature","id":"MAD-7129775","geometry":{"type":"Point","coordinates":[-3.7080194,40.406464]},"properties":{"source":"madrid","assetnum":"7129775","district":"CENTRO","barrio":"EMBAJADORES","species_code":"LJV","species":"LIGUSTRUM JAPONICUM 'VARIEGATUM'","perimeter_cm":19.0,"height":4.0,"municipal_x":439923.299,"municipal_y":4473112.951}},{"type":"Feature","id":"MAD-1630031","geometry":{"type":"Point","coordinates":[-3.705462,40.4065021]},"properties":{"source":"madrid","assetnum":"1630031","district":"CENTRO","barrio":"EMBAJADORES","species_code":"PDA","species":"PLATANUS X HISPANICA","perimeter_cm":63.0,"height":10.0,"municipal_x":440140.33,"municipal_y":4473115.441}},{"type":"Feature","id":"MAD-1651499","geometry":{"type":"Point","coordinates":[-3.6982627,40.4117098]},"properties":{"source":"madrid","assetnum":"1651499","district":"CENTRO","barrio":"EMBAJADORES","species_code":"LJA","species":"LIGUSTRUM JAPONICUM","perimeter_cm":37.0,"height":6.0,"municipal_x":440755.774,"municipal_y":4473688.65}},{"type":"Feature","id":"MAD-1635716","geometry":{"type":"Point","coordinates":[-3.7052604,40.4062348]},"properties":{"source":"madrid","assetnum":"1635716","district":"CENTRO","barrio":"EMBAJADORES","species_code":"UPU","species":"ULMUS PUMILA","perimeter_cm":181.0,"height":14.0,"municipal_x":440157.196,"municipal_y":4473085.633}},{"type":"Feature","id":"MAD-1628563","geometry":{"type":"Point","coordinates":[-3.7037875,40.4084636]},"properties":{"source":"madrid","assetnum":"1628563","district":"CENTRO","barrio":"EMBAJADORES","species_code":"MGR","species":"MAGNOLIA GRANDIFLORA","perimeter_cm":49.0,"height":6.5,"municipal_x":440284.149,"municipal_y":4473332.042}},{"type":"Feature","id":"MAD-9371100","geometry":{"type":"Point","coordinates":[-3.7074106,40.4094503]},"properties":{"source":"madrid","assetnum":"9371100","district":"CENTRO","barrio":"EMBAJADORES","species_code":"PDA","species":"PLATANUS X HISPANICA","perimeter_cm":20.0,"height":6.0,"municipal_x":439977.609,"municipal_y":4473444.02}},{"type":"Feature","id":"MAD-1643169","geometry":{"type":"Point","coordinates":[-3.7101607,40.4069806]},"properties":{"source":"madrid","assetnum":"1643169","district":"CENTRO","barrio":"EMBAJADORES","species_code":"ANE","species":"ACER NEGUNDO","perimeter_cm":56.0,"height":7.0,"municipal_x":439742.063,"municipal_y":4473171.75}},{"type":"Feature","id":"MAD-1672393","geometry":{"type":"Point","coordinates":[-3.7055916,40.4139357]},"properties":{"source":"madrid","assetnum":"1672393","district":"CENTRO","barrio":"EMBAJADORES","species_code":"UPU","species":"ULMUS PUMILA","perimeter_cm":163.0,"height":18.0,"municipal_x":440135.921,"municipal_y":4473940.654}},{"type":"Feature","id":"MAD-1685293","geometry":{"type":"Point","coordinates":[-3.7072441,40.4074644]},"properties":{"source":"madrid","assetnum":"1685293","district":"CENTRO","barrio":"EMBAJADORES","species_code":"PDA","species":"PLATANUS X HISPANICA","perimeter_cm":126.0,"height":17.0,"municipal_x":439989.971,"municipal_y":4473223.472}},{"type":"Feature","id":"MAD-7129877","geometry":{"type":"Point","coordinates":[-3.7038287,40.4067671]},"properties":{"source":"madrid","assetnum":"7129877","district":"CENTRO","barrio":"EMBAJADORES","species_code":"PCP","species":"PRUNUS CERASIFERA  SUBSP. PISSARDII","perimeter_cm":17.0,"height":2.5,"municipal_x":440279.158,"municipal_y":4473143.752}},{"type":"Feature","id":"MAD-1651604","geometry":{"type":"Point","coordinates":[-3.6954369,40.4082303]},"properties":{"source":"madrid","assetnum":"1651604","district":"CENTRO","barrio":"EMBAJADORES","species_code":"RPS","species":"ROBINIA PSEUDOACACIA","perimeter_cm":80.0,"height":15.0,"municipal_x":440992.492,"municipal_y":4473300.527}},{"type":"Feature","id":"MAD-1635695","geometry":{"type":"Point","coordinates":[-3.7049847,40.4058084]},"properties":{"source":"madrid","assetnum":"1635695","district":"CENTRO","barrio":"EMBAJADORES","species_code":"PRD","species":"PRUNUS DOMESTICA","perimeter_cm":53.0,"height":6.0,"municipal_x":440180.213,"municipal_y":4473038.126}},{"type":"Feature","id":"MAD-2062672","geometry":{"type":"Point","coordinates":[-3.7034623,40.4098967]},"properties":{"source":"madrid","assetnum":"2062672","district":"CENTRO","barrio":"EMBAJADORES","species_code":"KPA","species":"KOELREUTERIA PANICULATA","perimeter_cm":24.0,"height":5.0,"municipal_x":440313.008,"municipal_y":4473490.894}},{"type":"Feature","id":"MAD-1653319","geometry":{"type":"Point","coordinates":[-3.698684,40.4080506]},"properties":{"source":"madrid","assetnum":"1653319","district":"CENTRO","barrio":"EMBAJADORES","species_code":"SJA","species":"STYPHNOLOBIUM JAPONICUM","perimeter_cm":97.0,"height":14.0,"municipal_x":440716.823,"municipal_y":4473282.76}},{"type":"Feature","id":"MAD-1660188","geometry":{"type":"Point","coordinates":[-3.7072779,40.4078229]},"properties":{"source":"madrid","assetnum":"1660188","district":"CENTRO","barrio":"EMBAJADORES","species_code":"PDA","species":"PLATANUS X HISPANICA","perimeter_cm":59.0,"height":12.0,"municipal_x":439987.417,"municipal_y":4473263.279}},{"type":"Feature","id":"MAD-1656908","geometry":{"type":"Point","coordinates":[-3.6963255,40.4095596]},"properties":{"source":"madrid","assetnum":"1656908","district":"CENTRO","barrio":"EMBAJADORES","species_code":"AJU","species":"ALBIZIA JULIBRISSIN","perimeter_cm":69.0,"height":12.0,"municipal_x":440918.256,"municipal_y":4473448.68}},{"type":"Feature","id":"MAD-1676716","geometry":{"type":"Point","coordinates":[-3.7071012,40.4063474]},"properties":{"source":"madrid","assetnum":"1676716","district":"CENTRO","barrio":"EMBAJADORES","species_code":"PDA","species":"PLATANUS X HISPANICA","perimeter_cm":43.0,"height":9.0,"municipal_x":440001.104,"municipal_y":4473099.388}},{"type":"Feature","id":"MAD-9345726","geometry":{"type":"Point","coordinates":[-3.6995191,40.4069941]},"properties":{"source":"madrid","assetnum":"9345726","district":"CENTRO","barrio":"EMBAJADORES","species_code":"LJV","species":"LIGUSTRUM JAPONICUM 'VARIEGATUM'","perimeter_cm":14.0,"height":2.8,"municipal_x":440645.032,"municipal_y":4473166.05}},{"type":"Feature","id":"MAD-1653187","geometry":{"type":"Point","coordinates":[-3.6979572,40.4071913]},"properties":{"source":"madrid","assetnum":"1653187","district":"CENTRO","barrio":"EMBAJADORES","species_code":"SJA","species":"STYPHNOLOBIUM JAPONICUM","perimeter_cm":16.0,"height":4.0,"municipal_x":440777.735,"municipal_y":4473186.887}},{"type":"Feature","id":"MAD-1651620","geometry":{"type":"Point","coordinates":[-3.7034987,40.4097456]},"properties":{"source":"madrid","assetnum":"1651620","district":"CENTRO","barrio":"EMBAJADORES","species_code":"KPA","species":"KOELREUTERIA PANICULATA","perimeter_cm":35.0,"height":5.0,"municipal_x":440309.791,"municipal_y":4473474.148}},{"type":"Feature","id":"MAD-1683446","geometry":{"type":"Point","coordinates":[-3.7032007,40.4097069]},"properties":{"source":"madrid","assetnum":"1683446","district":"CENTRO","barrio":"EMBAJADORES","species_code":"LJA","species":"LIGUSTRUM JAPONICUM","perimeter_cm":66.0,"height":11.0,"municipal_x":440335.04,"municipal_y":4473469.645}},{"type":"Feature","id":"MAD-1676064","geometry":{"type":"Point","coordinates":[-3.7111046,40.4069866]},"properties":{"source":"madrid","assetnum":"1676064","district":"CENTRO","barrio":"EMBAJADORES","species_code":"PDA","species":"PLATANUS X HISPANICA","perimeter_cm":110.0,"height":14.0,"municipal_x":439661.979,"municipal_y":4473173.061}},{"type":"Feature","id":"MAD-1655049","geometry":{"type":"Point","coordinates":[-3.6975851,40.4079995]},"properties":{"source":"madrid","assetnum":"1655049","district":"CENTRO","barrio":"EMBAJADORES","species_code":"SJA","species":"STYPHNOLOBIUM JAPONICUM","perimeter_cm":65.0,"height":12.0,"municipal_x":440810.013,"municipal_y":4473276.349}},{"type":"Feature","id":"MAD-1662030","geometry":{"type":"Point","coordinates":[-3.7039999,40.4074526]},"properties":{"source":"madrid","assetnum":"1662030","district":"CENTRO","barrio":"EMBAJADORES","species_code":"SJA","species":"STYPHNOLOBIUM JAPONICUM","perimeter_cm":74.0,"height":12.0,"municipal_x":440265.235,"municipal_y":4473219.961}},{"type":"Feature","id":"MAD-1659809","geometry":{"type":"Point","coordinates":[-3.7073982,40.407379]},"properties":{"source":"madrid","assetnum":"1659809","district":"CENTRO","barrio":"EMBAJADORES","species_code":"PDA","species":"PLATANUS X HISPANICA","perimeter_cm":38.0,"height":7.0,"municipal_x":439976.822,"municipal_y":4473214.096}},{"type":"Feature","id":"MAD-2009396","geometry":{"type":"Point","coordinates":[-3.7033313,40.4124328]},"properties":{"source":"madrid","assetnum":"2009396","district":"CENTRO","barrio":"EMBAJADORES","species_code":"CIA","species":"CITRUS X AURANTIUM","perimeter_cm":38.0,"height":5.0,"municipal_x":440326.361,"municipal_y":4473772.307}},{"type":"Feature","id":"MAD-10202447","geometry":{"type":"Point","coordinates":[-3.7047084,40.4123456]},"properties":{"source":"madrid","assetnum":"10202447","district":"CENTRO","barrio":"EMBAJADORES","species_code":"PAR","species":"PYRUS CALLERYANA 'CHANTICLEER'","perimeter_cm":28.0,"height":5.0,"municipal_x":440209.449,"municipal_y":4473763.555}},{"type":"Feature","id":"MAD-1631256","geometry":{"type":"Point","coordinates":[-3.704228,40.4067409]},"properties":{"source":"madrid","assetnum":"1631256","district":"CENTRO","barrio":"EMBAJADORES","species_code":"CAU","species":"CELTIS AUSTRALIS","perimeter_cm":29.0,"height":6.5,"municipal_x":440245.248,"municipal_y":4473141.113}},{"type":"Feature","id":"MAD-1685418","geometry":{"type":"Point","coordinates":[-3.7062549,40.4064166]},"properties":{"source":"madrid","assetnum":"1685418","district":"CENTRO","barrio":"EMBAJADORES","species_code":"UPU","species":"ULMUS PUMILA","perimeter_cm":94.0,"height":16.0,"municipal_x":440072.975,"municipal_y":4473106.491}},{"type":"Feature","id":"MAD-1657284","geometry":{"type":"Point","coordinates":[-3.6929181,40.4090198]},"properties":{"source":"madrid","assetnum":"1657284","district":"CENTRO","barrio":"EMBAJADORES","species_code":"LJV","species":"LIGUSTRUM JAPONICUM 'VARIEGATUM'","perimeter_cm":43.0,"height":8.0,"municipal_x":441206.902,"municipal_y":4473386.485}},{"type":"Feature","id":"MAD-1659817","geometry":{"type":"Point","coordinates":[-3.705399,40.4090201]},"properties":{"source":"madrid","assetnum":"1659817","district":"CENTRO","barrio":"EMBAJADORES","species_code":"LJA","species":"LIGUSTRUM JAPONICUM","perimeter_cm":42.0,"height":9.0,"municipal_x":440147.903,"municipal_y":4473394.897}},{"type":"Feature","id":"MAD-1642967","geometry":{"type":"Point","coordinates":[-3.7040749,40.4066772]},"properties":{"source":"madrid","assetnum":"1642967","district":"CENTRO","barrio":"EMBAJADORES","species_code":"KPA","species":"KOELREUTERIA PANICULATA","perimeter_cm":47.0,"height":6.0,"municipal_x":440258.186,"municipal_y":4473133.943}},{"type":"Feature","id":"MAD-1672448","geometry":{"type":"Point","coordinates":[-3.7064029,40.4100514]},"properties":{"source":"madrid","assetnum":"1672448","district":"CENTRO","barrio":"EMBAJADORES","species_code":"PSE","species":"PRUNUS SERRULATA","perimeter_cm":64.0,"height":8.0,"municipal_x":440063.638,"municipal_y":4473510.058}},{"type":"Feature","id":"MAD-10145169","geometry":{"type":"Point","coordinates":[-3.7016638,40.4104683]},"properties":{"source":"madrid","assetnum":"10145169","district":"CENTRO","barrio":"EMBAJADORES","species_code":"LJA","species":"LIGUSTRUM JAPONICUM","perimeter_cm":17.0,"height":3.65,"municipal_x":440466.116,"municipal_y":4473553.125}},{"type":"Feature","id":"MAD-1657917","geometry":{"type":"Point","coordinates":[-3.6992141,40.4082459]},"properties":{"source":"madrid","assetnum":"1657917","district":"CENTRO","barrio":"EMBAJADORES","species_code":"UPU","species":"ULMUS PUMILA","perimeter_cm":123.0,"height":15.0,"municipal_x":440672.014,"municipal_y":4473304.791}},{"type":"Feature","id":"MAD-9119991","geometry":{"type":"Point","coordinates":[-3.7043715,40.409355]},"properties":{"source":"madrid","assetnum":"9119991","district":"CENTRO","barrio":"EMBAJADORES","species_code":"LJA","species":"LIGUSTRUM JAPONICUM","perimeter_cm":16.0,"height":3.8,"municipal_x":440235.384,"municipal_y":4473431.375}},{"type":"Feature","id":"MAD-1677237","geometry":{"type":"Point","coordinates":[-3.6995021,40.4121975]},"properties":{"source":"madrid","assetnum":"1677237","district":"CENTRO","barrio":"EMBAJADORES","species_code":"PCY","species":"PYRUS CALLERYANA","perimeter_cm":15.0,"height":6.0,"municipal_x":440651.048,"municipal_y":4473743.612}},{"type":"Feature","id":"MAD-7129699","geometry":{"type":"Point","coordinates":[-3.7082617,40.4112987]},"properties":{"source":"madrid","assetnum":"7129699","district":"CENTRO","barrio":"EMBAJADORES","species_code":"PDA","species":"PLATANUS X HISPANICA","perimeter_cm":20.0,"height":7.0,"municipal_x":439907.033,"municipal_y":4473649.761}},{"type":"Feature","id":"MAD-1651580","geometry":{"type":"Point","coordinates":[-3.7014341,40.4059754]},"properties":{"source":"madrid","assetnum":"1651580","district":"CENTRO","barrio":"EMBAJADORES","species_code":"LJA","species":"LIGUSTRUM JAPONICUM","perimeter_cm":23.0,"height":6.0,"municipal_x":440481.64,"municipal_y":4473054.265}},{"type":"Feature","id":"MAD-1651710","geometry":{"type":"Point","coordinates":[-3.7012508,40.4088439]},"properties":{"source":"madrid","assetnum":"1651710","district":"CENTRO","barrio":"EMBAJADORES","species_code":"LJA","species":"LIGUSTRUM JAPONICUM","perimeter_cm":42.0,"height":5.0,"municipal_x":440499.722,"municipal_y":4473372.542}},{"type":"Feature","id":"MAD-9925431","geometry":{"type":"Point","coordinates":[-3.7054679,40.40618]},"properties":{"source":"madrid","assetnum":"9925431","district":"CENTRO","barrio":"EMBAJADORES","species_code":"LIN","species":"LAGERSTROEMIA INDICA","perimeter_cm":16.0,"height":2.5,"municipal_x":440139.544,"municipal_y":4473079.695}},{"type":"Feature","id":"MAD-1683577","geometry":{"type":"Point","coordinates":[-3.6970229,40.4078916]},"properties":{"source":"madrid","assetnum":"1683577","district":"CENTRO","barrio":"EMBAJADORES","species_code":"SJA","species":"STYPHNOLOBIUM JAPONICUM","perimeter_cm":101.0,"height":15.0,"municipal_x":440857.625,"municipal_y":4473263.996}},{"type":"Feature","id":"MAD-1656200","geometry":{"type":"Point","coordinates":[-3.6980015,40.4066987]},"properties":{"source":"madrid","assetnum":"1656200","district":"CENTRO","barrio":"EMBAJADORES","species_code":"SJA","species":"STYPHNOLOBIUM JAPONICUM","perimeter_cm":45.0,"height":12.0,"municipal_x":440773.547,"municipal_y":4473132.241}},{"type":"Feature","id":"MAD-1659807","geometry":{"type":"Point","coordinates":[-3.7065383,40.4071353]},"properties":{"source":"madrid","assetnum":"1659807","district":"CENTRO","barrio":"EMBAJADORES","species_code":"AHI","species":"AESCULUS HIPPOCASTANUM","perimeter_cm":76.0,"height":10.0,"municipal_x":440049.564,"municipal_y":4473186.455}},{"type":"Feature","id":"MAD-1659395","geometry":{"type":"Point","coordinates":[-3.7089117,40.4062542]},"properties":{"source":"madrid","assetnum":"1659395","district":"CENTRO","barrio":"EMBAJADORES","species_code":"UPU","species":"ULMUS PUMILA","perimeter_cm":107.0,"height":12.0,"municipal_x":439847.395,"municipal_y":4473090.269}},{"type":"Feature","id":"MAD-1683570","geometry":{"type":"Point","coordinates":[-3.70732,40.410787]},"properties":{"source":"madrid","assetnum":"1683570","district":"CENTRO","barrio":"EMBAJADORES","species_code":"LJA","species":"LIGUSTRUM JAPONICUM","perimeter_cm":47.0,"height":5.0,"municipal_x":439986.483,"municipal_y":4473592.326}},{"type":"Feature","id":"MAD-9934922","geometry":{"type":"Point","coordinates":[-3.7080901,40.4094414]},"properties":{"source":"madrid","assetnum":"9934922","district":"CENTRO","barrio":"EMBAJADORES","species_code":"AHI","species":"AESCULUS HIPPOCASTANUM","perimeter_cm":16.0,"height":2.7,"municipal_x":439919.941,"municipal_y":4473443.49}},{"type":"Feature","id":"MAD-1682831","geometry":{"type":"Point","coordinates":[-3.6956528,40.4093545]},"properties":{"source":"madrid","assetnum":"1682831","district":"CENTRO","barrio":"EMBAJADORES","species_code":"AJU","species":"ALBIZIA JULIBRISSIN","perimeter_cm":49.0,"height":7.0,"municipal_x":440975.154,"municipal_y":4473425.464}},{"type":"Feature","id":"MAD-9101071","geometry":{"type":"Point","coordinates":[-3.6957942,40.4096099]},"properties":{"source":"madrid","assetnum":"9101071","district":"CENTRO","barrio":"EMBAJADORES","species_code":"PCP","species":"PRUNUS CERASIFERA  SUBSP. PISSARDII","perimeter_cm":18.0,"height":5.0,"municipal_x":440963.379,"municipal_y":4473453.905}},{"type":"Feature","id":"MAD-1673341","geometry":{"type":"Point","coordinates":[-3.6986933,40.4081678]},"properties":{"source":"madrid","assetnum":"1673341","district":"CENTRO","barrio":"EMBAJADORES","species_code":"SJA","species":"STYPHNOLOBIUM JAPONICUM","perimeter_cm":53.0,"height":8.0,"municipal_x":440716.133,"municipal_y":4473295.77}},{"type":"Feature","id":"MAD-8797591","geometry":{"type":"Point","coordinates":[-3.7007453,40.4080425]},"properties":{"source":"madrid","assetnum":"8797591","district":"CENTRO","barrio":"EMBAJADORES","species_code":"LJA","species":"LIGUSTRUM JAPONICUM","perimeter_cm":16.0,"height":4.0,"municipal_x":440541.912,"municipal_y":4473283.239}},{"type":"Feature","id":"MAD-9394436","geometry":{"type":"Point","coordinates":[-3.7003218,40.4073609]},"properties":{"source":"madrid","assetnum":"9394436","district":"CENTRO","barrio":"EMBAJADORES","species_code":"LJA","species":"LIGUSTRUM JAPONICUM","perimeter_cm":16.0,"height":3.5,"municipal_x":440577.247,"municipal_y":4473207.306}},{"type":"Feature","id":"MAD-1642885","geometry":{"type":"Point","coordinates":[-3.7043236,40.4067758]},"properties":{"source":"madrid","assetnum":"1642885","district":"CENTRO","barrio":"EMBAJADORES","species_code":"MEA","species":"MELIA AZEDARACH","perimeter_cm":52.0,"height":7.0,"municipal_x":440237.167,"municipal_y":4473145.05}},{"type":"Feature","id":"MAD-1673249","geometry":{"type":"Point","coordinates":[-3.7045099,40.4082842]},"properties":{"source":"madrid","assetnum":"1673249","district":"CENTRO","barrio":"EMBAJADORES","species_code":"SJA","species":"STYPHNOLOBIUM JAPONICUM","perimeter_cm":60.0,"height":10.0,"municipal_x":440222.696,"municipal_y":4473312.616}},{"type":"Feature","id":"MAD-9047637","geometry":{"type":"Point","coordinates":[-3.7068323,40.4104854]},"properties":{"source":"madrid","assetnum":"9047637","district":"CENTRO","barrio":"EMBAJADORES","species_code":"LJA","species":"LIGUSTRUM JAPONICUM","perimeter_cm":14.0,"height":5.0,"municipal_x":440027.596,"municipal_y":4473558.519}},{"type":"Feature","id":"MAD-1685122","geometry":{"type":"Point","coordinates":[-3.7071985,40.407134]},"properties":{"source":"madrid","assetnum":"1685122","district":"CENTRO","barrio":"EMBAJADORES","species_code":"PDA","species":"PLATANUS X HISPANICA","perimeter_cm":178.0,"height":19.0,"municipal_x":439993.546,"municipal_y":4473186.768}},{"type":"Feature","id":"MAD-1680310","geometry":{"type":"Point","coordinates":[-3.6944744,40.4100005]},"properties":{"source":"madrid","assetnum":"1680310","district":"CENTRO","barrio":"EMBAJADORES","species_code":"SJA","species":"STYPHNOLOBIUM JAPONICUM","perimeter_cm":16.0,"height":7.0,"municipal_x":441075.707,"municipal_y":4473496.379}},{"type":"Feature","id":"MAD-1683420","geometry":{"type":"Point","coordinates":[-3.7000428,40.4069127]},"properties":{"source":"madrid","assetnum":"1683420","district":"CENTRO","barrio":"EMBAJADORES","species_code":"LJA","species":"LIGUSTRUM JAPONICUM","perimeter_cm":54.0,"height":9.0,"municipal_x":440600.52,"municipal_y":4473157.37}},{"type":"Feature","id":"MAD-2053732","geometry":{"type":"Point","coordinates":[-3.6924931,40.4083559]},"properties":{"source":"madrid","assetnum":"2053732","district":"CENTRO","barrio":"EMBAJADORES","species_code":"CSE","species":"CUPRESSUS SEMPERVIRENS","perimeter_cm":80.0,"height":10.0,"municipal_x":441242.382,"municipal_y":4473312.511}},{"type":"Feature","id":"MAD-1683747","geometry":{"type":"Point","coordinates":[-3.7024679,40.4070702]},"properties":{"source":"madrid","assetnum":"1683747","district":"CENTRO","barrio":"EMBAJADORES","species_code":"LJA","species":"LIGUSTRUM JAPONICUM","perimeter_cm":51.0,"height":9.0,"municipal_x":440394.892,"municipal_y":4473176.478}},{"type":"Feature","id":"MAD-1672493","geometry":{"type":"Point","coordinates":[-3.7072634,40.4081583]},"properties":{"source":"madrid","assetnum":"1672493","district":"CENTRO","barrio":"EMBAJADORES","species_code":"PDA","species":"PLATANUS X HISPANICA","perimeter_cm":97.0,"height":17.0,"municipal_x":439988.947,"municipal_y":4473300.499}},{"type":"Feature","id":"MAD-1682872","geometry":{"type":"Point","coordinates":[-3.6964222,40.4097313]},"properties":{"source":"madrid","assetnum":"1682872","district":"CENTRO","barrio":"EMBAJADORES","species_code":"AJU","species":"ALBIZIA JULIBRISSIN","perimeter_cm":68.0,"height":10.0,"municipal_x":440910.204,"municipal_y":4473467.799}},{"type":"Feature","id":"MAD-1674053","geometry":{"type":"Point","coordinates":[-3.7074302,40.4099518]},"properties":{"source":"madrid","assetnum":"1674053","district":"CENTRO","barrio":"EMBAJADORES","species_code":"LJA","species":"LIGUSTRUM JAPONICUM","perimeter_cm":46.0,"height":8.0,"municipal_x":439976.39,"municipal_y":4473499.695}},{"type":"Feature","id":"MAD-1680308","geometry":{"type":"Point","coordinates":[-3.6935091,40.4078156]},"properties":{"source":"madrid","assetnum":"1680308","district":"CENTRO","barrio":"EMBAJADORES","species_code":"PDA","species":"PLATANUS X HISPANICA","perimeter_cm":117.0,"height":17.0,"municipal_x":441155.711,"municipal_y":4473253.214}},{"type":"Feature","id":"MAD-1629539","geometry":{"type":"Point","coordinates":[-3.7058566,40.4063974]},"properties":{"source":"madrid","assetnum":"1629539","district":"CENTRO","barrio":"EMBAJADORES","species_code":"SJA","species":"STYPHNOLOBIUM JAPONICUM","perimeter_cm":170.0,"height":13.0,"municipal_x":440106.756,"municipal_y":4473104.086}},{"type":"Feature","id":"MAD-1660977","geometry":{"type":"Point","coordinates":[-3.7049068,40.4068798]},"properties":{"source":"madrid","assetnum":"1660977","district":"CENTRO","barrio":"EMBAJADORES","species_code":"UPU","species":"ULMUS PUMILA","perimeter_cm":104.0,"height":12.0,"municipal_x":440187.772,"municipal_y":4473156.995}},{"type":"Feature","id":"MAD-1657073","geometry":{"type":"Point","coordinates":[-3.6960293,40.4083784]},"properties":{"source":"madrid","assetnum":"1657073","district":"CENTRO","barrio":"EMBAJADORES","species_code":"LJV","species":"LIGUSTRUM JAPONICUM 'VARIEGATUM'","perimeter_cm":44.0,"height":7.0,"municipal_x":440942.355,"municipal_y":4473317.366}},{"type":"Feature","id":"MAD-1672516","geometry":{"type":"Point","coordinates":[-3.7071698,40.4111972]},"properties":{"source":"madrid","assetnum":"1672516","district":"CENTRO","barrio":"EMBAJADORES","species_code":"LJA","species":"LIGUSTRUM JAPONICUM","perimeter_cm":65.0,"height":10.0,"municipal_x":439999.587,"municipal_y":4473637.755}},{"type":"Feature","id":"MAD-1649722","geometry":{"type":"Point","coordinates":[-3.708244,40.4062095]},"properties":{"source":"madrid","assetnum":"1649722","district":"CENTRO","barrio":"EMBAJADORES","species_code":"CAU","species":"CELTIS AUSTRALIS","perimeter_cm":77.0,"height":8.0,"municipal_x":439904.009,"municipal_y":4473084.853}},{"type":"Feature","id":"MAD-2075731","geometry":{"type":"Point","coordinates":[-3.7082741,40.4093564]},"properties":{"source":"madrid","assetnum":"2075731","district":"CENTRO","barrio":"EMBAJADORES","species_code":"AHI","species":"AESCULUS HIPPOCASTANUM","perimeter_cm":17.0,"height":3.5,"municipal_x":439904.257,"municipal_y":4473434.182}},{"type":"Feature","id":"MAD-1669388","geometry":{"type":"Point","coordinates":[-3.7038767,40.4106856]},"properties":{"source":"madrid","assetnum":"1669388","district":"CENTRO","barrio":"EMBAJADORES","species_code":"LJA","species":"LIGUSTRUM JAPONICUM","perimeter_cm":37.0,"height":8.0,"municipal_x":440278.541,"municipal_y":4473578.735}},{"type":"Feature","id":"MAD-1662895","geometry":{"type":"Point","coordinates":[-3.707248,40.4060108]},"properties":{"source":"madrid","assetnum":"1662895","district":"CENTRO","barrio":"EMBAJADORES","species_code":"PDA","species":"PLATANUS X HISPANICA","perimeter_cm":35.0,"height":7.0,"municipal_x":439988.348,"municipal_y":4473062.122}},{"type":"Feature","id":"MAD-1653181","geometry":{"type":"Point","coordinates":[-3.6986236,40.4080427]},"properties":{"source":"madrid","assetnum":"1653181","district":"CENTRO","barrio":"EMBAJADORES","species_code":"UPU","species":"ULMUS PUMILA","perimeter_cm":97.0,"height":15.0,"municipal_x":440721.933,"municipal_y":4473281.84}},{"type":"Feature","id":"MAD-1677236","geometry":{"type":"Point","coordinates":[-3.7043065,40.4078561]},"properties":{"source":"madrid","assetnum":"1677236","district":"CENTRO","barrio":"EMBAJADORES","species_code":"SJA","species":"STYPHNOLOBIUM JAPONICUM","perimeter_cm":59.0,"height":12.0,"municipal_x":440239.577,"municipal_y":4473264.961}},{"type":"Feature","id":"MAD-9329788","geometry":{"type":"Point","coordinates":[-3.7072477,40.4103435]},"properties":{"source":"madrid","assetnum":"9329788","district":"CENTRO","barrio":"EMBAJADORES","species_code":"LJA","species":"LIGUSTRUM JAPONICUM","perimeter_cm":16.0,"height":4.0,"municipal_x":439992.22,"municipal_y":4473543.05}},{"type":"Feature","id":"MAD-6747314","geometry":{"type":"Point","coordinates":[-3.7059124,40.4064087]},"properties":{"source":"madrid","assetnum":"6747314","district":"CENTRO","barrio":"EMBAJADORES","species_code":"PDU","species":"PRUNUS DULCIS","perimeter_cm":22.0,"height":4.5,"municipal_x":440102.027,"municipal_y":4473105.379}},{"type":"Feature","id":"MAD-1651566","geometry":{"type":"Point","coordinates":[-3.701324,40.4058456]},"properties":{"source":"madrid","assetnum":"1651566","district":"CENTRO","barrio":"EMBAJADORES","species_code":"LJA","species":"LIGUSTRUM JAPONICUM","perimeter_cm":60.0,"height":9.0,"municipal_x":440490.869,"municipal_y":4473039.782}},{"type":"Feature","id":"MAD-1656296","geometry":{"type":"Point","coordinates":[-3.702148,40.4136399]},"properties":{"source":"madrid","assetnum":"1656296","district":"CENTRO","barrio":"EMBAJADORES","species_code":"AHI","species":"AESCULUS HIPPOCASTANUM","perimeter_cm":52.0,"height":7.0,"municipal_x":440427.822,"municipal_y":4473905.497}},{"type":"Feature","id":"MAD-1657019","geometry":{"type":"Point","coordinates":[-3.692823,40.4092069]},"properties":{"source":"madrid","assetnum":"1657019","district":"CENTRO","barrio":"EMBAJADORES","species_code":"LJV","species":"LIGUSTRUM JAPONICUM 'VARIEGATUM'","perimeter_cm":33.0,"height":7.0,"municipal_x":441215.136,"municipal_y":4473407.195}},{"type":"Feature","id":"MAD-2063867","geometry":{"type":"Point","coordinates":[-3.6980913,40.4073675]},"properties":{"source":"madrid","assetnum":"2063867","district":"CENTRO","barrio":"EMBAJADORES","species_code":"LTM","species":"LIGUSTRUM OVALIFOLIUM 'VARIEGATUM'","perimeter_cm":14.0,"height":3.0,"municipal_x":440766.513,"municipal_y":4473206.534}},{"type":"Feature","id":"MAD-6747379","geometry":{"type":"Point","coordinates":[-3.7045091,40.4066995]},"properties":{"source":"madrid","assetnum":"6747379","district":"CENTRO","barrio":"EMBAJADORES","species_code":"KPA","species":"KOELREUTERIA PANICULATA","perimeter_cm":23.0,"height":4.5,"municipal_x":440221.361,"municipal_y":4473136.712}},{"type":"Feature","id":"MAD-9101072","geometry":{"type":"Point","coordinates":[-3.697155,40.4108738]},"properties":{"source":"madrid","assetnum":"9101072","district":"CENTRO","barrio":"EMBAJADORES","species_code":"PCP","species":"PRUNUS CERASIFERA  SUBSP. PISSARDII","perimeter_cm":18.0,"height":5.0,"municipal_x":440849.023,"municipal_y":4473595.113}},{"type":"Feature","id":"MAD-1651888","geometry":{"type":"Point","coordinates":[-3.6941624,40.4098662]},"properties":{"source":"madrid","assetnum":"1651888","district":"CENTRO","barrio":"EMBAJADORES","species_code":"SJA","species":"STYPHNOLOBIUM JAPONICUM","perimeter_cm":114.0,"height":15.0,"municipal_x":441102.063,"municipal_y":4473481.262}},{"type":"Feature","id":"MAD-1650762","geometry":{"type":"Point","coordinates":[-3.7101733,40.4071511]},"properties":{"source":"madrid","assetnum":"1650762","district":"CENTRO","barrio":"EMBAJADORES","species_code":"CAU","species":"CELTIS AUSTRALIS","perimeter_cm":20.0,"height":5.0,"municipal_x":439741.144,"municipal_y":4473190.682}},{"type":"Feature","id":"MAD-1651597","geometry":{"type":"Point","coordinates":[-3.7003702,40.4083236]},"properties":{"source":"madrid","assetnum":"1651597","district":"CENTRO","barrio":"EMBAJADORES","species_code":"SJA","species":"STYPHNOLOBIUM JAPONICUM","perimeter_cm":108.0,"height":14.0,"municipal_x":440573.982,"municipal_y":4473314.198}},{"type":"Feature","id":"MAD-1628461","geometry":{"type":"Point","coordinates":[-3.7042994,40.4064978]},"properties":{"source":"madrid","assetnum":"1628461","district":"CENTRO","barrio":"EMBAJADORES","species_code":"MEA","species":"MELIA AZEDARACH","perimeter_cm":81.0,"height":8.0,"municipal_x":440238.978,"municipal_y":4473114.178}},{"type":"Feature","id":"MAD-2061691","geometry":{"type":"Point","coordinates":[-3.6929934,40.4077526]},"properties":{"source":"madrid","assetnum":"2061691","district":"CENTRO","barrio":"EMBAJADORES","species_code":"LST","species":"LIQUIDAMBAR STYRACIFLUA","perimeter_cm":35.0,"height":5.0,"municipal_x":441199.412,"municipal_y":4473245.884}},{"type":"Feature","id":"MAD-10202469","geometry":{"type":"Point","coordinates":[-3.7049347,40.412101]},"properties":{"source":"madrid","assetnum":"10202469","district":"CENTRO","barrio":"EMBAJADORES","species_code":"CAU","species":"CELTIS AUSTRALIS","perimeter_cm":27.0,"height":5.0,"municipal_x":440190.034,"municipal_y":4473736.564}},{"type":"Feature","id":"MAD-1683785","geometry":{"type":"Point","coordinates":[-3.7024389,40.4071553]},"properties":{"source":"madrid","assetnum":"1683785","district":"CENTRO","barrio":"EMBAJADORES","species_code":"LJA","species":"LIGUSTRUM JAPONICUM","perimeter_cm":35.0,"height":7.0,"municipal_x":440397.428,"municipal_y":4473185.911}},{"type":"Feature","id":"MAD-9345663","geometry":{"type":"Point","coordinates":[-3.7022816,40.4134435]},"properties":{"source":"madrid","assetnum":"9345663","district":"CENTRO","barrio":"EMBAJADORES","species_code":"LJA","species":"LIGUSTRUM JAPONICUM","perimeter_cm":18.0,"height":3.5,"municipal_x":440416.319,"municipal_y":4473883.783}},{"type":"Feature","id":"MAD-1645189","geometry":{"type":"Point","coordinates":[-3.7037187,40.4096202]},"properties":{"source":"madrid","assetnum":"1645189","district":"CENTRO","barrio":"EMBAJADORES","species_code":"PCY","species":"PYRUS CALLERYANA","perimeter_cm":41.0,"height":6.0,"municipal_x":440291.008,"municipal_y":4473460.368}},{"type":"Feature","id":"MAD-1645794","geometry":{"type":"Point","coordinates":[-3.7102767,40.4070257]},"properties":{"source":"madrid","assetnum":"1645794","district":"CENTRO","barrio":"EMBAJADORES","species_code":"CAU","species":"CELTIS AUSTRALIS","perimeter_cm":40.0,"height":7.0,"municipal_x":439732.255,"municipal_y":4473176.838}},{"type":"Feature","id":"MAD-1651584","geometry":{"type":"Point","coordinates":[-3.6960952,40.4082058]},"properties":{"source":"madrid","assetnum":"1651584","district":"CENTRO","barrio":"EMBAJADORES","species_code":"LJA","species":"LIGUSTRUM JAPONICUM","perimeter_cm":38.0,"height":9.0,"municipal_x":440936.614,"municipal_y":4473298.257}},{"type":"Feature","id":"MAD-1651704","geometry":{"type":"Point","coordinates":[-3.6955519,40.4072201]},"properties":{"source":"madrid","assetnum":"1651704","district":"CENTRO","barrio":"EMBAJADORES","species_code":"SJA","species":"STYPHNOLOBIUM JAPONICUM","perimeter_cm":104.0,"height":15.0,"municipal_x":440981.851,"municipal_y":4473188.476}},{"type":"Feature","id":"MAD-1656340","geometry":{"type":"Point","coordinates":[-3.7030498,40.4059734]},"properties":{"source":"madrid","assetnum":"1656340","district":"CENTRO","barrio":"EMBAJADORES","species_code":"SJA","species":"STYPHNOLOBIUM JAPONICUM","perimeter_cm":25.0,"height":8.0,"municipal_x":440344.548,"municipal_y":4473055.128}},{"type":"Feature","id":"MAD-9389565","geometry":{"type":"Point","coordinates":[-3.7078344,40.4096302]},"properties":{"source":"madrid","assetnum":"9389565","district":"CENTRO","barrio":"EMBAJADORES","species_code":"AMO","species":"ACER MONSPESSULANUM","perimeter_cm":14.0,"height":3.0,"municipal_x":439941.808,"municipal_y":4473464.276}},{"type":"Feature","id":"MAD-7129885","geometry":{"type":"Point","coordinates":[-3.7105454,40.4069082]},"properties":{"source":"madrid","assetnum":"7129885","district":"CENTRO","barrio":"EMBAJADORES","species_code":"CAU","species":"CELTIS AUSTRALIS","perimeter_cm":25.0,"height":5.0,"municipal_x":439709.355,"municipal_y":4473163.976}},{"type":"Feature","id":"MAD-9394447","geometry":{"type":"Point","coordinates":[-3.6995993,40.4061715]},"properties":{"source":"madrid","assetnum":"9394447","district":"CENTRO","barrio":"EMBAJADORES","species_code":"LJA","species":"LIGUSTRUM JAPONICUM","perimeter_cm":16.0,"height":3.5,"municipal_x":440637.503,"municipal_y":4473074.795}},{"type":"Feature","id":"MAD-1629590","geometry":{"type":"Point","coordinates":[-3.7026002,40.4078892]},"properties":{"source":"madrid","assetnum":"1629590","district":"CENTRO","barrio":"EMBAJADORES","species_code":"ANE","species":"ACER NEGUNDO","perimeter_cm":85.0,"height":10.0,"municipal_x":440384.387,"municipal_y":4473267.475}},{"type":"Feature","id":"MAD-2062875","geometry":{"type":"Point","coordinates":[-3.6983458,40.4072474]},"properties":{"source":"madrid","assetnum":"2062875","district":"CENTRO","barrio":"EMBAJADORES","species_code":"LJV","species":"LIGUSTRUM JAPONICUM 'VARIEGATUM'","perimeter_cm":21.0,"height":4.5,"municipal_x":440744.814,"municipal_y":4473193.372}},{"type":"Feature","id":"MAD-9101099","geometry":{"type":"Point","coordinates":[-3.6974601,40.4112006]},"properties":{"source":"madrid","assetnum":"9101099","district":"CENTRO","barrio":"EMBAJADORES","species_code":"PCP","species":"PRUNUS CERASIFERA  SUBSP. PISSARDII","perimeter_cm":18.0,"height":5.0,"municipal_x":440823.429,"municipal_y":4473631.584}},{"type":"Feature","id":"MAD-1643028","geometry":{"type":"Point","coordinates":[-3.7101839,40.4068685]},"properties":{"source":"madrid","assetnum":"1643028","district":"CENTRO","barrio":"EMBAJADORES","species_code":"ANE","species":"ACER NEGUNDO","perimeter_cm":133.0,"height":9.0,"municipal_x":439739.996,"municipal_y":4473159.318}},{"type":"Feature","id":"MAD-1654011","geometry":{"type":"Point","coordinates":[-3.7000535,40.4071228]},"properties":{"source":"madrid","assetnum":"1654011","district":"CENTRO","barrio":"EMBAJADORES","species_code":"LJA","species":"LIGUSTRUM JAPONICUM","perimeter_cm":39.0,"height":7.0,"municipal_x":440599.799,"municipal_y":4473180.695}},{"type":"Feature","id":"MAD-1668926","geometry":{"type":"Point","coordinates":[-3.7071475,40.406764]},"properties":{"source":"madrid","assetnum":"1668926","district":"CENTRO","barrio":"EMBAJADORES","species_code":"PDA","species":"PLATANUS X HISPANICA","perimeter_cm":61.0,"height":14.0,"municipal_x":439997.543,"municipal_y":4473145.663}},{"type":"Feature","id":"MAD-1684373","geometry":{"type":"Point","coordinates":[-3.7030491,40.4134012]},"properties":{"source":"madrid","assetnum":"1684373","district":"CENTRO","barrio":"EMBAJADORES","species_code":"LJA","species":"LIGUSTRUM JAPONICUM","perimeter_cm":40.0,"height":9.0,"municipal_x":440351.162,"municipal_y":4473879.61}},{"type":"Feature","id":"MAD-9389564","geometry":{"type":"Point","coordinates":[-3.7079012,40.4096126]},"properties":{"source":"madrid","assetnum":"9389564","district":"CENTRO","barrio":"EMBAJADORES","species_code":"AMO","species":"ACER MONSPESSULANUM","perimeter_cm":14.0,"height":3.0,"municipal_x":439936.12,"municipal_y":4473462.366}},{"type":"Feature","id":"MAD-7129734","geometry":{"type":"Point","coordinates":[-3.7072471,40.4102851]},"properties":{"source":"madrid","assetnum":"7129734","district":"CENTRO","barrio":"EMBAJADORES","species_code":"LJA","species":"LIGUSTRUM JAPONICUM","perimeter_cm":26.0,"height":3.5,"municipal_x":439992.217,"municipal_y":4473536.565}},{"type":"Feature","id":"MAD-1681968","geometry":{"type":"Point","coordinates":[-3.6961605,40.4096161]},"properties":{"source":"madrid","assetnum":"1681968","district":"CENTRO","barrio":"EMBAJADORES","species_code":"PCY","species":"PYRUS CALLERYANA","perimeter_cm":15.0,"height":5.0,"municipal_x":440932.304,"municipal_y":4473454.838}},{"type":"Feature","id":"MAD-2062736","geometry":{"type":"Point","coordinates":[-3.6988309,40.4071206]},"properties":{"source":"madrid","assetnum":"2062736","district":"CENTRO","barrio":"EMBAJADORES","species_code":"LJV","species":"LIGUSTRUM JAPONICUM 'VARIEGATUM'","perimeter_cm":24.0,"height":4.0,"municipal_x":440703.542,"municipal_y":4473179.629}},{"type":"Feature","id":"MAD-1676770","geometry":{"type":"Point","coordinates":[-3.7051402,40.4068047]},"properties":{"source":"madrid","assetnum":"1676770","district":"CENTRO","barrio":"EMBAJADORES","species_code":"UPU","species":"ULMUS PUMILA","perimeter_cm":110.0,"height":16.0,"municipal_x":440167.902,"municipal_y":4473148.815}},{"type":"Feature","id":"MAD-1657420","geometry":{"type":"Point","coordinates":[-3.7007203,40.4074163]},"properties":{"source":"madrid","assetnum":"1657420","district":"CENTRO","barrio":"EMBAJADORES","species_code":"PCP","species":"PRUNUS CERASIFERA  SUBSP. PISSARDII","perimeter_cm":25.0,"height":6.0,"municipal_x":440543.483,"municipal_y":4473213.722}},{"type":"Feature","id":"MAD-1673167","geometry":{"type":"Point","coordinates":[-3.7035204,40.407324]},"properties":{"source":"madrid","assetnum":"1673167","district":"CENTRO","barrio":"EMBAJADORES","species_code":"UPU","species":"ULMUS PUMILA","perimeter_cm":93.0,"height":12.0,"municipal_x":440305.806,"municipal_y":4473205.357}},{"type":"Feature","id":"MAD-1660985","geometry":{"type":"Point","coordinates":[-3.7066716,40.4062795]},"properties":{"source":"madrid","assetnum":"1660985","district":"CENTRO","barrio":"EMBAJADORES","species_code":"UPU","species":"ULMUS PUMILA","perimeter_cm":90.0,"height":14.0,"municipal_x":440037.498,"municipal_y":4473091.561}},{"type":"Feature","id":"MAD-1683507","geometry":{"type":"Point","coordinates":[-3.6955641,40.4088539]},"properties":{"source":"madrid","assetnum":"1683507","district":"CENTRO","barrio":"EMBAJADORES","species_code":"LJV","species":"LIGUSTRUM JAPONICUM 'VARIEGATUM'","perimeter_cm":44.0,"height":8.0,"municipal_x":440982.249,"municipal_y":4473369.842}},{"type":"Feature","id":"MAD-1683608","geometry":{"type":"Point","coordinates":[-3.6975075,40.4065449]},"properties":{"source":"madrid","assetnum":"1683608","district":"CENTRO","barrio":"EMBAJADORES","species_code":"LJV","species":"LIGUSTRUM JAPONICUM 'VARIEGATUM'","perimeter_cm":18.0,"height":2.5,"municipal_x":440815.323,"municipal_y":4473114.834}},{"type":"Feature","id":"MAD-1671799","geometry":{"type":"Point","coordinates":[-3.701707,40.4134885]},"properties":{"source":"madrid","assetnum":"1671799","district":"CENTRO","barrio":"EMBAJADORES","species_code":"AHI","species":"AESCULUS HIPPOCASTANUM","perimeter_cm":59.0,"height":8.0,"municipal_x":440465.112,"municipal_y":4473888.391}},{"type":"Feature","id":"MAD-1682921","geometry":{"type":"Point","coordinates":[-3.7000209,40.4123405]},"properties":{"source":"madrid","assetnum":"1682921","district":"CENTRO","barrio":"EMBAJADORES","species_code":"LJA","species":"LIGUSTRUM JAPONICUM","perimeter_cm":46.0,"height":12.0,"municipal_x":440607.152,"municipal_y":4473759.836}},{"type":"Feature","id":"MAD-1671940","geometry":{"type":"Point","coordinates":[-3.7030014,40.4135107]},"properties":{"source":"madrid","assetnum":"1671940","district":"CENTRO","barrio":"EMBAJADORES","species_code":"LJA","species":"LIGUSTRUM JAPONICUM","perimeter_cm":37.0,"height":8.0,"municipal_x":440355.308,"municipal_y":4473891.729}},{"type":"Feature","id":"MAD-10128667","geometry":{"type":"Point","coordinates":[-3.7031237,40.4075131]},"properties":{"source":"madrid","assetnum":"10128667","district":"CENTRO","barrio":"EMBAJADORES","species_code":"LJA","species":"LIGUSTRUM JAPONICUM","perimeter_cm":14.0,"height":2.5,"municipal_x":440339.635,"municipal_y":4473226.081}},{"type":"Feature","id":"MAD-1629635","geometry":{"type":"Point","coordinates":[-3.7048831,40.4064231]},"properties":{"source":"madrid","assetnum":"1629635","district":"CENTRO","barrio":"EMBAJADORES","species_code":"CAU","species":"CELTIS AUSTRALIS","perimeter_cm":65.0,"height":7.0,"municipal_x":440189.385,"municipal_y":4473106.286}},{"type":"Feature","id":"MAD-1651625","geometry":{"type":"Point","coordinates":[-3.7030533,40.4095509]},"properties":{"source":"madrid","assetnum":"1651625","district":"CENTRO","barrio":"EMBAJADORES","species_code":"LJA","species":"LIGUSTRUM JAPONICUM","perimeter_cm":45.0,"height":10.0,"municipal_x":440347.409,"municipal_y":4473452.229}},{"type":"Feature","id":"MAD-7501919","geometry":{"type":"Point","coordinates":[-3.7038753,40.4097007]},"properties":{"source":"madrid","assetnum":"7501919","district":"CENTRO","barrio":"EMBAJADORES","species_code":"PCY","species":"PYRUS CALLERYANA","perimeter_cm":38.0,"height":5.0,"municipal_x":440277.794,"municipal_y":4473469.413}},{"type":"Feature","id":"MAD-1671850","geometry":{"type":"Point","coordinates":[-3.7030775,40.4060203]},"properties":{"source":"madrid","assetnum":"1671850","district":"CENTRO","barrio":"EMBAJADORES","species_code":"SJA","species":"STYPHNOLOBIUM JAPONICUM","perimeter_cm":33.0,"height":8.0,"municipal_x":440342.238,"municipal_y":4473060.348}},{"type":"Feature","id":"MAD-1663282","geometry":{"type":"Point","coordinates":[-3.705238,40.4113414]},"properties":{"source":"madrid","assetnum":"1663282","district":"CENTRO","barrio":"EMBAJADORES","species_code":"LJA","species":"LIGUSTRUM JAPONICUM","perimeter_cm":59.0,"height":10.0,"municipal_x":440163.62,"municipal_y":4473652.453}},{"type":"Feature","id":"MAD-1661611","geometry":{"type":"Point","coordinates":[-3.7074511,40.4080763]},"properties":{"source":"madrid","assetnum":"1661611","district":"CENTRO","barrio":"EMBAJADORES","species_code":"PDA","species":"PLATANUS X HISPANICA","perimeter_cm":113.0,"height":17.0,"municipal_x":439972.948,"municipal_y":4473291.533}},{"type":"Feature","id":"MAD-5038443","geometry":{"type":"Point","coordinates":[-3.7089013,40.4065384]},"properties":{"source":"madrid","assetnum":"5038443","district":"CENTRO","barrio":"EMBAJADORES","species_code":"LIN","species":"LAGERSTROEMIA INDICA","perimeter_cm":16.0,"height":3.0,"municipal_x":439848.528,"municipal_y":4473121.81}},{"type":"Feature","id":"MAD-1628608","geometry":{"type":"Point","coordinates":[-3.7038543,40.4084342]},"properties":{"source":"madrid","assetnum":"1628608","district":"CENTRO","barrio":"EMBAJADORES","species_code":"MGR","species":"MAGNOLIA GRANDIFLORA","perimeter_cm":55.0,"height":9.0,"municipal_x":440278.453,"municipal_y":4473328.818}},{"type":"Feature","id":"MAD-1659804","geometry":{"type":"Point","coordinates":[-3.7055575,40.4091981]},"properties":{"source":"madrid","assetnum":"1659804","district":"CENTRO","barrio":"EMBAJADORES","species_code":"LJA","species":"LIGUSTRUM JAPONICUM","perimeter_cm":42.0,"height":10.0,"municipal_x":440134.618,"municipal_y":4473414.768}},{"type":"Feature","id":"MAD-1668925","geometry":{"type":"Point","coordinates":[-3.7073333,40.4067992]},"properties":{"source":"madrid","assetnum":"1668925","district":"CENTRO","barrio":"EMBAJADORES","species_code":"PDA","species":"PLATANUS X HISPANICA","perimeter_cm":18.0,"height":6.5,"municipal_x":439981.807,"municipal_y":4473149.687}},{"type":"Feature","id":"MAD-1661582","geometry":{"type":"Point","coordinates":[-3.7071235,40.4099714]},"properties":{"source":"madrid","assetnum":"1661582","district":"CENTRO","barrio":"EMBAJADORES","species_code":"PDA","species":"PLATANUS X HISPANICA","perimeter_cm":134.0,"height":17.0,"municipal_x":440002.429,"municipal_y":4473501.66}},{"type":"Feature","id":"MAD-1649204","geometry":{"type":"Point","coordinates":[-3.6992324,40.4070176]},"properties":{"source":"madrid","assetnum":"1649204","district":"CENTRO","barrio":"EMBAJADORES","species_code":"LJV","species":"LIGUSTRUM JAPONICUM 'VARIEGATUM'","perimeter_cm":20.0,"height":5.0,"municipal_x":440669.383,"municipal_y":4473168.467}},{"type":"Feature","id":"MAD-1679521","geometry":{"type":"Point","coordinates":[-3.6973755,40.4078512]},"properties":{"source":"madrid","assetnum":"1679521","district":"CENTRO","barrio":"EMBAJADORES","species_code":"SJA","species":"STYPHNOLOBIUM JAPONICUM","perimeter_cm":45.0,"height":9.0,"municipal_x":440827.672,"municipal_y":4473259.748}},{"type":"Feature","id":"MAD-1672509","geometry":{"type":"Point","coordinates":[-3.7039403,40.4127502]},"properties":{"source":"madrid","assetnum":"1672509","district":"CENTRO","barrio":"EMBAJADORES","species_code":"LJA","species":"LIGUSTRUM JAPONICUM","perimeter_cm":27.0,"height":5.0,"municipal_x":440274.973,"municipal_y":4473807.951}},{"type":"Feature","id":"MAD-1653852","geometry":{"type":"Point","coordinates":[-3.7017196,40.4113632]},"properties":{"source":"madrid","assetnum":"1653852","district":"CENTRO","barrio":"EMBAJADORES","species_code":"LJA","species":"LIGUSTRUM JAPONICUM","perimeter_cm":18.0,"height":4.0,"municipal_x":440462.162,"municipal_y":4473652.493}},{"type":"Feature","id":"MAD-1663201","geometry":{"type":"Point","coordinates":[-3.7052305,40.4088691]},"properties":{"source":"madrid","assetnum":"1663201","district":"CENTRO","barrio":"EMBAJADORES","species_code":"SJA","species":"STYPHNOLOBIUM JAPONICUM","perimeter_cm":59.0,"height":11.0,"municipal_x":440162.067,"municipal_y":4473378.027}},{"type":"Feature","id":"MAD-1673778","geometry":{"type":"Point","coordinates":[-3.7074197,40.4084069]},"properties":{"source":"madrid","assetnum":"1673778","district":"CENTRO","barrio":"EMBAJADORES","species_code":"PDA","species":"PLATANUS X HISPANICA","perimeter_cm":137.0,"height":18.0,"municipal_x":439975.909,"municipal_y":4473328.204}},{"type":"Feature","id":"MAD-1650703","geometry":{"type":"Point","coordinates":[-3.7057356,40.4063313]},"properties":{"source":"madrid","assetnum":"1650703","district":"CENTRO","barrio":"EMBAJADORES","species_code":"CAU","species":"CELTIS AUSTRALIS","perimeter_cm":43.0,"height":7.0,"municipal_x":440116.965,"municipal_y":4473096.672}},{"type":"Feature","id":"MAD-10202448","geometry":{"type":"Point","coordinates":[-3.7047398,40.4123824]},"properties":{"source":"madrid","assetnum":"10202448","district":"CENTRO","barrio":"EMBAJADORES","species_code":"PAR","species":"PYRUS CALLERYANA 'CHANTICLEER'","perimeter_cm":30.0,"height":5.0,"municipal_x":440206.818,"municipal_y":4473767.668}},{"type":"Feature","id":"MAD-1629799","geometry":{"type":"Point","coordinates":[-3.7037714,40.4083605]},"properties":{"source":"madrid","assetnum":"1629799","district":"CENTRO","barrio":"EMBAJADORES","species_code":"AHI","species":"AESCULUS HIPPOCASTANUM","perimeter_cm":57.0,"height":9.0,"municipal_x":440285.424,"municipal_y":4473320.582}},{"type":"Feature","id":"MAD-1685290","geometry":{"type":"Point","coordinates":[-3.7061854,40.4064403]},"properties":{"source":"madrid","assetnum":"1685290","district":"CENTRO","barrio":"EMBAJADORES","species_code":"UPU","species":"ULMUS PUMILA","perimeter_cm":104.0,"height":16.0,"municipal_x":440078.897,"municipal_y":4473109.075}},{"type":"Feature","id":"MAD-1659865","geometry":{"type":"Point","coordinates":[-3.7029456,40.4058089]},"properties":{"source":"madrid","assetnum":"1659865","district":"CENTRO","barrio":"EMBAJADORES","species_code":"LJV","species":"LIGUSTRUM JAPONICUM 'VARIEGATUM'","perimeter_cm":49.0,"height":6.5,"municipal_x":440353.242,"municipal_y":4473036.803}},{"type":"Feature","id":"MAD-1673108","geometry":{"type":"Point","coordinates":[-3.707133,40.4098517]},"properties":{"source":"madrid","assetnum":"1673108","district":"CENTRO","barrio":"EMBAJADORES","species_code":"LJA","species":"LIGUSTRUM JAPONICUM","perimeter_cm":55.0,"height":10.0,"municipal_x":440001.52,"municipal_y":4473488.38}},{"type":"Feature","id":"MAD-1661676","geometry":{"type":"Point","coordinates":[-3.7063161,40.4105634]},"properties":{"source":"madrid","assetnum":"1661676","district":"CENTRO","barrio":"EMBAJADORES","species_code":"LJA","species":"LIGUSTRUM JAPONICUM","perimeter_cm":41.0,"height":10.0,"municipal_x":440071.46,"municipal_y":4473566.829}},{"type":"Feature","id":"MAD-1680333","geometry":{"type":"Point","coordinates":[-3.6962097,40.4096404]},"properties":{"source":"madrid","assetnum":"1680333","district":"CENTRO","barrio":"EMBAJADORES","species_code":"PCY","species":"PYRUS CALLERYANA","perimeter_cm":17.0,"height":5.0,"municipal_x":440928.154,"municipal_y":4473457.568}},{"type":"Feature","id":"MAD-1629793","geometry":{"type":"Point","coordinates":[-3.706223,40.4062624]},"properties":{"source":"madrid","assetnum":"1629793","district":"CENTRO","barrio":"EMBAJADORES","species_code":"SJA","species":"STYPHNOLOBIUM JAPONICUM","perimeter_cm":64.0,"height":8.0,"municipal_x":440075.549,"municipal_y":4473089.35}},{"type":"Feature","id":"MAD-2053731","geometry":{"type":"Point","coordinates":[-3.6924809,40.4083381]},"properties":{"source":"madrid","assetnum":"2053731","district":"CENTRO","barrio":"EMBAJADORES","species_code":"CSE","species":"CUPRESSUS SEMPERVIRENS","perimeter_cm":62.0,"height":8.0,"municipal_x":441243.407,"municipal_y":4473310.532}},{"type":"Feature","id":"MAD-1656788","geometry":{"type":"Point","coordinates":[-3.7020829,40.4136194]},"properties":{"source":"madrid","assetnum":"1656788","district":"CENTRO","barrio":"EMBAJADORES","species_code":"AHI","species":"AESCULUS HIPPOCASTANUM","perimeter_cm":60.0,"height":8.0,"municipal_x":440433.331,"municipal_y":4473903.177}},{"type":"Feature","id":"MAD-5272381","geometry":{"type":"Point","coordinates":[-3.6947937,40.4101392]},"properties":{"source":"madrid","assetnum":"5272381","district":"CENTRO","barrio":"EMBAJADORES","species_code":"SJA","species":"STYPHNOLOBIUM JAPONICUM","perimeter_cm":26.0,"height":5.5,"municipal_x":441048.739,"municipal_y":4473511.992}},{"type":"Feature","id":"MAD-1672596","geometry":{"type":"Point","coordinates":[-3.707429,40.4108675]},"properties":{"source":"madrid","assetnum":"1672596","district":"CENTRO","barrio":"EMBAJADORES","species_code":"LJA","species":"LIGUSTRUM JAPONICUM","perimeter_cm":61.0,"height":7.0,"municipal_x":439977.303,"municipal_y":4473601.331}},{"type":"Feature","id":"MAD-1683605","geometry":{"type":"Point","coordinates":[-3.6955025,40.4089318]},"properties":{"source":"madrid","assetnum":"1683605","district":"CENTRO","barrio":"EMBAJADORES","species_code":"LJV","species":"LIGUSTRUM JAPONICUM 'VARIEGATUM'","perimeter_cm":34.0,"height":7.0,"municipal_x":440987.539,"municipal_y":4473378.44}},{"type":"Feature","id":"MAD-1676902","geometry":{"type":"Point","coordinates":[-3.7050822,40.4068223]},"properties":{"source":"madrid","assetnum":"1676902","district":"CENTRO","barrio":"EMBAJADORES","species_code":"UPU","species":"ULMUS PUMILA","perimeter_cm":94.0,"height":16.0,"municipal_x":440172.842,"municipal_y":4473150.725}},{"type":"Feature","id":"MAD-1671851","geometry":{"type":"Point","coordinates":[-3.7031274,40.4061107]},"properties":{"source":"madrid","assetnum":"1671851","district":"CENTRO","barrio":"EMBAJADORES","species_code":"SJA","species":"STYPHNOLOBIUM JAPONICUM","perimeter_cm":48.0,"height":10.0,"municipal_x":440338.078,"municipal_y":4473070.418}},{"type":"Feature","id":"MAD-10140161","geometry":{"type":"Point","coordinates":[-3.7072511,40.4103914]},"properties":{"source":"madrid","assetnum":"10140161","district":"CENTRO","barrio":"EMBAJADORES","species_code":"LJA","species":"LIGUSTRUM JAPONICUM","perimeter_cm":22.0,"height":4.2,"municipal_x":439991.973,"municipal_y":4473548.364}},{"type":"Feature","id":"MAD-1657081","geometry":{"type":"Point","coordinates":[-3.7032699,40.4140292]},"properties":{"source":"madrid","assetnum":"1657081","district":"CENTRO","barrio":"EMBAJADORES","species_code":"AHI","species":"AESCULUS HIPPOCASTANUM","perimeter_cm":44.0,"height":6.0,"municipal_x":440332.98,"municipal_y":4473949.467}},{"type":"Feature","id":"MAD-1676799","geometry":{"type":"Point","coordinates":[-3.7112659,40.4071363]},"properties":{"source":"madrid","assetnum":"1676799","district":"CENTRO","barrio":"EMBAJADORES","species_code":"PDA","species":"PLATANUS X HISPANICA","perimeter_cm":118.0,"height":15.0,"municipal_x":439648.421,"municipal_y":4473189.791}},{"type":"Feature","id":"MAD-1683575","geometry":{"type":"Point","coordinates":[-3.7021939,40.4053522]},"properties":{"source":"madrid","assetnum":"1683575","district":"CENTRO","barrio":"EMBAJADORES","species_code":"PDA","species":"PLATANUS X HISPANICA","perimeter_cm":98.0,"height":15.0,"municipal_x":440416.622,"municipal_y":4472985.602}},{"type":"Feature","id":"MAD-9285541","geometry":{"type":"Point","coordinates":[-3.7026842,40.4080176]},"properties":{"source":"madrid","assetnum":"9285541","district":"CENTRO","barrio":"EMBAJADORES","species_code":"PCP","species":"PRUNUS CERASIFERA  SUBSP. PISSARDII","perimeter_cm":16.0,"height":3.5,"municipal_x":440377.372,"municipal_y":4473281.787}},{"type":"Feature","id":"MAD-9875947","geometry":{"type":"Point","coordinates":[-3.703914,40.4107346]},"properties":{"source":"madrid","assetnum":"9875947","district":"CENTRO","barrio":"EMBAJADORES","species_code":"LJA","species":"LIGUSTRUM JAPONICUM","perimeter_cm":14.0,"height":3.0,"municipal_x":440275.421,"municipal_y":4473584.207}},{"type":"Feature","id":"MAD-1683107","geometry":{"type":"Point","coordinates":[-3.7009285,40.4097184]},"properties":{"source":"madrid","assetnum":"1683107","district":"CENTRO","barrio":"EMBAJADORES","species_code":"RPS","species":"ROBINIA PSEUDOACACIA","perimeter_cm":65.0,"height":13.0,"municipal_x":440527.836,"municipal_y":4473469.393}},{"type":"Feature","id":"MAD-1685110","geometry":{"type":"Point","coordinates":[-3.7046182,40.4092479]},"properties":{"source":"madrid","assetnum":"1685110","district":"CENTRO","barrio":"EMBAJADORES","species_code":"LJA","species":"LIGUSTRUM JAPONICUM","perimeter_cm":61.0,"height":10.0,"municipal_x":440214.356,"municipal_y":4473419.654}},{"type":"Feature","id":"MAD-10202634","geometry":{"type":"Point","coordinates":[-3.6990178,40.410885]},"properties":{"source":"madrid","assetnum":"10202634","district":"CENTRO","barrio":"EMBAJADORES","species_code":"AMO","species":"ACER MONSPESSULANUM","perimeter_cm":18.0,"height":4.0,"municipal_x":440690.981,"municipal_y":4473597.596}},{"type":"Feature","id":"MAD-1629567","geometry":{"type":"Point","coordinates":[-3.7047135,40.406405]},"properties":{"source":"madrid","assetnum":"1629567","district":"CENTRO","barrio":"EMBAJADORES","species_code":"CAU","species":"CELTIS AUSTRALIS","perimeter_cm":61.0,"height":7.0,"municipal_x":440203.759,"municipal_y":4473104.161}},{"type":"Feature","id":"MAD-1674067","geometry":{"type":"Point","coordinates":[-3.7072457,40.4090274]},"properties":{"source":"madrid","assetnum":"1674067","district":"CENTRO","barrio":"EMBAJADORES","species_code":"PDA","species":"PLATANUS X HISPANICA","perimeter_cm":150.0,"height":18.0,"municipal_x":439991.218,"municipal_y":4473396.959}},{"type":"Feature","id":"MAD-1657288","geometry":{"type":"Point","coordinates":[-3.7010342,40.4089372]},"properties":{"source":"madrid","assetnum":"1657288","district":"CENTRO","barrio":"EMBAJADORES","species_code":"LJA","species":"LIGUSTRUM JAPONICUM","perimeter_cm":39.0,"height":6.5,"municipal_x":440518.184,"municipal_y":4473382.754}},{"type":"Feature","id":"MAD-9126615","geometry":{"type":"Point","coordinates":[-3.6996351,40.4069671]},"properties":{"source":"madrid","assetnum":"9126615","district":"CENTRO","barrio":"EMBAJADORES","species_code":"LJV","species":"LIGUSTRUM JAPONICUM 'VARIEGATUM'","perimeter_cm":17.0,"height":4.0,"municipal_x":440635.167,"municipal_y":4473163.128}},{"type":"Feature","id":"MAD-6747279","geometry":{"type":"Point","coordinates":[-3.7055356,40.4061313]},"properties":{"source":"madrid","assetnum":"6747279","district":"CENTRO","barrio":"EMBAJADORES","species_code":"PDU","species":"PRUNUS DULCIS","perimeter_cm":27.0,"height":4.0,"municipal_x":440133.761,"municipal_y":4473074.339}},{"type":"Feature","id":"MAD-1629775","geometry":{"type":"Point","coordinates":[-3.705676,40.4057038]},"properties":{"source":"madrid","assetnum":"1629775","district":"CENTRO","barrio":"EMBAJADORES","species_code":"SJA","species":"STYPHNOLOBIUM JAPONICUM","perimeter_cm":70.0,"height":8.0,"municipal_x":440121.465,"municipal_y":4473026.977}},{"type":"Feature","id":"MAD-5037255","geometry":{"type":"Point","coordinates":[-3.7002557,40.4083041]},"properties":{"source":"madrid","assetnum":"5037255","district":"CENTRO","barrio":"EMBAJADORES","species_code":"SJA","species":"STYPHNOLOBIUM JAPONICUM","perimeter_cm":14.0,"height":3.8,"municipal_x":440583.682,"municipal_y":4473311.958}},{"type":"Feature","id":"MAD-1630027","geometry":{"type":"Point","coordinates":[-3.7038777,40.4066942]},"properties":{"source":"madrid","assetnum":"1630027","district":"CENTRO","barrio":"EMBAJADORES","species_code":"PCP","species":"PRUNUS CERASIFERA  SUBSP. PISSARDII","perimeter_cm":60.0,"height":6.0,"municipal_x":440274.929,"municipal_y":4473135.691}},{"type":"Feature","id":"MAD-1647758","geometry":{"type":"Point","coordinates":[-3.7051877,40.4139216]},"properties":{"source":"madrid","assetnum":"1647758","district":"CENTRO","barrio":"EMBAJADORES","species_code":"HSY","species":"HIBISCUS SYRIACUS","perimeter_cm":19.0,"height":4.0,"municipal_x":440170.178,"municipal_y":4473938.824}},{"type":"Feature","id":"MAD-1672057","geometry":{"type":"Point","coordinates":[-3.7005134,40.4064328]},"properties":{"source":"madrid","assetnum":"1672057","district":"CENTRO","barrio":"EMBAJADORES","species_code":"LJA","species":"LIGUSTRUM JAPONICUM","perimeter_cm":35.0,"height":9.0,"municipal_x":440560.171,"municipal_y":4473104.418}},{"type":"Feature","id":"MAD-1679550","geometry":{"type":"Point","coordinates":[-3.6975055,40.4078703]},"properties":{"source":"madrid","assetnum":"1679550","district":"CENTRO","barrio":"EMBAJADORES","species_code":"UPU","species":"ULMUS PUMILA","perimeter_cm":107.0,"height":17.0,"municipal_x":440816.653,"municipal_y":4473261.958}},{"type":"Feature","id":"MAD-1659793","geometry":{"type":"Point","coordinates":[-3.7061178,40.4065025]},"properties":{"source":"madrid","assetnum":"1659793","district":"CENTRO","barrio":"EMBAJADORES","species_code":"UPU","species":"ULMUS PUMILA","perimeter_cm":140.0,"height":17.0,"municipal_x":440084.688,"municipal_y":4473115.928}},{"type":"Feature","id":"MAD-1658587","geometry":{"type":"Point","coordinates":[-3.6930125,40.4088919]},"properties":{"source":"madrid","assetnum":"1658587","district":"CENTRO","barrio":"EMBAJADORES","species_code":"LJV","species":"LIGUSTRUM JAPONICUM 'VARIEGATUM'","perimeter_cm":46.0,"height":8.0,"municipal_x":441198.782,"municipal_y":4473372.355}},{"type":"Feature","id":"MAD-1661235","geometry":{"type":"Point","coordinates":[-3.7050897,40.4088032]},"properties":{"source":"madrid","assetnum":"1661235","district":"CENTRO","barrio":"EMBAJADORES","species_code":"SJA","species":"STYPHNOLOBIUM JAPONICUM","perimeter_cm":70.0,"height":13.0,"municipal_x":440173.957,"municipal_y":4473370.617}},{"type":"Feature","id":"MAD-1676718","geometry":{"type":"Point","coordinates":[-3.6949895,40.4090372]},"properties":{"source":"madrid","assetnum":"1676718","district":"CENTRO","barrio":"EMBAJADORES","species_code":"AJU","species":"ALBIZIA JULIBRISSIN","perimeter_cm":14.0,"height":4.0,"municipal_x":441031.159,"municipal_y":4473389.796}},{"type":"Feature","id":"MAD-1645822","geometry":{"type":"Point","coordinates":[-3.7101806,40.4070435]},"properties":{"source":"madrid","assetnum":"1645822","district":"CENTRO","barrio":"EMBAJADORES","species_code":"CAU","species":"CELTIS AUSTRALIS","perimeter_cm":76.0,"height":7.0,"municipal_x":439740.426,"municipal_y":4473178.75}},{"type":"Feature","id":"MAD-1651818","geometry":{"type":"Point","coordinates":[-3.6999546,40.4082613]},"properties":{"source":"madrid","assetnum":"1651818","district":"CENTRO","barrio":"EMBAJADORES","species_code":"SJA","species":"STYPHNOLOBIUM JAPONICUM","perimeter_cm":48.0,"height":10.0,"municipal_x":440609.196,"municipal_y":4473307.002}},{"type":"Feature","id":"MAD-1683576","geometry":{"type":"Point","coordinates":[-3.6998981,40.4082507]},"properties":{"source":"madrid","assetnum":"1683576","district":"CENTRO","barrio":"EMBAJADORES","species_code":"SJA","species":"STYPHNOLOBIUM JAPONICUM","perimeter_cm":39.0,"height":9.0,"municipal_x":440613.978,"municipal_y":4473305.781}},{"type":"Feature","id":"MAD-1656272","geometry":{"type":"Point","coordinates":[-3.7000076,40.4127842]},"properties":{"source":"madrid","assetnum":"1656272","district":"CENTRO","barrio":"EMBAJADORES","species_code":"AHI","species":"AESCULUS HIPPOCASTANUM","perimeter_cm":33.0,"height":8.0,"municipal_x":440608.67,"municipal_y":4473809.073}},{"type":"Feature","id":"MAD-1668469","geometry":{"type":"Point","coordinates":[-3.7035822,40.407297]},"properties":{"source":"madrid","assetnum":"1668469","district":"CENTRO","barrio":"EMBAJADORES","species_code":"UJA","species":"ULMUS DAVIDIANA VAR. JAPONICA","perimeter_cm":48.0,"height":8.0,"municipal_x":440300.538,"municipal_y":4473202.402}},{"type":"Feature","id":"MAD-9430586","geometry":{"type":"Point","coordinates":[-3.7030136,40.4094939]},"properties":{"source":"madrid","assetnum":"9430586","district":"CENTRO","barrio":"EMBAJADORES","species_code":"LJA","species":"LIGUSTRUM JAPONICUM","perimeter_cm":18.0,"height":3.0,"municipal_x":440350.723,"municipal_y":4473445.877}},{"type":"Feature","id":"MAD-1653135","geometry":{"type":"Point","coordinates":[-3.7000954,40.4082862]},"properties":{"source":"madrid","assetnum":"1653135","district":"CENTRO","barrio":"EMBAJADORES","species_code":"SJA","species":"STYPHNOLOBIUM JAPONICUM","perimeter_cm":59.0,"height":11.0,"municipal_x":440597.264,"municipal_y":4473309.856}},{"type":"Feature","id":"MAD-1671970","geometry":{"type":"Point","coordinates":[-3.7015111,40.4104217]},"properties":{"source":"madrid","assetnum":"1671970","district":"CENTRO","barrio":"EMBAJADORES","species_code":"LJA","species":"LIGUSTRUM JAPONICUM","perimeter_cm":18.0,"height":4.5,"municipal_x":440479.027,"municipal_y":4473547.854}},{"type":"Feature","id":"MAD-1671222","geometry":{"type":"Point","coordinates":[-3.6985695,40.4077971]},"properties":{"source":"madrid","assetnum":"1671222","district":"CENTRO","barrio":"EMBAJADORES","species_code":"HSY","species":"HIBISCUS SYRIACUS","perimeter_cm":21.0,"height":5.5,"municipal_x":440726.313,"municipal_y":4473254.54}},{"type":"Feature","id":"MAD-1644128","geometry":{"type":"Point","coordinates":[-3.7089476,40.406547]},"properties":{"source":"madrid","assetnum":"1644128","district":"CENTRO","barrio":"EMBAJADORES","species_code":"LIN","species":"LAGERSTROEMIA INDICA","perimeter_cm":25.0,"height":6.0,"municipal_x":439844.607,"municipal_y":4473122.79}},{"type":"Feature","id":"MAD-1653180","geometry":{"type":"Point","coordinates":[-3.6992624,40.407625]},"properties":{"source":"madrid","assetnum":"1653180","district":"CENTRO","barrio":"EMBAJADORES","species_code":"HSY","species":"HIBISCUS SYRIACUS","perimeter_cm":22.0,"height":5.0,"municipal_x":440667.365,"municipal_y":4473235.908}},{"type":"Feature","id":"MAD-6963364","geometry":{"type":"Point","coordinates":[-3.7037177,40.4071464]},"properties":{"source":"madrid","assetnum":"6963364","district":"CENTRO","barrio":"EMBAJADORES","species_code":"AUM","species":"ACER BUERGERIANUM","perimeter_cm":17.0,"height":4.0,"municipal_x":440288.904,"municipal_y":4473185.785}},{"type":"Feature","id":"MAD-1661985","geometry":{"type":"Point","coordinates":[-3.7072547,40.4061527]},"properties":{"source":"madrid","assetnum":"1661985","district":"CENTRO","barrio":"EMBAJADORES","species_code":"PDA","species":"PLATANUS X HISPANICA","perimeter_cm":55.0,"height":11.0,"municipal_x":439987.908,"municipal_y":4473077.872}},{"type":"Feature","id":"MAD-1653281","geometry":{"type":"Point","coordinates":[-3.6978635,40.4071845]},"properties":{"source":"madrid","assetnum":"1653281","district":"CENTRO","barrio":"EMBAJADORES","species_code":"SJA","species":"STYPHNOLOBIUM JAPONICUM","perimeter_cm":48.0,"height":10.0,"municipal_x":440785.683,"municipal_y":4473186.072}},{"type":"Feature","id":"MAD-1643029","geometry":{"type":"Point","coordinates":[-3.710257,40.4069628]},"properties":{"source":"madrid","assetnum":"1643029","district":"CENTRO","barrio":"EMBAJADORES","species_code":"CAU","species":"CELTIS AUSTRALIS","perimeter_cm":48.0,"height":8.0,"municipal_x":439733.878,"municipal_y":4473169.836}},{"type":"Feature","id":"MAD-2011140","geometry":{"type":"Point","coordinates":[-3.7048338,40.4122665]},"properties":{"source":"madrid","assetnum":"2011140","district":"CENTRO","barrio":"EMBAJADORES","species_code":"PDA","species":"PLATANUS X HISPANICA","perimeter_cm":180.0,"height":14.0,"municipal_x":440198.739,"municipal_y":4473754.864}},{"type":"Feature","id":"MAD-1643722","geometry":{"type":"Point","coordinates":[-3.7102706,40.4068873]},"properties":{"source":"madrid","assetnum":"1643722","district":"CENTRO","barrio":"EMBAJADORES","species_code":"ANE","species":"ACER NEGUNDO","perimeter_cm":65.0,"height":7.0,"municipal_x":439732.655,"municipal_y":4473161.473}},{"type":"Feature","id":"MAD-1656271","geometry":{"type":"Point","coordinates":[-3.7001052,40.4128264]},"properties":{"source":"madrid","assetnum":"1656271","district":"CENTRO","barrio":"EMBAJADORES","species_code":"AHI","species":"AESCULUS HIPPOCASTANUM","perimeter_cm":38.0,"height":7.0,"municipal_x":440600.429,"municipal_y":4473813.826}},{"type":"Feature","id":"MAD-1659805","geometry":{"type":"Point","coordinates":[-3.7100736,40.409112]},"properties":{"source":"madrid","assetnum":"1659805","district":"CENTRO","barrio":"EMBAJADORES","species_code":"LJA","species":"LIGUSTRUM JAPONICUM","perimeter_cm":53.0,"height":9.0,"municipal_x":439751.354,"municipal_y":4473408.273}},{"type":"Feature","id":"MAD-1680142","geometry":{"type":"Point","coordinates":[-3.700528,40.4057105]},"properties":{"source":"madrid","assetnum":"1680142","district":"CENTRO","barrio":"EMBAJADORES","species_code":"LJV","species":"LIGUSTRUM JAPONICUM 'VARIEGATUM'","perimeter_cm":18.0,"height":2.5,"municipal_x":440558.296,"municipal_y":4473024.243}},{"type":"Feature","id":"MAD-9394492","geometry":{"type":"Point","coordinates":[-3.7044188,40.4115997]},"properties":{"source":"madrid","assetnum":"9394492","district":"CENTRO","barrio":"EMBAJADORES","species_code":"LJA","species":"LIGUSTRUM JAPONICUM","perimeter_cm":18.0,"height":3.2,"municipal_x":440233.357,"municipal_y":4473680.57}},{"type":"Feature","id":"MAD-1656626","geometry":{"type":"Point","coordinates":[-3.7031276,40.4124995]},"properties":{"source":"madrid","assetnum":"1656626","district":"CENTRO","barrio":"EMBAJADORES","species_code":"CSI","species":"CERCIS SILIQUASTRUM","perimeter_cm":51.0,"height":7.0,"municipal_x":440343.709,"municipal_y":4473779.577}},{"type":"Feature","id":"MAD-1658994","geometry":{"type":"Point","coordinates":[-3.6978868,40.4069208]},"properties":{"source":"madrid","assetnum":"1658994","district":"CENTRO","barrio":"EMBAJADORES","species_code":"SJA","species":"STYPHNOLOBIUM JAPONICUM","perimeter_cm":48.0,"height":11.0,"municipal_x":440783.473,"municipal_y":4473156.812}},{"type":"Feature","id":"MAD-1677206","geometry":{"type":"Point","coordinates":[-3.697517,40.4102029]},"properties":{"source":"madrid","assetnum":"1677206","district":"CENTRO","barrio":"EMBAJADORES","species_code":"AJU","species":"ALBIZIA JULIBRISSIN","perimeter_cm":15.0,"height":4.0,"municipal_x":440817.725,"municipal_y":4473520.88}},{"type":"Feature","id":"MAD-1657015","geometry":{"type":"Point","coordinates":[-3.7010642,40.4089914]},"properties":{"source":"madrid","assetnum":"1657015","district":"CENTRO","barrio":"EMBAJADORES","species_code":"LJA","species":"LIGUSTRUM JAPONICUM","perimeter_cm":36.0,"height":6.0,"municipal_x":440515.687,"municipal_y":4473388.781}},{"type":"Feature","id":"MAD-2053657","geometry":{"type":"Point","coordinates":[-3.692509,40.408339]},"properties":{"source":"madrid","assetnum":"2053657","district":"CENTRO","barrio":"EMBAJADORES","species_code":"CSE","species":"CUPRESSUS SEMPERVIRENS","perimeter_cm":60.0,"height":11.0,"municipal_x":441241.024,"municipal_y":4473310.651}},{"type":"Feature","id":"MAD-1683602","geometry":{"type":"Point","coordinates":[-3.7004698,40.410973]},"properties":{"source":"madrid","assetnum":"1683602","district":"CENTRO","barrio":"EMBAJADORES","species_code":"RPS","species":"ROBINIA PSEUDOACACIA","perimeter_cm":58.0,"height":9.0,"municipal_x":440567.867,"municipal_y":4473608.343}},{"type":"Feature","id":"MAD-7129773","geometry":{"type":"Point","coordinates":[-3.7091251,40.4063158]},"properties":{"source":"madrid","assetnum":"7129773","district":"CENTRO","barrio":"EMBAJADORES","species_code":"SJA","species":"STYPHNOLOBIUM JAPONICUM","perimeter_cm":20.0,"height":3.5,"municipal_x":439829.345,"municipal_y":4473097.25}},{"type":"Feature","id":"MAD-9394452","geometry":{"type":"Point","coordinates":[-3.7019939,40.4057058]},"properties":{"source":"madrid","assetnum":"9394452","district":"CENTRO","barrio":"EMBAJADORES","species_code":"ACA","species":"ACER CAMPESTRE","perimeter_cm":20.0,"height":5.2,"municipal_x":440433.902,"municipal_y":4473024.712}},{"type":"Feature","id":"MAD-9101069","geometry":{"type":"Point","coordinates":[-3.6958355,40.409553]},"properties":{"source":"madrid","assetnum":"9101069","district":"CENTRO","barrio":"EMBAJADORES","species_code":"PCP","species":"PRUNUS CERASIFERA  SUBSP. PISSARDII","perimeter_cm":18.0,"height":5.0,"municipal_x":440959.829,"municipal_y":4473447.618}},{"type":"Feature","id":"MAD-2062837","geometry":{"type":"Point","coordinates":[-3.6977527,40.4104679]},"properties":{"source":"madrid","assetnum":"2062837","district":"CENTRO","barrio":"EMBAJADORES","species_code":"AJU","species":"ALBIZIA JULIBRISSIN","perimeter_cm":15.0,"height":4.0,"municipal_x":440797.961,"municipal_y":4473550.448}},{"type":"Feature","id":"MAD-1660115","geometry":{"type":"Point","coordinates":[-3.7048186,40.4068417]},"properties":{"source":"madrid","assetnum":"1660115","district":"CENTRO","barrio":"EMBAJADORES","species_code":"UPU","species":"ULMUS PUMILA","perimeter_cm":114.0,"height":12.0,"municipal_x":440195.227,"municipal_y":4473152.706}},{"type":"Feature","id":"MAD-1660535","geometry":{"type":"Point","coordinates":[-3.7074581,40.4128919]},"properties":{"source":"madrid","assetnum":"1660535","district":"CENTRO","barrio":"EMBAJADORES","species_code":"LJA","species":"LIGUSTRUM JAPONICUM","perimeter_cm":54.0,"height":6.0,"municipal_x":439976.631,"municipal_y":4473826.068}},{"type":"Feature","id":"MAD-1683111","geometry":{"type":"Point","coordinates":[-3.7010314,40.4095529]},"properties":{"source":"madrid","assetnum":"1683111","district":"CENTRO","barrio":"EMBAJADORES","species_code":"RPS","species":"ROBINIA PSEUDOACACIA","perimeter_cm":51.0,"height":10.0,"municipal_x":440518.964,"municipal_y":4473451.093}},{"type":"Feature","id":"MAD-1653131","geometry":{"type":"Point","coordinates":[-3.7000846,40.4071755]},"properties":{"source":"madrid","assetnum":"1653131","district":"CENTRO","barrio":"EMBAJADORES","species_code":"LJA","species":"LIGUSTRUM JAPONICUM","perimeter_cm":49.0,"height":10.0,"municipal_x":440597.205,"municipal_y":4473186.561}},{"type":"Feature","id":"MAD-1679606","geometry":{"type":"Point","coordinates":[-3.6925343,40.4091607]},"properties":{"source":"madrid","assetnum":"1679606","district":"CENTRO","barrio":"EMBAJADORES","species_code":"PDA","species":"PLATANUS X HISPANICA","perimeter_cm":149.0,"height":17.0,"municipal_x":441239.587,"municipal_y":4473401.869}},{"type":"Feature","id":"MAD-1681966","geometry":{"type":"Point","coordinates":[-3.6983496,40.4116056]},"properties":{"source":"madrid","assetnum":"1681966","district":"CENTRO","barrio":"EMBAJADORES","species_code":"LJA","species":"LIGUSTRUM JAPONICUM","perimeter_cm":20.0,"height":7.0,"municipal_x":440748.314,"municipal_y":4473677.135}},{"type":"Feature","id":"MAD-1674044","geometry":{"type":"Point","coordinates":[-3.7067533,40.4105691]},"properties":{"source":"madrid","assetnum":"1674044","district":"CENTRO","barrio":"EMBAJADORES","species_code":"LJA","species":"LIGUSTRUM JAPONICUM","perimeter_cm":50.0,"height":9.0,"municipal_x":440034.372,"municipal_y":4473567.754}},{"type":"Feature","id":"MAD-9047656","geometry":{"type":"Point","coordinates":[-3.7071388,40.4106953]},"properties":{"source":"madrid","assetnum":"9047656","district":"CENTRO","barrio":"EMBAJADORES","species_code":"LJA","species":"LIGUSTRUM JAPONICUM","perimeter_cm":14.0,"height":5.0,"municipal_x":440001.774,"municipal_y":4473582.028}},{"type":"Feature","id":"MAD-1656903","geometry":{"type":"Point","coordinates":[-3.6940366,40.4095153]},"properties":{"source":"madrid","assetnum":"1656903","district":"CENTRO","barrio":"EMBAJADORES","species_code":"LJV","species":"LIGUSTRUM JAPONICUM 'VARIEGATUM'","perimeter_cm":28.0,"height":5.5,"municipal_x":441112.427,"municipal_y":4473442.229}},{"type":"Feature","id":"MAD-1683019","geometry":{"type":"Point","coordinates":[-3.6957899,40.4094184]},"properties":{"source":"madrid","assetnum":"1683019","district":"CENTRO","barrio":"EMBAJADORES","species_code":"AJU","species":"ALBIZIA JULIBRISSIN","perimeter_cm":56.0,"height":7.0,"municipal_x":440963.583,"municipal_y":4473432.643}},{"type":"Feature","id":"MAD-1658996","geometry":{"type":"Point","coordinates":[-3.7025464,40.4101062]},"properties":{"source":"madrid","assetnum":"1658996","district":"CENTRO","barrio":"EMBAJADORES","species_code":"UPU","species":"ULMUS PUMILA","perimeter_cm":151.0,"height":18.0,"municipal_x":440390.902,"municipal_y":4473513.523}},{"type":"Feature","id":"MAD-1683834","geometry":{"type":"Point","coordinates":[-3.7014213,40.4064859]},"properties":{"source":"madrid","assetnum":"1683834","district":"CENTRO","barrio":"EMBAJADORES","species_code":"PCP","species":"PRUNUS CERASIFERA  SUBSP. PISSARDII","perimeter_cm":69.0,"height":9.0,"municipal_x":440483.183,"municipal_y":4473110.922}},{"type":"Feature","id":"MAD-1660266","geometry":{"type":"Point","coordinates":[-3.7086929,40.406208]},"properties":{"source":"madrid","assetnum":"1660266","district":"CENTRO","barrio":"EMBAJADORES","species_code":"CAU","species":"CELTIS AUSTRALIS","perimeter_cm":31.0,"height":6.0,"municipal_x":439865.915,"municipal_y":4473084.989}},{"type":"Feature","id":"MAD-1629566","geometry":{"type":"Point","coordinates":[-3.7059159,40.4057388]},"properties":{"source":"madrid","assetnum":"1629566","district":"CENTRO","barrio":"EMBAJADORES","species_code":"UPU","species":"ULMUS PUMILA","perimeter_cm":102.0,"height":11.0,"municipal_x":440101.137,"municipal_y":4473031.03}},{"type":"Feature","id":"MAD-1669622","geometry":{"type":"Point","coordinates":[-3.7083009,40.4069427]},"properties":{"source":"madrid","assetnum":"1669622","district":"CENTRO","barrio":"EMBAJADORES","species_code":"LJA","species":"LIGUSTRUM JAPONICUM","perimeter_cm":57.0,"height":6.0,"municipal_x":439899.837,"municipal_y":4473166.273}},{"type":"Feature","id":"MAD-1653469","geometry":{"type":"Point","coordinates":[-3.7020609,40.4056154]},"properties":{"source":"madrid","assetnum":"1653469","district":"CENTRO","barrio":"EMBAJADORES","species_code":"PCP","species":"PRUNUS CERASIFERA  SUBSP. PISSARDII","perimeter_cm":49.0,"height":7.0,"municipal_x":440428.142,"municipal_y":4473014.722}},{"type":"Feature","id":"MAD-1658459","geometry":{"type":"Point","coordinates":[-3.7016338,40.4130506]},"properties":{"source":"madrid","assetnum":"1658459","district":"CENTRO","barrio":"EMBAJADORES","species_code":"LJA","species":"LIGUSTRUM JAPONICUM","perimeter_cm":19.0,"height":3.0,"municipal_x":440470.931,"municipal_y":4473839.744}},{"type":"Feature","id":"MAD-1671487","geometry":{"type":"Point","coordinates":[-3.7035415,40.4068757]},"properties":{"source":"madrid","assetnum":"1671487","district":"CENTRO","barrio":"EMBAJADORES","species_code":"CAU","species":"CELTIS AUSTRALIS","perimeter_cm":62.0,"height":13.0,"municipal_x":440303.623,"municipal_y":4473155.615}},{"type":"Feature","id":"MAD-1660385","geometry":{"type":"Point","coordinates":[-3.7063975,40.410528]},"properties":{"source":"madrid","assetnum":"1660385","district":"CENTRO","barrio":"EMBAJADORES","species_code":"LJA","species":"LIGUSTRUM JAPONICUM","perimeter_cm":35.0,"height":10.0,"municipal_x":440064.52,"municipal_y":4473562.949}},{"type":"Feature","id":"MAD-1657075","geometry":{"type":"Point","coordinates":[-3.6951851,40.4089974]},"properties":{"source":"madrid","assetnum":"1657075","district":"CENTRO","barrio":"EMBAJADORES","species_code":"AJU","species":"ALBIZIA JULIBRISSIN","perimeter_cm":41.0,"height":7.0,"municipal_x":441014.531,"municipal_y":4473385.516}},{"type":"Feature","id":"MAD-1656352","geometry":{"type":"Point","coordinates":[-3.6997316,40.4083302]},"properties":{"source":"madrid","assetnum":"1656352","district":"CENTRO","barrio":"EMBAJADORES","species_code":"SJA","species":"STYPHNOLOBIUM JAPONICUM","perimeter_cm":66.0,"height":9.0,"municipal_x":440628.174,"municipal_y":4473314.501}},{"type":"Feature","id":"MAD-1651889","geometry":{"type":"Point","coordinates":[-3.701084,40.4090332]},"properties":{"source":"madrid","assetnum":"1651889","district":"CENTRO","barrio":"EMBAJADORES","species_code":"LJA","species":"LIGUSTRUM JAPONICUM","perimeter_cm":36.0,"height":5.0,"municipal_x":440514.047,"municipal_y":4473393.444}},{"type":"Feature","id":"MAD-1671995","geometry":{"type":"Point","coordinates":[-3.700649,40.4066502]},"properties":{"source":"madrid","assetnum":"1671995","district":"CENTRO","barrio":"EMBAJADORES","species_code":"LJA","species":"LIGUSTRUM JAPONICUM","perimeter_cm":38.0,"height":9.0,"municipal_x":440548.856,"municipal_y":4473128.633}},{"type":"Feature","id":"MAD-1668927","geometry":{"type":"Point","coordinates":[-3.7071584,40.4068158]},"properties":{"source":"madrid","assetnum":"1668927","district":"CENTRO","barrio":"EMBAJADORES","species_code":"PDA","species":"PLATANUS X HISPANICA","perimeter_cm":72.0,"height":13.0,"municipal_x":439996.663,"municipal_y":4473151.413}},{"type":"Feature","id":"MAD-1656792","geometry":{"type":"Point","coordinates":[-3.7002228,40.4059374]},"properties":{"source":"madrid","assetnum":"1656792","district":"CENTRO","barrio":"EMBAJADORES","species_code":"LJA","species":"LIGUSTRUM JAPONICUM","perimeter_cm":32.0,"height":7.0,"municipal_x":440584.391,"municipal_y":4473049.232}},{"type":"Feature","id":"MAD-1669024","geometry":{"type":"Point","coordinates":[-3.7042694,40.4100469]},"properties":{"source":"madrid","assetnum":"1669024","district":"CENTRO","barrio":"EMBAJADORES","species_code":"LJA","species":"LIGUSTRUM JAPONICUM","perimeter_cm":42.0,"height":9.0,"municipal_x":440244.66,"municipal_y":4473508.11}},{"type":"Feature","id":"MAD-1656806","geometry":{"type":"Point","coordinates":[-3.7018417,40.4103814]},"properties":{"source":"madrid","assetnum":"1656806","district":"CENTRO","barrio":"EMBAJADORES","species_code":"LJA","species":"LIGUSTRUM JAPONICUM","perimeter_cm":44.0,"height":10.0,"municipal_x":440450.937,"municipal_y":4473543.594}},{"type":"Feature","id":"MAD-1676955","geometry":{"type":"Point","coordinates":[-3.7010813,40.408921]},"properties":{"source":"madrid","assetnum":"1676955","district":"CENTRO","barrio":"EMBAJADORES","species_code":"LJA","species":"LIGUSTRUM JAPONICUM","perimeter_cm":41.0,"height":6.5,"municipal_x":440514.173,"municipal_y":4473380.979}},{"type":"Feature","id":"MAD-10202624","geometry":{"type":"Point","coordinates":[-3.7088917,40.4086966]},"properties":{"source":"madrid","assetnum":"10202624","district":"CENTRO","barrio":"EMBAJADORES","species_code":"AMO","species":"ACER MONSPESSULANUM","perimeter_cm":18.0,"height":4.0,"municipal_x":439851.269,"municipal_y":4473361.365}},{"type":"Feature","id":"MAD-1635820","geometry":{"type":"Point","coordinates":[-3.7055736,40.4060187]},"properties":{"source":"madrid","assetnum":"1635820","district":"CENTRO","barrio":"EMBAJADORES","species_code":"CDE","species":"CEDRUS DEODARA","perimeter_cm":130.0,"height":16.0,"municipal_x":440130.433,"municipal_y":4473061.859}},{"type":"Feature","id":"MAD-1672793","geometry":{"type":"Point","coordinates":[-3.7014533,40.4133774]},"properties":{"source":"madrid","assetnum":"1672793","district":"CENTRO","barrio":"EMBAJADORES","species_code":"AHI","species":"AESCULUS HIPPOCASTANUM","perimeter_cm":52.0,"height":7.0,"municipal_x":440486.537,"municipal_y":4473875.891}},{"type":"Feature","id":"MAD-1683825","geometry":{"type":"Point","coordinates":[-3.6961106,40.4096259]},"properties":{"source":"madrid","assetnum":"1683825","district":"CENTRO","barrio":"EMBAJADORES","species_code":"PDA","species":"PLATANUS X HISPANICA","perimeter_cm":107.0,"height":16.0,"municipal_x":440936.554,"municipal_y":4473455.898}},{"type":"Feature","id":"MAD-6963479","geometry":{"type":"Point","coordinates":[-3.7029064,40.40579]},"properties":{"source":"madrid","assetnum":"6963479","district":"CENTRO","barrio":"EMBAJADORES","species_code":"AUM","species":"ACER BUERGERIANUM","perimeter_cm":16.0,"height":3.5,"municipal_x":440356.552,"municipal_y":4473034.673}},{"type":"Feature","id":"MAD-1643417","geometry":{"type":"Point","coordinates":[-3.703982,40.4067547]},"properties":{"source":"madrid","assetnum":"1643417","district":"CENTRO","barrio":"EMBAJADORES","species_code":"KPA","species":"KOELREUTERIA PANICULATA","perimeter_cm":22.0,"height":6.0,"municipal_x":440266.132,"municipal_y":4473142.487}},{"type":"Feature","id":"MAD-1657168","geometry":{"type":"Point","coordinates":[-3.6979796,40.4069262]},"properties":{"source":"madrid","assetnum":"1657168","district":"CENTRO","barrio":"EMBAJADORES","species_code":"SJA","species":"STYPHNOLOBIUM JAPONICUM","perimeter_cm":62.0,"height":10.0,"municipal_x":440775.602,"municipal_y":4473157.482}},{"type":"Feature","id":"MAD-1660369","geometry":{"type":"Point","coordinates":[-3.7019737,40.4053556]},"properties":{"source":"madrid","assetnum":"1660369","district":"CENTRO","barrio":"EMBAJADORES","species_code":"PDA","species":"PLATANUS X HISPANICA","perimeter_cm":78.0,"height":11.0,"municipal_x":440435.312,"municipal_y":4472985.822}},{"type":"Feature","id":"MAD-10202465","geometry":{"type":"Point","coordinates":[-3.7052385,40.4120276]},"properties":{"source":"madrid","assetnum":"10202465","district":"CENTRO","barrio":"EMBAJADORES","species_code":"CAU","species":"CELTIS AUSTRALIS","perimeter_cm":27.0,"height":5.0,"municipal_x":440164.188,"municipal_y":4473728.621}},{"type":"Feature","id":"MAD-1645699","geometry":{"type":"Point","coordinates":[-3.7038853,40.4095606]},"properties":{"source":"madrid","assetnum":"1645699","district":"CENTRO","barrio":"EMBAJADORES","species_code":"PCY","species":"PYRUS CALLERYANA","perimeter_cm":42.0,"height":6.0,"municipal_x":440276.817,"municipal_y":4473453.873}},{"type":"Feature","id":"MAD-1671302","geometry":{"type":"Point","coordinates":[-3.7013219,40.4133286]},"properties":{"source":"madrid","assetnum":"1671302","district":"CENTRO","barrio":"EMBAJADORES","species_code":"AHI","species":"AESCULUS HIPPOCASTANUM","perimeter_cm":50.0,"height":7.5,"municipal_x":440497.638,"municipal_y":4473870.383}},{"type":"Feature","id":"MAD-1664684","geometry":{"type":"Point","coordinates":[-3.7058838,40.4112163]},"properties":{"source":"madrid","assetnum":"1664684","district":"CENTRO","barrio":"EMBAJADORES","species_code":"LJA","species":"LIGUSTRUM JAPONICUM","perimeter_cm":24.0,"height":7.0,"municipal_x":440108.722,"municipal_y":4473639.001}},{"type":"Feature","id":"MAD-1656291","geometry":{"type":"Point","coordinates":[-3.7014496,40.406645]},"properties":{"source":"madrid","assetnum":"1656291","district":"CENTRO","barrio":"EMBAJADORES","species_code":"PCP","species":"PRUNUS CERASIFERA  SUBSP. PISSARDII","perimeter_cm":36.0,"height":7.0,"municipal_x":440480.917,"municipal_y":4473128.596}},{"type":"Feature","id":"MAD-1683824","geometry":{"type":"Point","coordinates":[-3.6959033,40.4095245]},"properties":{"source":"madrid","assetnum":"1683824","district":"CENTRO","barrio":"EMBAJADORES","species_code":"PDA","species":"PLATANUS X HISPANICA","perimeter_cm":115.0,"height":15.0,"municipal_x":440954.054,"municipal_y":4473444.498}},{"type":"Feature","id":"MAD-1672431","geometry":{"type":"Point","coordinates":[-3.6968112,40.4067359]},"properties":{"source":"madrid","assetnum":"1672431","district":"CENTRO","barrio":"EMBAJADORES","species_code":"LJV","species":"LIGUSTRUM JAPONICUM 'VARIEGATUM'","perimeter_cm":18.0,"height":2.5,"municipal_x":440874.575,"municipal_y":4473135.572}},{"type":"Feature","id":"MAD-10126835","geometry":{"type":"Point","coordinates":[-3.7039099,40.406861]},"properties":{"source":"madrid","assetnum":"10126835","district":"CENTRO","barrio":"EMBAJADORES","species_code":"PAR","species":"PYRUS CALLERYANA 'CHANTICLEER'","perimeter_cm":16.0,"height":3.0,"municipal_x":440272.35,"municipal_y":4473154.233}},{"type":"Feature","id":"MAD-1673153","geometry":{"type":"Point","coordinates":[-3.7082726,40.4068478]},"properties":{"source":"madrid","assetnum":"1673153","district":"CENTRO","barrio":"EMBAJADORES","species_code":"APS","species":"ACER PSEUDOPLATANUS","perimeter_cm":43.0,"height":5.0,"municipal_x":439902.148,"municipal_y":4473155.726}},{"type":"Feature","id":"MAD-1660390","geometry":{"type":"Point","coordinates":[-3.7071528,40.4100974]},"properties":{"source":"madrid","assetnum":"1660390","district":"CENTRO","barrio":"EMBAJADORES","species_code":"LJA","species":"LIGUSTRUM JAPONICUM","perimeter_cm":17.0,"height":4.5,"municipal_x":440000.059,"municipal_y":4473515.67}},{"type":"Feature","id":"MAD-10150183","geometry":{"type":"Point","coordinates":[-3.7105652,40.407212]},"properties":{"source":"madrid","assetnum":"10150183","district":"CENTRO","barrio":"EMBAJADORES","species_code":"LTU","species":"LIRIODENDRON TULIPIFERA","perimeter_cm":15.0,"height":4.0,"municipal_x":439707.948,"municipal_y":4473197.712}},{"type":"Feature","id":"MAD-1645748","geometry":{"type":"Point","coordinates":[-3.7056618,40.4060014]},"properties":{"source":"madrid","assetnum":"1645748","district":"CENTRO","barrio":"EMBAJADORES","species_code":"SJA","species":"STYPHNOLOBIUM JAPONICUM","perimeter_cm":22.0,"height":5.0,"municipal_x":440122.937,"municipal_y":4473060.001}},{"type":"Feature","id":"MAD-5037309","geometry":{"type":"Point","coordinates":[-3.700405,40.4084943]},"properties":{"source":"madrid","assetnum":"5037309","district":"CENTRO","barrio":"EMBAJADORES","species_code":"HSY","species":"HIBISCUS SYRIACUS","perimeter_cm":14.0,"height":4.0,"municipal_x":440571.179,"municipal_y":4473333.166}},{"type":"Feature","id":"MAD-8800639","geometry":{"type":"Point","coordinates":[-3.700943,40.4094182]},"properties":{"source":"madrid","assetnum":"8800639","district":"CENTRO","barrio":"EMBAJADORES","species_code":"RPS","species":"ROBINIA PSEUDOACACIA","perimeter_cm":20.0,"height":5.0,"municipal_x":440526.346,"municipal_y":4473436.083}},{"type":"Feature","id":"MAD-10202462","geometry":{"type":"Point","coordinates":[-3.7052209,40.4123579]},"properties":{"source":"madrid","assetnum":"10202462","district":"CENTRO","barrio":"EMBAJADORES","species_code":"CAU","species":"CELTIS AUSTRALIS","perimeter_cm":30.0,"height":6.0,"municipal_x":440165.973,"municipal_y":4473765.271}},{"type":"Feature","id":"MAD-1646519","geometry":{"type":"Point","coordinates":[-3.7080806,40.4112956]},"properties":{"source":"madrid","assetnum":"1646519","district":"CENTRO","barrio":"EMBAJADORES","species_code":"PDA","species":"PLATANUS X HISPANICA","perimeter_cm":196.0,"height":20.0,"municipal_x":439922.401,"municipal_y":4473649.292}},{"type":"Feature","id":"MAD-1653199","geometry":{"type":"Point","coordinates":[-3.7032144,40.4060777]},"properties":{"source":"madrid","assetnum":"1653199","district":"CENTRO","barrio":"EMBAJADORES","species_code":"SJA","species":"STYPHNOLOBIUM JAPONICUM","perimeter_cm":55.0,"height":11.0,"municipal_x":440330.673,"municipal_y":4473066.813}},{"type":"Feature","id":"MAD-8797529","geometry":{"type":"Point","coordinates":[-3.6979637,40.4071022]},"properties":{"source":"madrid","assetnum":"8797529","district":"CENTRO","barrio":"EMBAJADORES","species_code":"SJA","species":"STYPHNOLOBIUM JAPONICUM","perimeter_cm":16.0,"height":4.4,"municipal_x":440777.103,"municipal_y":4473177.002}},{"type":"Feature","id":"MAD-7901919","geometry":{"type":"Point","coordinates":[-3.6953002,40.4091778]},"properties":{"source":"madrid","assetnum":"7901919","district":"CENTRO","barrio":"EMBAJADORES","species_code":"AJU","species":"ALBIZIA JULIBRISSIN","perimeter_cm":14.0,"height":3.0,"municipal_x":441004.921,"municipal_y":4473405.608}},{"type":"Feature","id":"MAD-1683585","geometry":{"type":"Point","coordinates":[-3.7010314,40.4096124]},"properties":{"source":"madrid","assetnum":"1683585","district":"CENTRO","barrio":"EMBAJADORES","species_code":"RPS","species":"ROBINIA PSEUDOACACIA","perimeter_cm":27.0,"height":8.0,"municipal_x":440519.014,"municipal_y":4473457.693}},{"type":"Feature","id":"MAD-1631260","geometry":{"type":"Point","coordinates":[-3.7060474,40.4061849]},"properties":{"source":"madrid","assetnum":"1631260","district":"CENTRO","barrio":"EMBAJADORES","species_code":"BRP","species":"BROUSSONETIA PAPYRIFERA","perimeter_cm":106.0,"height":9.0,"municipal_x":440090.38,"municipal_y":4473080.633}},{"type":"Feature","id":"MAD-1630135","geometry":{"type":"Point","coordinates":[-3.7027315,40.4079392]},"properties":{"source":"madrid","assetnum":"1630135","district":"CENTRO","barrio":"EMBAJADORES","species_code":"ANE","species":"ACER NEGUNDO","perimeter_cm":43.0,"height":9.0,"municipal_x":440373.285,"municipal_y":4473273.111}},{"type":"Feature","id":"MAD-1668928","geometry":{"type":"Point","coordinates":[-3.7051302,40.4075726]},"properties":{"source":"madrid","assetnum":"1668928","district":"CENTRO","barrio":"EMBAJADORES","species_code":"LJA","species":"LIGUSTRUM JAPONICUM","perimeter_cm":65.0,"height":12.0,"municipal_x":440169.436,"municipal_y":4473234.046}},{"type":"Feature","id":"MAD-1680222","geometry":{"type":"Point","coordinates":[-3.7014445,40.4093622]},"properties":{"source":"madrid","assetnum":"1680222","district":"CENTRO","barrio":"EMBAJADORES","species_code":"LJA","species":"LIGUSTRUM JAPONICUM","perimeter_cm":19.0,"height":6.0,"municipal_x":440483.743,"municipal_y":4473430.202}},{"type":"Feature","id":"MAD-1680208","geometry":{"type":"Point","coordinates":[-3.7012319,40.4086912]},"properties":{"source":"madrid","assetnum":"1680208","district":"CENTRO","barrio":"EMBAJADORES","species_code":"LJA","species":"LIGUSTRUM JAPONICUM","perimeter_cm":44.0,"height":7.0,"municipal_x":440501.195,"municipal_y":4473355.579}},{"type":"Feature","id":"MAD-1635714","geometry":{"type":"Point","coordinates":[-3.7053537,40.4058368]},"properties":{"source":"madrid","assetnum":"1635714","district":"CENTRO","barrio":"EMBAJADORES","species_code":"SJA","species":"STYPHNOLOBIUM JAPONICUM","perimeter_cm":54.0,"height":9.0,"municipal_x":440148.932,"municipal_y":4473041.518}},{"type":"Feature","id":"MAD-1680801","geometry":{"type":"Point","coordinates":[-3.7018656,40.4060756]},"properties":{"source":"madrid","assetnum":"1680801","district":"CENTRO","barrio":"EMBAJADORES","species_code":"PCP","species":"PRUNUS CERASIFERA  SUBSP. PISSARDII","perimeter_cm":37.0,"height":7.0,"municipal_x":440445.119,"municipal_y":4473065.678}},{"type":"Feature","id":"MAD-1659815","geometry":{"type":"Point","coordinates":[-3.7090437,40.4062783]},"properties":{"source":"madrid","assetnum":"1659815","district":"CENTRO","barrio":"EMBAJADORES","species_code":"CEO","species":"CELTIS OCCIDENTALIS","perimeter_cm":55.0,"height":8.0,"municipal_x":439836.216,"municipal_y":4473093.039}},{"type":"Feature","id":"MAD-1629570","geometry":{"type":"Point","coordinates":[-3.7027292,40.4078521]},"properties":{"source":"madrid","assetnum":"1629570","district":"CENTRO","barrio":"EMBAJADORES","species_code":"ANE","species":"ACER NEGUNDO","perimeter_cm":105.0,"height":10.0,"municipal_x":440373.408,"municipal_y":4473263.449}},{"type":"Feature","id":"MAD-1668894","geometry":{"type":"Point","coordinates":[-3.7037331,40.4104846]},"properties":{"source":"madrid","assetnum":"1668894","district":"CENTRO","barrio":"EMBAJADORES","species_code":"LJA","species":"LIGUSTRUM JAPONICUM","perimeter_cm":41.0,"height":11.0,"municipal_x":440290.55,"municipal_y":4473556.325}},{"type":"Feature","id":"MAD-1684697","geometry":{"type":"Point","coordinates":[-3.6956562,40.4088262]},"properties":{"source":"madrid","assetnum":"1684697","district":"CENTRO","barrio":"EMBAJADORES","species_code":"LJA","species":"LIGUSTRUM JAPONICUM","perimeter_cm":27.0,"height":6.0,"municipal_x":440974.407,"municipal_y":4473366.827}},{"type":"Feature","id":"MAD-5174478","geometry":{"type":"Point","coordinates":[-3.7072616,40.4105906]},"properties":{"source":"madrid","assetnum":"5174478","district":"CENTRO","barrio":"EMBAJADORES","species_code":"LJA","species":"LIGUSTRUM JAPONICUM","perimeter_cm":18.0,"height":3.9,"municipal_x":439991.259,"municipal_y":4473570.483}},{"type":"Feature","id":"MAD-1642723","geometry":{"type":"Point","coordinates":[-3.7083114,40.4064206]},"properties":{"source":"madrid","assetnum":"1642723","district":"CENTRO","barrio":"EMBAJADORES","species_code":"LIN","species":"LAGERSTROEMIA INDICA","perimeter_cm":19.0,"height":4.0,"municipal_x":439898.482,"municipal_y":4473108.33}},{"type":"Feature","id":"MAD-1643025","geometry":{"type":"Point","coordinates":[-3.7082934,40.4065258]},"properties":{"source":"madrid","assetnum":"1643025","district":"CENTRO","barrio":"EMBAJADORES","species_code":"LIN","species":"LAGERSTROEMIA INDICA","perimeter_cm":29.0,"height":6.0,"municipal_x":439900.097,"municipal_y":4473119.995}},{"type":"Feature","id":"MAD-2009865","geometry":{"type":"Point","coordinates":[-3.7028369,40.4069795]},"properties":{"source":"madrid","assetnum":"2009865","district":"CENTRO","barrio":"EMBAJADORES","species_code":"LJA","species":"LIGUSTRUM JAPONICUM","perimeter_cm":16.0,"height":4.0,"municipal_x":440363.501,"municipal_y":4473166.66}},{"type":"Feature","id":"MAD-1680257","geometry":{"type":"Point","coordinates":[-3.692626,40.4091965]},"properties":{"source":"madrid","assetnum":"1680257","district":"CENTRO","barrio":"EMBAJADORES","species_code":"PDA","species":"PLATANUS X HISPANICA","perimeter_cm":187.0,"height":20.0,"municipal_x":441231.842,"municipal_y":4473405.904}},{"type":"Feature","id":"MAD-1660320","geometry":{"type":"Point","coordinates":[-3.7067625,40.411763]},"properties":{"source":"madrid","assetnum":"1660320","district":"CENTRO","barrio":"EMBAJADORES","species_code":"PDA","species":"PLATANUS X HISPANICA","perimeter_cm":132.0,"height":19.0,"municipal_x":440034.651,"municipal_y":4473700.28}},{"type":"Feature","id":"MAD-1629791","geometry":{"type":"Point","coordinates":[-3.705368,40.4064746]},"properties":{"source":"madrid","assetnum":"1629791","district":"CENTRO","barrio":"EMBAJADORES","species_code":"PDA","species":"PLATANUS X HISPANICA","perimeter_cm":43.0,"height":7.5,"municipal_x":440148.283,"municipal_y":4473112.332}},{"type":"Feature","id":"MAD-9879978","geometry":{"type":"Point","coordinates":[-3.7020377,40.4093925]},"properties":{"source":"madrid","assetnum":"9879978","district":"CENTRO","barrio":"EMBAJADORES","species_code":"PAR","species":"PYRUS CALLERYANA 'CHANTICLEER'","perimeter_cm":14.0,"height":3.3,"municipal_x":440433.436,"municipal_y":4473433.964}},{"type":"Feature","id":"MAD-1683373","geometry":{"type":"Point","coordinates":[-3.7001382,40.4070603]},"properties":{"source":"madrid","assetnum":"1683373","district":"CENTRO","barrio":"EMBAJADORES","species_code":"LJA","species":"LIGUSTRUM JAPONICUM","perimeter_cm":39.0,"height":8.0,"municipal_x":440592.557,"municipal_y":4473173.815}},{"type":"Feature","id":"MAD-7129796","geometry":{"type":"Point","coordinates":[-3.707147,40.4102934]},"properties":{"source":"madrid","assetnum":"7129796","district":"CENTRO","barrio":"EMBAJADORES","species_code":"LJA","species":"LIGUSTRUM JAPONICUM","perimeter_cm":25.0,"height":3.5,"municipal_x":440000.721,"municipal_y":4473537.42}},{"type":"Feature","id":"MAD-10202495","geometry":{"type":"Point","coordinates":[-3.7047373,40.4136993]},"properties":{"source":"madrid","assetnum":"10202495","district":"CENTRO","barrio":"EMBAJADORES","species_code":"CAU","species":"CELTIS AUSTRALIS","perimeter_cm":25.0,"height":5.0,"municipal_x":440208.196,"municipal_y":4473913.84}},{"type":"Feature","id":"MAD-10128674","geometry":{"type":"Point","coordinates":[-3.6934485,40.4089012]},"properties":{"source":"madrid","assetnum":"10128674","district":"CENTRO","barrio":"EMBAJADORES","species_code":"LST","species":"LIQUIDAMBAR STYRACIFLUA","perimeter_cm":17.0,"height":4.38,"municipal_x":441161.791,"municipal_y":4473373.674}},{"type":"Feature","id":"MAD-1653275","geometry":{"type":"Point","coordinates":[-3.69772,40.407897]},"properties":{"source":"madrid","assetnum":"1653275","district":"CENTRO","barrio":"EMBAJADORES","species_code":"SJA","species":"STYPHNOLOBIUM JAPONICUM","perimeter_cm":104.0,"height":15.0,"municipal_x":440798.483,"municipal_y":4473265.059}},{"type":"Feature","id":"MAD-1683379","geometry":{"type":"Point","coordinates":[-3.6958068,40.4077988]},"properties":{"source":"madrid","assetnum":"1683379","district":"CENTRO","barrio":"EMBAJADORES","species_code":"RPS","species":"ROBINIA PSEUDOACACIA","perimeter_cm":29.0,"height":8.0,"municipal_x":440960.729,"municipal_y":4473252.88}},{"type":"Feature","id":"MAD-1659796","geometry":{"type":"Point","coordinates":[-3.7107115,40.4083382]},"properties":{"source":"madrid","assetnum":"1659796","district":"CENTRO","barrio":"EMBAJADORES","species_code":"LJA","species":"LIGUSTRUM JAPONICUM","perimeter_cm":47.0,"height":8.0,"municipal_x":439696.533,"municipal_y":4473322.822}},{"type":"Feature","id":"MAD-1659768","geometry":{"type":"Point","coordinates":[-3.7082874,40.4092797]},"properties":{"source":"madrid","assetnum":"1659768","district":"CENTRO","barrio":"EMBAJADORES","species_code":"AHI","species":"AESCULUS HIPPOCASTANUM","perimeter_cm":104.0,"height":9.0,"municipal_x":439903.059,"municipal_y":4473425.674}},{"type":"Feature","id":"MAD-10202637","geometry":{"type":"Point","coordinates":[-3.6996942,40.4101946]},"properties":{"source":"madrid","assetnum":"10202637","district":"CENTRO","barrio":"EMBAJADORES","species_code":"AMO","species":"ACER MONSPESSULANUM","perimeter_cm":18.0,"height":4.0,"municipal_x":440632.991,"municipal_y":4473521.422}},{"type":"Feature","id":"MAD-1656904","geometry":{"type":"Point","coordinates":[-3.6940882,40.4094379]},"properties":{"source":"madrid","assetnum":"1656904","district":"CENTRO","barrio":"EMBAJADORES","species_code":"LJV","species":"LIGUSTRUM JAPONICUM 'VARIEGATUM'","perimeter_cm":31.0,"height":5.5,"municipal_x":441107.983,"municipal_y":4473433.672}},{"type":"Feature","id":"MAD-1660387","geometry":{"type":"Point","coordinates":[-3.7057657,40.4107164]},"properties":{"source":"madrid","assetnum":"1660387","district":"CENTRO","barrio":"EMBAJADORES","species_code":"LJA","species":"LIGUSTRUM JAPONICUM","perimeter_cm":60.0,"height":10.0,"municipal_x":440118.293,"municipal_y":4473583.432}},{"type":"Feature","id":"MAD-9101108","geometry":{"type":"Point","coordinates":[-3.6959255,40.4102399]},"properties":{"source":"madrid","assetnum":"9101108","district":"CENTRO","barrio":"EMBAJADORES","species_code":"PCP","species":"PRUNUS CERASIFERA  SUBSP. PISSARDII","perimeter_cm":18.0,"height":5.0,"municipal_x":440952.794,"municipal_y":4473523.919}},{"type":"Feature","id":"MAD-1682958","geometry":{"type":"Point","coordinates":[-3.7001679,40.4071122]},"properties":{"source":"madrid","assetnum":"1682958","district":"CENTRO","barrio":"EMBAJADORES","species_code":"LJA","species":"LIGUSTRUM JAPONICUM","perimeter_cm":71.0,"height":10.0,"municipal_x":440590.087,"municipal_y":4473179.595}},{"type":"Feature","id":"MAD-1643715","geometry":{"type":"Point","coordinates":[-3.7089116,40.4064928]},"properties":{"source":"madrid","assetnum":"1643715","district":"CENTRO","barrio":"EMBAJADORES","species_code":"LIN","species":"LAGERSTROEMIA INDICA","perimeter_cm":26.0,"height":5.0,"municipal_x":439847.614,"municipal_y":4473116.751}},{"type":"Feature","id":"MAD-1656456","geometry":{"type":"Point","coordinates":[-3.7008978,40.4101408]},"properties":{"source":"madrid","assetnum":"1656456","district":"CENTRO","barrio":"EMBAJADORES","species_code":"RPS","species":"ROBINIA PSEUDOACACIA","perimeter_cm":39.0,"height":6.0,"municipal_x":440530.816,"municipal_y":4473516.253}},{"type":"Feature","id":"MAD-1673130","geometry":{"type":"Point","coordinates":[-3.7071982,40.4098565]},"properties":{"source":"madrid","assetnum":"1673130","district":"CENTRO","barrio":"EMBAJADORES","species_code":"PDA","species":"PLATANUS X HISPANICA","perimeter_cm":94.0,"height":17.0,"municipal_x":439995.989,"municipal_y":4473488.96}},{"type":"Feature","id":"MAD-1651596","geometry":{"type":"Point","coordinates":[-3.7003137,40.4083124]},"properties":{"source":"madrid","assetnum":"1651596","district":"CENTRO","barrio":"EMBAJADORES","species_code":"SJA","species":"STYPHNOLOBIUM JAPONICUM","perimeter_cm":103.0,"height":10.0,"municipal_x":440578.772,"municipal_y":4473312.918}},{"type":"Feature","id":"MAD-1643432","geometry":{"type":"Point","coordinates":[-3.7044281,40.406555]},"properties":{"source":"madrid","assetnum":"1643432","district":"CENTRO","barrio":"EMBAJADORES","species_code":"KPA","species":"KOELREUTERIA PANICULATA","perimeter_cm":38.0,"height":6.0,"municipal_x":440228.11,"municipal_y":4473120.614}},{"type":"Feature","id":"MAD-1677331","geometry":{"type":"Point","coordinates":[-3.7042449,40.4077782]},"properties":{"source":"madrid","assetnum":"1677331","district":"CENTRO","barrio":"EMBAJADORES","species_code":"SJA","species":"STYPHNOLOBIUM JAPONICUM","perimeter_cm":78.0,"height":12.0,"municipal_x":440244.737,"municipal_y":4473256.27}},{"type":"Feature","id":"MAD-1662651","geometry":{"type":"Point","coordinates":[-3.7050374,40.4087581]},"properties":{"source":"madrid","assetnum":"1662651","district":"CENTRO","barrio":"EMBAJADORES","species_code":"SJA","species":"STYPHNOLOBIUM JAPONICUM","perimeter_cm":59.0,"height":12.0,"municipal_x":440178.357,"municipal_y":4473365.577}},{"type":"Feature","id":"MAD-10202623","geometry":{"type":"Point","coordinates":[-3.7088942,40.4086337]},"properties":{"source":"madrid","assetnum":"10202623","district":"CENTRO","barrio":"EMBAJADORES","species_code":"AMO","species":"ACER MONSPESSULANUM","perimeter_cm":18.0,"height":4.0,"municipal_x":439850.998,"municipal_y":4473354.382}},{"type":"Feature","id":"MAD-1690695","geometry":{"type":"Point","coordinates":[-3.7086707,40.4064933]},"properties":{"source":"madrid","assetnum":"1690695","district":"CENTRO","barrio":"EMBAJADORES","species_code":"LIN","species":"LAGERSTROEMIA INDICA","perimeter_cm":18.0,"height":4.0,"municipal_x":439868.059,"municipal_y":4473116.647}},{"type":"Feature","id":"MAD-1660402","geometry":{"type":"Point","coordinates":[-3.7070099,40.4106751]},"properties":{"source":"madrid","assetnum":"1660402","district":"CENTRO","barrio":"EMBAJADORES","species_code":"LJA","species":"LIGUSTRUM JAPONICUM","perimeter_cm":37.0,"height":6.0,"municipal_x":440012.691,"municipal_y":4473579.7}},{"type":"Feature","id":"MAD-1660250","geometry":{"type":"Point","coordinates":[-3.7012348,40.4067436]},"properties":{"source":"madrid","assetnum":"1660250","district":"CENTRO","barrio":"EMBAJADORES","species_code":"PCP","species":"PRUNUS CERASIFERA  SUBSP. PISSARDII","perimeter_cm":79.0,"height":9.0,"municipal_x":440499.233,"municipal_y":4473139.392}},{"type":"Feature","id":"MAD-1656894","geometry":{"type":"Point","coordinates":[-3.6996737,40.4062886]},"properties":{"source":"madrid","assetnum":"1656894","district":"CENTRO","barrio":"EMBAJADORES","species_code":"LJA","species":"LIGUSTRUM JAPONICUM","perimeter_cm":59.0,"height":10.0,"municipal_x":440631.295,"municipal_y":4473087.843}},{"type":"Feature","id":"MAD-10202453","geometry":{"type":"Point","coordinates":[-3.7038702,40.412382]},"properties":{"source":"madrid","assetnum":"10202453","district":"CENTRO","barrio":"EMBAJADORES","species_code":"PAR","species":"PYRUS CALLERYANA 'CHANTICLEER'","perimeter_cm":25.0,"height":5.0,"municipal_x":440280.6,"municipal_y":4473767.036}},{"type":"Feature","id":"MAD-9127784","geometry":{"type":"Point","coordinates":[-3.6965918,40.4098136]},"properties":{"source":"madrid","assetnum":"9127784","district":"CENTRO","barrio":"EMBAJADORES","species_code":"AJU","species":"ALBIZIA JULIBRISSIN","perimeter_cm":17.0,"height":4.0,"municipal_x":440895.884,"municipal_y":4473477.049}},{"type":"Feature","id":"MAD-6963386","geometry":{"type":"Point","coordinates":[-3.7042877,40.4079889]},"properties":{"source":"madrid","assetnum":"6963386","district":"CENTRO","barrio":"EMBAJADORES","species_code":"AUM","species":"ACER BUERGERIANUM","perimeter_cm":14.0,"height":3.0,"municipal_x":440241.286,"municipal_y":4473279.686}},{"type":"Feature","id":"MAD-1656832","geometry":{"type":"Point","coordinates":[-3.6984764,40.4081323]},"properties":{"source":"madrid","assetnum":"1656832","district":"CENTRO","barrio":"EMBAJADORES","species_code":"SJA","species":"STYPHNOLOBIUM JAPONICUM","perimeter_cm":62.0,"height":12.0,"municipal_x":440734.503,"municipal_y":4473291.69}},{"type":"Feature","id":"MAD-10202478","geometry":{"type":"Point","coordinates":[-3.7042626,40.4122321]},"properties":{"source":"madrid","assetnum":"10202478","district":"CENTRO","barrio":"EMBAJADORES","species_code":"CAU","species":"CELTIS AUSTRALIS","perimeter_cm":27.0,"height":5.0,"municipal_x":440247.168,"municipal_y":4473750.657}},{"type":"Feature","id":"MAD-9925366","geometry":{"type":"Point","coordinates":[-3.7053658,40.4060827]},"properties":{"source":"madrid","assetnum":"9925366","district":"CENTRO","barrio":"EMBAJADORES","species_code":"LIN","species":"LAGERSTROEMIA INDICA","perimeter_cm":16.0,"height":2.5,"municipal_x":440148.121,"municipal_y":4473068.822}},{"type":"Feature","id":"MAD-1672073","geometry":{"type":"Point","coordinates":[-3.7005801,40.4066571]},"properties":{"source":"madrid","assetnum":"1672073","district":"CENTRO","barrio":"EMBAJADORES","species_code":"LJA","species":"LIGUSTRUM JAPONICUM","perimeter_cm":55.0,"height":11.0,"municipal_x":440554.71,"municipal_y":4473129.357}},{"type":"Feature","id":"MAD-7129732","geometry":{"type":"Point","coordinates":[-3.7089061,40.4062792]},"properties":{"source":"madrid","assetnum":"7129732","district":"CENTRO","barrio":"EMBAJADORES","species_code":"SJA","species":"STYPHNOLOBIUM JAPONICUM","perimeter_cm":15.0,"height":4.0,"municipal_x":439847.895,"municipal_y":4473093.039}},{"type":"Feature","id":"MAD-5037472","geometry":{"type":"Point","coordinates":[-3.7074126,40.4114295]},"properties":{"source":"madrid","assetnum":"5037472","district":"CENTRO","barrio":"EMBAJADORES","species_code":"CAU","species":"CELTIS AUSTRALIS","perimeter_cm":20.0,"height":4.5,"municipal_x":439979.197,"municipal_y":4473663.709}},{"type":"Feature","id":"MAD-9101076","geometry":{"type":"Point","coordinates":[-3.6956426,40.4098211]},"properties":{"source":"madrid","assetnum":"9101076","district":"CENTRO","barrio":"EMBAJADORES","species_code":"PCP","species":"PRUNUS CERASIFERA  SUBSP. PISSARDII","perimeter_cm":18.0,"height":5.0,"municipal_x":440976.432,"municipal_y":4473477.244}},{"type":"Feature","id":"MAD-2060960","geometry":{"type":"Point","coordinates":[-3.6931347,40.4075816]},"properties":{"source":"madrid","assetnum":"2060960","district":"CENTRO","barrio":"EMBAJADORES","species_code":"LST","species":"LIQUIDAMBAR STYRACIFLUA","perimeter_cm":45.0,"height":6.0,"municipal_x":441187.274,"municipal_y":4473226.996}},{"type":"Feature","id":"MAD-1655394","geometry":{"type":"Point","coordinates":[-3.697618,40.4074347]},"properties":{"source":"madrid","assetnum":"1655394","district":"CENTRO","barrio":"EMBAJADORES","species_code":"LJV","species":"LIGUSTRUM JAPONICUM 'VARIEGATUM'","perimeter_cm":16.0,"height":4.0,"municipal_x":440806.726,"municipal_y":4473213.684}},{"type":"Feature","id":"MAD-2053827","geometry":{"type":"Point","coordinates":[-3.693323,40.4074221]},"properties":{"source":"madrid","assetnum":"2053827","district":"CENTRO","barrio":"EMBAJADORES","species_code":"QIL","species":"QUERCUS ILEX","perimeter_cm":93.0,"height":8.0,"municipal_x":441171.152,"municipal_y":4473209.419}},{"type":"Feature","id":"MAD-10150185","geometry":{"type":"Point","coordinates":[-3.7105542,40.4071992]},"properties":{"source":"madrid","assetnum":"10150185","district":"CENTRO","barrio":"EMBAJADORES","species_code":"LTU","species":"LIRIODENDRON TULIPIFERA","perimeter_cm":15.0,"height":4.0,"municipal_x":439708.869,"municipal_y":4473196.284}},{"type":"Feature","id":"MAD-2060958","geometry":{"type":"Point","coordinates":[-3.6958449,40.4077519]},"properties":{"source":"madrid","assetnum":"2060958","district":"CENTRO","barrio":"EMBAJADORES","species_code":"RPS","species":"ROBINIA PSEUDOACACIA","perimeter_cm":18.0,"height":4.5,"municipal_x":440957.46,"municipal_y":4473247.707}},{"type":"Feature","id":"MAD-2068453","geometry":{"type":"Point","coordinates":[-3.7083639,40.4087334]},"properties":{"source":"madrid","assetnum":"2068453","district":"CENTRO","barrio":"EMBAJADORES","species_code":"CAU","species":"CELTIS AUSTRALIS","perimeter_cm":23.0,"height":5.0,"municipal_x":439896.081,"municipal_y":4473365.09}},{"type":"Feature","id":"MAD-1643027","geometry":{"type":"Point","coordinates":[-3.7102957,40.4067519]},"properties":{"source":"madrid","assetnum":"1643027","district":"CENTRO","barrio":"EMBAJADORES","species_code":"ANE","species":"ACER NEGUNDO","perimeter_cm":104.0,"height":10.0,"municipal_x":439730.399,"municipal_y":4473146.454}},{"type":"Feature","id":"MAD-1630035","geometry":{"type":"Point","coordinates":[-3.7060506,40.4057746]},"properties":{"source":"madrid","assetnum":"1630035","district":"CENTRO","barrio":"EMBAJADORES","species_code":"SJA","species":"STYPHNOLOBIUM JAPONICUM","perimeter_cm":62.0,"height":7.0,"municipal_x":440089.739,"municipal_y":4473035.09}},{"type":"Feature","id":"MAD-1671934","geometry":{"type":"Point","coordinates":[-3.7032391,40.4125104]},"properties":{"source":"madrid","assetnum":"1671934","district":"CENTRO","barrio":"EMBAJADORES","species_code":"CSI","species":"CERCIS SILIQUASTRUM","perimeter_cm":55.0,"height":7.0,"municipal_x":440334.253,"municipal_y":4473780.855}},{"type":"Feature","id":"MAD-1672514","geometry":{"type":"Point","coordinates":[-3.702909,40.4055424]},"properties":{"source":"madrid","assetnum":"1672514","district":"CENTRO","barrio":"EMBAJADORES","species_code":"RPS","species":"ROBINIA PSEUDOACACIA","perimeter_cm":98.0,"height":16.0,"municipal_x":440356.112,"municipal_y":4473007.193}},{"type":"Feature","id":"MAD-1660265","geometry":{"type":"Point","coordinates":[-3.7088303,40.4062336]},"properties":{"source":"madrid","assetnum":"1660265","district":"CENTRO","barrio":"EMBAJADORES","species_code":"UPU","species":"ULMUS PUMILA","perimeter_cm":137.0,"height":15.0,"municipal_x":439854.285,"municipal_y":4473087.929}},{"type":"Feature","id":"MAD-1685640","geometry":{"type":"Point","coordinates":[-3.7083955,40.4093237]},"properties":{"source":"madrid","assetnum":"1685640","district":"CENTRO","barrio":"EMBAJADORES","species_code":"AHI","species":"AESCULUS HIPPOCASTANUM","perimeter_cm":116.0,"height":11.0,"municipal_x":439893.93,"municipal_y":4473430.63}},{"type":"Feature","id":"MAD-9101078","geometry":{"type":"Point","coordinates":[-3.6953881,40.4101738]},"properties":{"source":"madrid","assetnum":"9101078","district":"CENTRO","barrio":"EMBAJADORES","species_code":"PCP","species":"PRUNUS CERASIFERA  SUBSP. PISSARDII","perimeter_cm":18.0,"height":5.0,"municipal_x":440998.332,"municipal_y":4473516.228}},{"type":"Feature","id":"MAD-10140135","geometry":{"type":"Point","coordinates":[-3.7067743,40.413772]},"properties":{"source":"madrid","assetnum":"10140135","district":"CENTRO","barrio":"EMBAJADORES","species_code":"HSY","species":"HIBISCUS SYRIACUS","perimeter_cm":16.0,"height":3.15,"municipal_x":440035.434,"municipal_y":4473923.292}},{"type":"Feature","id":"MAD-1645016","geometry":{"type":"Point","coordinates":[-3.7061018,40.406246]},"properties":{"source":"madrid","assetnum":"1645016","district":"CENTRO","barrio":"EMBAJADORES","species_code":"BRP","species":"BROUSSONETIA PAPYRIFERA","perimeter_cm":61.0,"height":7.0,"municipal_x":440085.812,"municipal_y":4473087.449}},{"type":"Feature","id":"MAD-1657295","geometry":{"type":"Point","coordinates":[-3.6978962,40.4067925]},"properties":{"source":"madrid","assetnum":"1657295","district":"CENTRO","barrio":"EMBAJADORES","species_code":"SJA","species":"STYPHNOLOBIUM JAPONICUM","perimeter_cm":42.0,"height":9.0,"municipal_x":440782.563,"municipal_y":4473142.582}},{"type":"Feature","id":"MAD-1629663","geometry":{"type":"Point","coordinates":[-3.7027579,40.407899]},"properties":{"source":"madrid","assetnum":"1629663","district":"CENTRO","barrio":"EMBAJADORES","species_code":"ANE","species":"ACER NEGUNDO","perimeter_cm":91.0,"height":10.0,"municipal_x":440371.011,"municipal_y":4473268.673}},{"type":"Feature","id":"MAD-1671170","geometry":{"type":"Point","coordinates":[-3.7069741,40.4059212]},"properties":{"source":"madrid","assetnum":"1671170","district":"CENTRO","barrio":"EMBAJADORES","species_code":"PDA","species":"PLATANUS X HISPANICA","perimeter_cm":46.0,"height":8.0,"municipal_x":440011.508,"municipal_y":4473051.994}},{"type":"Feature","id":"MAD-1671527","geometry":{"type":"Point","coordinates":[-3.7039358,40.4075174]},"properties":{"source":"madrid","assetnum":"1671527","district":"CENTRO","barrio":"EMBAJADORES","species_code":"LJA","species":"LIGUSTRUM JAPONICUM","perimeter_cm":55.0,"height":9.0,"municipal_x":440270.733,"municipal_y":4473227.109}},{"type":"Feature","id":"MAD-1658825","geometry":{"type":"Point","coordinates":[-3.6980088,40.4066133]},"properties":{"source":"madrid","assetnum":"1658825","district":"CENTRO","barrio":"EMBAJADORES","species_code":"SJA","species":"STYPHNOLOBIUM JAPONICUM","perimeter_cm":56.0,"height":13.0,"municipal_x":440772.847,"municipal_y":4473122.764}},{"type":"Feature","id":"MAD-9329777","geometry":{"type":"Point","coordinates":[-3.7004487,40.4063201]},"properties":{"source":"madrid","assetnum":"9329777","district":"CENTRO","barrio":"EMBAJADORES","species_code":"LJA","species":"LIGUSTRUM JAPONICUM","perimeter_cm":16.0,"height":3.5,"municipal_x":440565.56,"municipal_y":4473091.854}},{"type":"Feature","id":"MAD-10202483","geometry":{"type":"Point","coordinates":[-3.7049755,40.4130542]},"properties":{"source":"madrid","assetnum":"10202483","district":"CENTRO","barrio":"EMBAJADORES","species_code":"CAU","species":"CELTIS AUSTRALIS","perimeter_cm":25.0,"height":5.0,"municipal_x":440187.409,"municipal_y":4473842.391}},{"type":"Feature","id":"MAD-9101097","geometry":{"type":"Point","coordinates":[-3.6961031,40.4101569]},"properties":{"source":"madrid","assetnum":"9101097","district":"CENTRO","barrio":"EMBAJADORES","species_code":"PCP","species":"PRUNUS CERASIFERA  SUBSP. PISSARDII","perimeter_cm":18.0,"height":5.0,"municipal_x":440937.65,"municipal_y":4473514.831}},{"type":"Feature","id":"MAD-1635751","geometry":{"type":"Point","coordinates":[-3.7059963,40.4057643]},"properties":{"source":"madrid","assetnum":"1635751","district":"CENTRO","barrio":"EMBAJADORES","species_code":"SJA","species":"STYPHNOLOBIUM JAPONICUM","perimeter_cm":86.0,"height":10.0,"municipal_x":440094.338,"municipal_y":4473033.911}},{"type":"Feature","id":"MAD-1672012","geometry":{"type":"Point","coordinates":[-3.7013484,40.4104457]},"properties":{"source":"madrid","assetnum":"1672012","district":"CENTRO","barrio":"EMBAJADORES","species_code":"LJA","species":"LIGUSTRUM JAPONICUM","perimeter_cm":42.0,"height":10.0,"municipal_x":440492.857,"municipal_y":4473550.404}},{"type":"Feature","id":"MAD-10145182","geometry":{"type":"Point","coordinates":[-3.7033792,40.4086435]},"properties":{"source":"madrid","assetnum":"10145182","district":"CENTRO","barrio":"EMBAJADORES","species_code":"LJA","species":"LIGUSTRUM JAPONICUM","perimeter_cm":16.0,"height":3.1,"municipal_x":440318.956,"municipal_y":4473351.735}},{"type":"Feature","id":"MAD-10128685","geometry":{"type":"Point","coordinates":[-3.6929123,40.4083593]},"properties":{"source":"madrid","assetnum":"10128685","district":"CENTRO","barrio":"EMBAJADORES","species_code":"PDA","species":"PLATANUS X HISPANICA","perimeter_cm":18.0,"height":4.52,"municipal_x":441206.818,"municipal_y":4473313.169}},{"type":"Feature","id":"MAD-1660414","geometry":{"type":"Point","coordinates":[-3.6943879,40.4099634]},"properties":{"source":"madrid","assetnum":"1660414","district":"CENTRO","barrio":"EMBAJADORES","species_code":"RPS","species":"ROBINIA PSEUDOACACIA","perimeter_cm":59.0,"height":14.0,"municipal_x":441083.012,"municipal_y":4473492.203}},{"type":"Feature","id":"MAD-1683301","geometry":{"type":"Point","coordinates":[-3.7020677,40.4095321]},"properties":{"source":"madrid","assetnum":"1683301","district":"CENTRO","barrio":"EMBAJADORES","species_code":"RPS","species":"ROBINIA PSEUDOACACIA","perimeter_cm":43.0,"height":7.0,"municipal_x":440431.017,"municipal_y":4473449.474}},{"type":"Feature","id":"MAD-6963355","geometry":{"type":"Point","coordinates":[-3.7026394,40.4101283]},"properties":{"source":"madrid","assetnum":"6963355","district":"CENTRO","barrio":"EMBAJADORES","species_code":"CAU","species":"CELTIS AUSTRALIS","perimeter_cm":15.0,"height":3.0,"municipal_x":440383.038,"municipal_y":4473516.04}},{"type":"Feature","id":"MAD-1663199","geometry":{"type":"Point","coordinates":[-3.7040072,40.4076532]},"properties":{"source":"madrid","assetnum":"1663199","district":"CENTRO","barrio":"EMBAJADORES","species_code":"LJA","species":"LIGUSTRUM JAPONICUM","perimeter_cm":44.0,"height":8.0,"municipal_x":440264.79,"municipal_y":4473242.235}},{"type":"Feature","id":"MAD-6747336","geometry":{"type":"Point","coordinates":[-3.7052875,40.4059538]},"properties":{"source":"madrid","assetnum":"6747336","district":"CENTRO","barrio":"EMBAJADORES","species_code":"BRP","species":"BROUSSONETIA PAPYRIFERA","perimeter_cm":16.0,"height":4.0,"municipal_x":440154.65,"municipal_y":4473054.461}},{"type":"Feature","id":"MAD-9878193","geometry":{"type":"Point","coordinates":[-3.7044304,40.4065279]},"properties":{"source":"madrid","assetnum":"9878193","district":"CENTRO","barrio":"EMBAJADORES","species_code":"KPA","species":"KOELREUTERIA PANICULATA","perimeter_cm":18.0,"height":3.5,"municipal_x":440227.89,"municipal_y":4473117.606}},{"type":"Feature","id":"MAD-1643720","geometry":{"type":"Point","coordinates":[-3.7081553,40.4062259]},"properties":{"source":"madrid","assetnum":"1643720","district":"CENTRO","barrio":"EMBAJADORES","species_code":"RPS","species":"ROBINIA PSEUDOACACIA","perimeter_cm":230.0,"height":16.0,"municipal_x":439911.551,"municipal_y":4473086.611}},{"type":"Feature","id":"MAD-1653067","geometry":{"type":"Point","coordinates":[-3.6984599,40.4072195]},"properties":{"source":"madrid","assetnum":"1653067","district":"CENTRO","barrio":"EMBAJADORES","species_code":"LJV","species":"LIGUSTRUM JAPONICUM 'VARIEGATUM'","perimeter_cm":28.0,"height":6.0,"municipal_x":440735.105,"municipal_y":4473190.36}},{"type":"Feature","id":"MAD-1656716","geometry":{"type":"Point","coordinates":[-3.7016249,40.4131066]},"properties":{"source":"madrid","assetnum":"1656716","district":"CENTRO","barrio":"EMBAJADORES","species_code":"LJA","species":"LIGUSTRUM JAPONICUM","perimeter_cm":40.0,"height":7.0,"municipal_x":440471.741,"municipal_y":4473845.952}},{"type":"Feature","id":"MAD-1676875","geometry":{"type":"Point","coordinates":[-3.6952245,40.4085021]},"properties":{"source":"madrid","assetnum":"1676875","district":"CENTRO","barrio":"EMBAJADORES","species_code":"RPS","species":"ROBINIA PSEUDOACACIA","perimeter_cm":27.0,"height":8.0,"municipal_x":441010.755,"municipal_y":4473330.555}},{"type":"Feature","id":"MAD-5174532","geometry":{"type":"Point","coordinates":[-3.7014661,40.4064359]},"properties":{"source":"madrid","assetnum":"5174532","district":"CENTRO","barrio":"EMBAJADORES","species_code":"PCP","species":"PRUNUS CERASIFERA  SUBSP. PISSARDII","perimeter_cm":16.0,"height":4.1,"municipal_x":440479.333,"municipal_y":4473105.402}},{"type":"Feature","id":"MAD-10126836","geometry":{"type":"Point","coordinates":[-3.7038151,40.4068152]},"properties":{"source":"madrid","assetnum":"10126836","district":"CENTRO","barrio":"EMBAJADORES","species_code":"PAR","species":"PYRUS CALLERYANA 'CHANTICLEER'","perimeter_cm":16.0,"height":3.0,"municipal_x":440280.353,"municipal_y":4473149.081}},{"type":"Feature","id":"MAD-10202644","geometry":{"type":"Point","coordinates":[-3.7004271,40.4102207]},"properties":{"source":"madrid","assetnum":"10202644","district":"CENTRO","barrio":"EMBAJADORES","species_code":"AMO","species":"ACER MONSPESSULANUM","perimeter_cm":18.0,"height":4.0,"municipal_x":440570.828,"municipal_y":4473524.812}},{"type":"Feature","id":"MAD-10202467","geometry":{"type":"Point","coordinates":[-3.7051015,40.4120544]},"properties":{"source":"madrid","assetnum":"10202467","district":"CENTRO","barrio":"EMBAJADORES","species_code":"CAU","species":"CELTIS AUSTRALIS","perimeter_cm":27.0,"height":5.0,"municipal_x":440175.835,"municipal_y":4473731.505}},{"type":"Feature","id":"MAD-1635694","geometry":{"type":"Point","coordinates":[-3.7054868,40.4058547]},"properties":{"source":"madrid","assetnum":"1635694","district":"CENTRO","barrio":"EMBAJADORES","species_code":"SJA","species":"STYPHNOLOBIUM JAPONICUM","perimeter_cm":70.0,"height":8.0,"municipal_x":440137.649,"municipal_y":4473043.595}},{"type":"Feature","id":"MAD-9387750","geometry":{"type":"Point","coordinates":[-3.7033065,40.4082153]},"properties":{"source":"madrid","assetnum":"9387750","district":"CENTRO","barrio":"EMBAJADORES","species_code":"AUN","species":"ARBUTUS UNEDO","perimeter_cm":18.0,"height":3.0,"municipal_x":440324.742,"municipal_y":4473304.146}},{"type":"Feature","id":"MAD-1660986","geometry":{"type":"Point","coordinates":[-3.7065567,40.4063516]},"properties":{"source":"madrid","assetnum":"1660986","district":"CENTRO","barrio":"EMBAJADORES","species_code":"UPU","species":"ULMUS PUMILA","perimeter_cm":93.0,"height":16.0,"municipal_x":440047.309,"municipal_y":4473099.486}},{"type":"Feature","id":"MAD-1672344","geometry":{"type":"Point","coordinates":[-3.7015537,40.4132276]},"properties":{"source":"madrid","assetnum":"1672344","district":"CENTRO","barrio":"EMBAJADORES","species_code":"LJA","species":"LIGUSTRUM JAPONICUM","perimeter_cm":32.0,"height":7.0,"municipal_x":440477.882,"municipal_y":4473859.334}},{"type":"Feature","id":"MAD-1657294","geometry":{"type":"Point","coordinates":[-3.6978907,40.4068415]},"properties":{"source":"madrid","assetnum":"1657294","district":"CENTRO","barrio":"EMBAJADORES","species_code":"SJA","species":"STYPHNOLOBIUM JAPONICUM","perimeter_cm":37.0,"height":10.0,"municipal_x":440783.073,"municipal_y":4473148.012}},{"type":"Feature","id":"MAD-5174528","geometry":{"type":"Point","coordinates":[-3.7033557,40.4086089]},"properties":{"source":"madrid","assetnum":"5174528","district":"CENTRO","barrio":"EMBAJADORES","species_code":"CAU","species":"CELTIS AUSTRALIS","perimeter_cm":27.0,"height":4.5,"municipal_x":440320.914,"municipal_y":4473347.872}},{"type":"Feature","id":"MAD-1643718","geometry":{"type":"Point","coordinates":[-3.708398,40.4063891]},"properties":{"source":"madrid","assetnum":"1643718","district":"CENTRO","barrio":"EMBAJADORES","species_code":"LIN","species":"LAGERSTROEMIA INDICA","perimeter_cm":27.0,"height":6.0,"municipal_x":439891.103,"municipal_y":4473104.897}},{"type":"Feature","id":"MAD-2053663","geometry":{"type":"Point","coordinates":[-3.6959939,40.4075746]},"properties":{"source":"madrid","assetnum":"2053663","district":"CENTRO","barrio":"EMBAJADORES","species_code":"RPS","species":"ROBINIA PSEUDOACACIA","perimeter_cm":22.0,"height":6.0,"municipal_x":440944.662,"municipal_y":4473228.122}},{"type":"Feature","id":"MAD-2053849","geometry":{"type":"Point","coordinates":[-3.6924506,40.4083105]},"properties":{"source":"madrid","assetnum":"2053849","district":"CENTRO","barrio":"EMBAJADORES","species_code":"LST","species":"LIQUIDAMBAR STYRACIFLUA","perimeter_cm":53.0,"height":7.0,"municipal_x":441245.952,"municipal_y":4473307.444}},{"type":"Feature","id":"MAD-1683762","geometry":{"type":"Point","coordinates":[-3.7010104,40.410182]},"properties":{"source":"madrid","assetnum":"1683762","district":"CENTRO","barrio":"EMBAJADORES","species_code":"RPS","species":"ROBINIA PSEUDOACACIA","perimeter_cm":64.0,"height":12.0,"municipal_x":440521.299,"municipal_y":4473520.91}},{"type":"Feature","id":"MAD-1684542","geometry":{"type":"Point","coordinates":[-3.7009497,40.4095437]},"properties":{"source":"madrid","assetnum":"1684542","district":"CENTRO","barrio":"EMBAJADORES","species_code":"RPS","species":"ROBINIA PSEUDOACACIA","perimeter_cm":50.0,"height":13.0,"municipal_x":440525.887,"municipal_y":4473450.014}},{"type":"Feature","id":"MAD-1685419","geometry":{"type":"Point","coordinates":[-3.707228,40.4073866]},"properties":{"source":"madrid","assetnum":"1685419","district":"CENTRO","barrio":"EMBAJADORES","species_code":"PDA","species":"PLATANUS X HISPANICA","perimeter_cm":135.0,"height":17.0,"municipal_x":439991.267,"municipal_y":4473214.819}},{"type":"Feature","id":"MAD-1690632","geometry":{"type":"Point","coordinates":[-3.7089844,40.4062922]},"properties":{"source":"madrid","assetnum":"1690632","district":"CENTRO","barrio":"EMBAJADORES","species_code":"SJA","species":"STYPHNOLOBIUM JAPONICUM","perimeter_cm":114.0,"height":14.0,"municipal_x":439841.26,"municipal_y":4473094.538}},{"type":"Feature","id":"MAD-2061769","geometry":{"type":"Point","coordinates":[-3.7043109,40.4067413]},"properties":{"source":"madrid","assetnum":"2061769","district":"CENTRO","barrio":"EMBAJADORES","species_code":"MEA","species":"MELIA AZEDARACH","perimeter_cm":35.0,"height":5.0,"municipal_x":440238.213,"municipal_y":4473141.215}},{"type":"Feature","id":"MAD-1680144","geometry":{"type":"Point","coordinates":[-3.6970157,40.4100273]},"properties":{"source":"madrid","assetnum":"1680144","district":"CENTRO","barrio":"EMBAJADORES","species_code":"AJU","species":"ALBIZIA JULIBRISSIN","perimeter_cm":46.0,"height":7.0,"municipal_x":440860.105,"municipal_y":4473501.049}},{"type":"Feature","id":"MAD-9865241","geometry":{"type":"Point","coordinates":[-3.700257,40.41161]},"properties":{"source":"madrid","assetnum":"9865241","district":"CENTRO","barrio":"EMBAJADORES","species_code":"RGE","species":"ROBINIA X MARGARETTA 'CASQUE ROUGE'","perimeter_cm":16.0,"height":5.8,"municipal_x":440586.483,"municipal_y":4473678.902}},{"type":"Feature","id":"MAD-1683584","geometry":{"type":"Point","coordinates":[-3.7010367,40.4094458]},"properties":{"source":"madrid","assetnum":"1683584","district":"CENTRO","barrio":"EMBAJADORES","species_code":"COK","species":"CALLISTEMON VIMINALIS 'CAPTAIN COOK'","perimeter_cm":20.0,"height":5.0,"municipal_x":440518.42,"municipal_y":4473439.202}},{"type":"Feature","id":"MAD-1658820","geometry":{"type":"Point","coordinates":[-3.6978996,40.4067532]},"properties":{"source":"madrid","assetnum":"1658820","district":"CENTRO","barrio":"EMBAJADORES","species_code":"SJA","species":"STYPHNOLOBIUM JAPONICUM","perimeter_cm":71.0,"height":13.0,"municipal_x":440782.242,"municipal_y":4473138.222}},{"type":"Feature","id":"MAD-1671204","geometry":{"type":"Point","coordinates":[-3.7073038,40.4136091]},"properties":{"source":"madrid","assetnum":"1671204","district":"CENTRO","barrio":"EMBAJADORES","species_code":"HSY","species":"HIBISCUS SYRIACUS","perimeter_cm":24.0,"height":4.0,"municipal_x":439990.364,"municipal_y":4473905.562}},{"type":"Feature","id":"MAD-2055562","geometry":{"type":"Point","coordinates":[-3.693119,40.4076493]},"properties":{"source":"madrid","assetnum":"2055562","district":"CENTRO","barrio":"EMBAJADORES","species_code":"HSY","species":"HIBISCUS SYRIACUS","perimeter_cm":20.0,"height":6.0,"municipal_x":441188.662,"municipal_y":4473234.496}},{"type":"Feature","id":"MAD-2064191","geometry":{"type":"Point","coordinates":[-3.7026598,40.4105933]},"properties":{"source":"madrid","assetnum":"2064191","district":"CENTRO","barrio":"EMBAJADORES","species_code":"PAR","species":"PYRUS CALLERYANA 'CHANTICLEER'","perimeter_cm":38.0,"height":7.0,"municipal_x":440381.714,"municipal_y":4473567.672}},{"type":"Feature","id":"MAD-9034196","geometry":{"type":"Point","coordinates":[-3.7013561,40.406765]},"properties":{"source":"madrid","assetnum":"9034196","district":"CENTRO","barrio":"EMBAJADORES","species_code":"PCP","species":"PRUNUS CERASIFERA  SUBSP. PISSARDII","perimeter_cm":14.0,"height":3.5,"municipal_x":440488.957,"municipal_y":4473141.856}},{"type":"Feature","id":"MAD-9342410","geometry":{"type":"Point","coordinates":[-3.7040042,40.4068169]},"properties":{"source":"madrid","assetnum":"9342410","district":"CENTRO","barrio":"EMBAJADORES","species_code":"KPA","species":"KOELREUTERIA PANICULATA","perimeter_cm":16.0,"height":3.5,"municipal_x":440264.306,"municipal_y":4473149.396}},{"type":"Feature","id":"MAD-1656794","geometry":{"type":"Point","coordinates":[-3.6999021,40.4066657]},"properties":{"source":"madrid","assetnum":"1656794","district":"CENTRO","barrio":"EMBAJADORES","species_code":"LJA","species":"LIGUSTRUM JAPONICUM","perimeter_cm":49.0,"height":9.0,"municipal_x":440612.245,"municipal_y":4473129.855}},{"type":"Feature","id":"MAD-7129752","geometry":{"type":"Point","coordinates":[-3.7072568,40.4087982]},"properties":{"source":"madrid","assetnum":"7129752","district":"CENTRO","barrio":"EMBAJADORES","species_code":"PDA","species":"PLATANUS X HISPANICA","perimeter_cm":144.0,"height":14.0,"municipal_x":439990.078,"municipal_y":4473371.529}},{"type":"Feature","id":"MAD-10202450","geometry":{"type":"Point","coordinates":[-3.7045663,40.4123639]},"properties":{"source":"madrid","assetnum":"10202450","district":"CENTRO","barrio":"EMBAJADORES","species_code":"PAR","species":"PYRUS CALLERYANA 'CHANTICLEER'","perimeter_cm":28.0,"height":5.5,"municipal_x":440221.517,"municipal_y":4473765.497}},{"type":"Feature","id":"MAD-5038023","geometry":{"type":"Point","coordinates":[-3.7084957,40.4066647]},"properties":{"source":"madrid","assetnum":"5038023","district":"CENTRO","barrio":"EMBAJADORES","species_code":"SJA","species":"STYPHNOLOBIUM JAPONICUM","perimeter_cm":16.0,"height":5.0,"municipal_x":439883.059,"municipal_y":4473135.551}},{"type":"Feature","id":"MAD-1643744","geometry":{"type":"Point","coordinates":[-3.7051723,40.4062626]},"properties":{"source":"madrid","assetnum":"1643744","district":"CENTRO","barrio":"EMBAJADORES","species_code":"CAU","species":"CELTIS AUSTRALIS","perimeter_cm":43.0,"height":7.0,"municipal_x":440164.704,"municipal_y":4473088.663}},{"type":"Feature","id":"MAD-1651616","geometry":{"type":"Point","coordinates":[-3.7012479,40.4057471]},"properties":{"source":"madrid","assetnum":"1651616","district":"CENTRO","barrio":"EMBAJADORES","species_code":"LJA","species":"LIGUSTRUM JAPONICUM","perimeter_cm":53.0,"height":9.0,"municipal_x":440497.244,"municipal_y":4473028.795}},{"type":"Feature","id":"MAD-1656341","geometry":{"type":"Point","coordinates":[-3.699657,40.406493]},"properties":{"source":"madrid","assetnum":"1656341","district":"CENTRO","barrio":"EMBAJADORES","species_code":"LJA","species":"LIGUSTRUM JAPONICUM","perimeter_cm":56.0,"height":9.0,"municipal_x":440632.892,"municipal_y":4473110.52}},{"type":"Feature","id":"MAD-10202445","geometry":{"type":"Point","coordinates":[-3.704674,40.4123085]},"properties":{"source":"madrid","assetnum":"10202445","district":"CENTRO","barrio":"EMBAJADORES","species_code":"PAR","species":"PYRUS CALLERYANA 'CHANTICLEER'","perimeter_cm":28.0,"height":6.0,"municipal_x":440212.33,"municipal_y":4473759.421}},{"type":"Feature","id":"MAD-1676916","geometry":{"type":"Point","coordinates":[-3.7053372,40.4139273]},"properties":{"source":"madrid","assetnum":"1676916","district":"CENTRO","barrio":"EMBAJADORES","species_code":"HSY","species":"HIBISCUS SYRIACUS","perimeter_cm":20.0,"height":4.0,"municipal_x":440157.495,"municipal_y":4473939.553}},{"type":"Feature","id":"MAD-1676778","geometry":{"type":"Point","coordinates":[-3.7083165,40.4093449]},"properties":{"source":"madrid","assetnum":"1676778","district":"CENTRO","barrio":"EMBAJADORES","species_code":"AHI","species":"AESCULUS HIPPOCASTANUM","perimeter_cm":24.0,"height":3.0,"municipal_x":439900.646,"municipal_y":4473432.934}},{"type":"Feature","id":"MAD-1658462","geometry":{"type":"Point","coordinates":[-3.6940083,40.4095477]},"properties":{"source":"madrid","assetnum":"1658462","district":"CENTRO","barrio":"EMBAJADORES","species_code":"LJV","species":"LIGUSTRUM JAPONICUM 'VARIEGATUM'","perimeter_cm":28.0,"height":5.0,"municipal_x":441114.857,"municipal_y":4473445.809}},{"type":"Feature","id":"MAD-1660406","geometry":{"type":"Point","coordinates":[-3.7074648,40.4114232]},"properties":{"source":"madrid","assetnum":"1660406","district":"CENTRO","barrio":"EMBAJADORES","species_code":"UMI","species":"ULMUS MINOR","perimeter_cm":102.0,"height":12.0,"municipal_x":439974.761,"municipal_y":4473663.041}},{"type":"Feature","id":"MAD-6747332","geometry":{"type":"Point","coordinates":[-3.7056451,40.406435]},"properties":{"source":"madrid","assetnum":"6747332","district":"CENTRO","barrio":"EMBAJADORES","species_code":"PDA","species":"PLATANUS X HISPANICA","perimeter_cm":19.0,"height":5.0,"municipal_x":440124.737,"municipal_y":4473108.124}},{"type":"Feature","id":"MAD-1684544","geometry":{"type":"Point","coordinates":[-3.6940842,40.4091856]},"properties":{"source":"madrid","assetnum":"1684544","district":"CENTRO","barrio":"EMBAJADORES","species_code":"LST","species":"LIQUIDAMBAR STYRACIFLUA","perimeter_cm":59.0,"height":10.0,"municipal_x":441108.102,"municipal_y":4473405.668}},{"type":"Feature","id":"MAD-1643057","geometry":{"type":"Point","coordinates":[-3.7085239,40.4062949]},"properties":{"source":"madrid","assetnum":"1643057","district":"CENTRO","barrio":"EMBAJADORES","species_code":"LIN","species":"LAGERSTROEMIA INDICA","perimeter_cm":22.0,"height":6.0,"municipal_x":439880.339,"municipal_y":4473094.526}},{"type":"Feature","id":"MAD-1660973","geometry":{"type":"Point","coordinates":[-3.7038254,40.4132633]},"properties":{"source":"madrid","assetnum":"1660973","district":"CENTRO","barrio":"EMBAJADORES","species_code":"LJA","species":"LIGUSTRUM JAPONICUM","perimeter_cm":34.0,"height":6.5,"municipal_x":440285.177,"municipal_y":4473864.831}},{"type":"Feature","id":"MAD-8800627","geometry":{"type":"Point","coordinates":[-3.7005591,40.4110241]},"properties":{"source":"madrid","assetnum":"8800627","district":"CENTRO","barrio":"EMBAJADORES","species_code":"RPS","species":"ROBINIA PSEUDOACACIA","perimeter_cm":18.0,"height":4.0,"municipal_x":440560.335,"municipal_y":4473614.07}},{"type":"Feature","id":"MAD-1680782","geometry":{"type":"Point","coordinates":[-3.7017885,40.4060026]},"properties":{"source":"madrid","assetnum":"1680782","district":"CENTRO","barrio":"EMBAJADORES","species_code":"PCP","species":"PRUNUS CERASIFERA  SUBSP. PISSARDII","perimeter_cm":42.0,"height":8.0,"municipal_x":440451.592,"municipal_y":4473057.522}},{"type":"Feature","id":"MAD-9925367","geometry":{"type":"Point","coordinates":[-3.7053857,40.4060522]},"properties":{"source":"madrid","assetnum":"9925367","district":"CENTRO","barrio":"EMBAJADORES","species_code":"LIN","species":"LAGERSTROEMIA INDICA","perimeter_cm":16.0,"height":2.5,"municipal_x":440146.409,"municipal_y":4473065.458}},{"type":"Feature","id":"MAD-9879980","geometry":{"type":"Point","coordinates":[-3.7007107,40.4067478]},"properties":{"source":"madrid","assetnum":"9879980","district":"CENTRO","barrio":"EMBAJADORES","species_code":"LJA","species":"LIGUSTRUM JAPONICUM","perimeter_cm":14.0,"height":3.0,"municipal_x":440543.706,"municipal_y":4473139.509}},{"type":"Feature","id":"MAD-1643033","geometry":{"type":"Point","coordinates":[-3.7083827,40.4064346]},"properties":{"source":"madrid","assetnum":"1643033","district":"CENTRO","barrio":"EMBAJADORES","species_code":"LIN","species":"LAGERSTROEMIA INDICA","perimeter_cm":18.0,"height":5.0,"municipal_x":439892.443,"municipal_y":4473109.934}},{"type":"Feature","id":"MAD-10150208","geometry":{"type":"Point","coordinates":[-3.7039077,40.4067248]},"properties":{"source":"madrid","assetnum":"10150208","district":"CENTRO","barrio":"EMBAJADORES","species_code":"ACPF","species":"ACER PECTINATUM SUBSP. FORRESTII","perimeter_cm":16.0,"height":4.0,"municipal_x":440272.414,"municipal_y":4473139.108}},{"type":"Feature","id":"MAD-1673126","geometry":{"type":"Point","coordinates":[-3.7072431,40.4092609]},"properties":{"source":"madrid","assetnum":"1673126","district":"CENTRO","barrio":"EMBAJADORES","species_code":"PDA","species":"PLATANUS X HISPANICA","perimeter_cm":140.0,"height":18.0,"municipal_x":439991.648,"municipal_y":4473422.879}},{"type":"Feature","id":"MAD-1661240","geometry":{"type":"Point","coordinates":[-3.7074028,40.4087935]},"properties":{"source":"madrid","assetnum":"1661240","district":"CENTRO","barrio":"EMBAJADORES","species_code":"PDA","species":"PLATANUS X HISPANICA","perimeter_cm":116.0,"height":17.0,"municipal_x":439977.684,"municipal_y":4473371.104}},{"type":"Feature","id":"MAD-1629800","geometry":{"type":"Point","coordinates":[-3.7037268,40.4083913]},"properties":{"source":"madrid","assetnum":"1629800","district":"CENTRO","barrio":"EMBAJADORES","species_code":"ANE","species":"ACER NEGUNDO","perimeter_cm":46.0,"height":8.0,"municipal_x":440289.232,"municipal_y":4473323.976}},{"type":"Feature","id":"MAD-2009315","geometry":{"type":"Point","coordinates":[-3.7045009,40.412324]},"properties":{"source":"madrid","assetnum":"2009315","district":"CENTRO","barrio":"EMBAJADORES","species_code":"PDA","species":"PLATANUS X HISPANICA","perimeter_cm":200.0,"height":16.0,"municipal_x":440227.037,"municipal_y":4473761.019}},{"type":"Feature","id":"MAD-1656216","geometry":{"type":"Point","coordinates":[-3.7039994,40.4070325]},"properties":{"source":"madrid","assetnum":"1656216","district":"CENTRO","barrio":"EMBAJADORES","species_code":"UPU","species":"ULMUS PUMILA","perimeter_cm":45.0,"height":8.0,"municipal_x":440264.908,"municipal_y":4473173.334}},{"type":"Feature","id":"MAD-6747293","geometry":{"type":"Point","coordinates":[-3.7061734,40.4059042]},"properties":{"source":"madrid","assetnum":"6747293","district":"CENTRO","barrio":"EMBAJADORES","species_code":"PAR","species":"PYRUS CALLERYANA 'CHANTICLEER'","perimeter_cm":18.0,"height":5.0,"municipal_x":440079.437,"municipal_y":4473049.564}},{"type":"Feature","id":"MAD-1657199","geometry":{"type":"Point","coordinates":[-3.6979842,40.4068813]},"properties":{"source":"madrid","assetnum":"1657199","district":"CENTRO","barrio":"EMBAJADORES","species_code":"SJA","species":"STYPHNOLOBIUM JAPONICUM","perimeter_cm":29.0,"height":8.0,"municipal_x":440775.17,"municipal_y":4473152.493}},{"type":"Feature","id":"MAD-1659826","geometry":{"type":"Point","coordinates":[-3.7072532,40.4075601]},"properties":{"source":"madrid","assetnum":"1659826","district":"CENTRO","barrio":"EMBAJADORES","species_code":"PDA","species":"PLATANUS X HISPANICA","perimeter_cm":38.0,"height":8.0,"municipal_x":439989.286,"municipal_y":4473234.098}},{"type":"Feature","id":"MAD-1653999","geometry":{"type":"Point","coordinates":[-3.6982799,40.4063301]},"properties":{"source":"madrid","assetnum":"1653999","district":"CENTRO","barrio":"EMBAJADORES","species_code":"ANE","species":"ACER NEGUNDO","perimeter_cm":84.0,"height":10.0,"municipal_x":440749.6,"municipal_y":4473091.518}},{"type":"Feature","id":"MAD-1646517","geometry":{"type":"Point","coordinates":[-3.7064262,40.4102057]},"properties":{"source":"madrid","assetnum":"1646517","district":"CENTRO","barrio":"EMBAJADORES","species_code":"LJA","species":"LIGUSTRUM JAPONICUM","perimeter_cm":87.0,"height":11.0,"municipal_x":440061.798,"municipal_y":4473527.2}},{"type":"Feature","id":"MAD-2064047","geometry":{"type":"Point","coordinates":[-3.6980495,40.4063925]},"properties":{"source":"madrid","assetnum":"2064047","district":"CENTRO","barrio":"EMBAJADORES","species_code":"LJV","species":"LIGUSTRUM JAPONICUM 'VARIEGATUM'","perimeter_cm":20.0,"height":3.0,"municipal_x":440769.199,"municipal_y":4473098.29}},{"type":"Feature","id":"MAD-1629662","geometry":{"type":"Point","coordinates":[-3.7036206,40.408403]},"properties":{"source":"madrid","assetnum":"1629662","district":"CENTRO","barrio":"EMBAJADORES","species_code":"CAU","species":"CELTIS AUSTRALIS","perimeter_cm":33.0,"height":6.0,"municipal_x":440298.255,"municipal_y":4473325.2}},{"type":"Feature","id":"MAD-1661630","geometry":{"type":"Point","coordinates":[-3.7040282,40.4074939]},"properties":{"source":"madrid","assetnum":"1661630","district":"CENTRO","barrio":"EMBAJADORES","species_code":"SJA","species":"STYPHNOLOBIUM JAPONICUM","perimeter_cm":93.0,"height":16.0,"municipal_x":440262.87,"municipal_y":4473224.567}},{"type":"Feature","id":"MAD-10202490","geometry":{"type":"Point","coordinates":[-3.7048547,40.4133755]},"properties":{"source":"madrid","assetnum":"10202490","district":"CENTRO","barrio":"EMBAJADORES","species_code":"CAU","species":"CELTIS AUSTRALIS","perimeter_cm":25.0,"height":5.0,"municipal_x":440197.949,"municipal_y":4473877.972}},{"type":"Feature","id":"MAD-1653174","geometry":{"type":"Point","coordinates":[-3.7024856,40.4100285]},"properties":{"source":"madrid","assetnum":"1653174","district":"CENTRO","barrio":"EMBAJADORES","species_code":"UPU","species":"ULMUS PUMILA","perimeter_cm":156.0,"height":17.0,"municipal_x":440395.995,"municipal_y":4473504.856}},{"type":"Feature","id":"MAD-1682925","geometry":{"type":"Point","coordinates":[-3.6940014,40.4091495]},"properties":{"source":"madrid","assetnum":"1682925","district":"CENTRO","barrio":"EMBAJADORES","species_code":"LST","species":"LIQUIDAMBAR STYRACIFLUA","perimeter_cm":42.0,"height":8.0,"municipal_x":441115.095,"municipal_y":4473401.611}},{"type":"Feature","id":"MAD-1683765","geometry":{"type":"Point","coordinates":[-3.7027999,40.4076404]},"properties":{"source":"madrid","assetnum":"1683765","district":"CENTRO","barrio":"EMBAJADORES","species_code":"UJA","species":"ULMUS DAVIDIANA VAR. JAPONICA","perimeter_cm":70.0,"height":12.0,"municipal_x":440367.22,"municipal_y":4473239.997}},{"type":"Feature","id":"MAD-1629595","geometry":{"type":"Point","coordinates":[-3.7058956,40.406123]},"properties":{"source":"madrid","assetnum":"1629595","district":"CENTRO","barrio":"EMBAJADORES","species_code":"SJA","species":"STYPHNOLOBIUM JAPONICUM","perimeter_cm":81.0,"height":8.0,"municipal_x":440103.203,"municipal_y":4473073.657}},{"type":"Feature","id":"MAD-2068259","geometry":{"type":"Point","coordinates":[-3.7014819,40.4095286]},"properties":{"source":"madrid","assetnum":"2068259","district":"CENTRO","barrio":"EMBAJADORES","species_code":"LJA","species":"LIGUSTRUM JAPONICUM","perimeter_cm":26.0,"height":6.0,"municipal_x":440480.721,"municipal_y":4473448.697}},{"type":"Feature","id":"MAD-1685611","geometry":{"type":"Point","coordinates":[-3.7050429,40.4067674]},"properties":{"source":"madrid","assetnum":"1685611","district":"CENTRO","barrio":"EMBAJADORES","species_code":"UPU","species":"ULMUS PUMILA","perimeter_cm":65.0,"height":11.0,"municipal_x":440176.127,"municipal_y":4473144.606}},{"type":"Feature","id":"MAD-9772961","geometry":{"type":"Point","coordinates":[-3.700846,40.4073598]},"properties":{"source":"madrid","assetnum":"9772961","district":"CENTRO","barrio":"EMBAJADORES","species_code":"ACA","species":"ACER CAMPESTRE","perimeter_cm":16.0,"height":4.1,"municipal_x":440532.768,"municipal_y":4473207.536}},{"type":"Feature","id":"MAD-10202635","geometry":{"type":"Point","coordinates":[-3.6989426,40.4109095]},"properties":{"source":"madrid","assetnum":"10202635","district":"CENTRO","barrio":"EMBAJADORES","species_code":"AMO","species":"ACER MONSPESSULANUM","perimeter_cm":18.0,"height":4.0,"municipal_x":440697.382,"municipal_y":4473600.269}},{"type":"Feature","id":"MAD-1657337","geometry":{"type":"Point","coordinates":[-3.6936506,40.408988]},"properties":{"source":"madrid","assetnum":"1657337","district":"CENTRO","barrio":"EMBAJADORES","species_code":"LST","species":"LIQUIDAMBAR STYRACIFLUA","perimeter_cm":90.0,"height":14.0,"municipal_x":441144.725,"municipal_y":4473383.441}},{"type":"Feature","id":"MAD-1683772","geometry":{"type":"Point","coordinates":[-3.707415,40.4131284]},"properties":{"source":"madrid","assetnum":"1683772","district":"CENTRO","barrio":"EMBAJADORES","species_code":"LJA","species":"LIGUSTRUM JAPONICUM","perimeter_cm":43.0,"height":6.0,"municipal_x":439980.503,"municipal_y":4473852.29}},{"type":"Feature","id":"MAD-1657069","geometry":{"type":"Point","coordinates":[-3.7033833,40.4140697]},"properties":{"source":"madrid","assetnum":"1657069","district":"CENTRO","barrio":"EMBAJADORES","species_code":"AHI","species":"AESCULUS HIPPOCASTANUM","perimeter_cm":60.0,"height":8.0,"municipal_x":440323.4,"municipal_y":4473954.037}},{"type":"Feature","id":"MAD-1669620","geometry":{"type":"Point","coordinates":[-3.7040991,40.4078062]},"properties":{"source":"madrid","assetnum":"1669620","district":"CENTRO","barrio":"EMBAJADORES","species_code":"LJA","species":"LIGUSTRUM JAPONICUM","perimeter_cm":49.0,"height":8.0,"municipal_x":440257.129,"municipal_y":4473259.277}},{"type":"Feature","id":"MAD-1656864","geometry":{"type":"Point","coordinates":[-3.7029677,40.4076367]},"properties":{"source":"madrid","assetnum":"1656864","district":"CENTRO","barrio":"EMBAJADORES","species_code":"UPU","species":"ULMUS PUMILA","perimeter_cm":125.0,"height":16.0,"municipal_x":440352.981,"municipal_y":4473239.693}},{"type":"Feature","id":"MAD-1660399","geometry":{"type":"Point","coordinates":[-3.7019238,40.4054127]},"properties":{"source":"madrid","assetnum":"1660399","district":"CENTRO","barrio":"EMBAJADORES","species_code":"PDA","species":"PLATANUS X HISPANICA","perimeter_cm":196.0,"height":18.0,"municipal_x":440439.591,"municipal_y":4472992.132}},{"type":"Feature","id":"MAD-5038446","geometry":{"type":"Point","coordinates":[-3.708957,40.4065008]},"properties":{"source":"madrid","assetnum":"5038446","district":"CENTRO","barrio":"EMBAJADORES","species_code":"LIN","species":"LAGERSTROEMIA INDICA","perimeter_cm":16.0,"height":3.0,"municipal_x":439843.768,"municipal_y":4473117.668}},{"type":"Feature","id":"MAD-1651676","geometry":{"type":"Point","coordinates":[-3.7029476,40.4094223]},"properties":{"source":"madrid","assetnum":"1651676","district":"CENTRO","barrio":"EMBAJADORES","species_code":"LJA","species":"LIGUSTRUM JAPONICUM","perimeter_cm":44.0,"height":10.0,"municipal_x":440356.261,"municipal_y":4473437.888}},{"type":"Feature","id":"MAD-9132609","geometry":{"type":"Point","coordinates":[-3.7016939,40.4106437]},"properties":{"source":"madrid","assetnum":"9132609","district":"CENTRO","barrio":"EMBAJADORES","species_code":"LJA","species":"LIGUSTRUM JAPONICUM","perimeter_cm":17.0,"height":4.0,"municipal_x":440463.71,"municipal_y":4473572.616}},{"type":"Feature","id":"MAD-1642966","geometry":{"type":"Point","coordinates":[-3.7039571,40.4067818]},"properties":{"source":"madrid","assetnum":"1642966","district":"CENTRO","barrio":"EMBAJADORES","species_code":"MEA","species":"MELIA AZEDARACH","perimeter_cm":48.0,"height":6.5,"municipal_x":440268.268,"municipal_y":4473145.477}},{"type":"Feature","id":"MAD-1678527","geometry":{"type":"Point","coordinates":[-3.6971155,40.407567]},"properties":{"source":"madrid","assetnum":"1678527","district":"CENTRO","barrio":"EMBAJADORES","species_code":"LJV","species":"LIGUSTRUM JAPONICUM 'VARIEGATUM'","perimeter_cm":21.0,"height":5.0,"municipal_x":440849.486,"municipal_y":4473228.024}},{"type":"Feature","id":"MAD-6747392","geometry":{"type":"Point","coordinates":[-3.7044907,40.4066545]},"properties":{"source":"madrid","assetnum":"6747392","district":"CENTRO","barrio":"EMBAJADORES","species_code":"MEA","species":"MELIA AZEDARACH","perimeter_cm":21.0,"height":4.5,"municipal_x":440222.883,"municipal_y":4473131.708}},{"type":"Feature","id":"MAD-9101081","geometry":{"type":"Point","coordinates":[-3.6960773,40.4102119]},"properties":{"source":"madrid","assetnum":"9101081","district":"CENTRO","barrio":"EMBAJADORES","species_code":"PCP","species":"PRUNUS CERASIFERA  SUBSP. PISSARDII","perimeter_cm":18.0,"height":5.0,"municipal_x":440939.89,"municipal_y":4473520.914}},{"type":"Feature","id":"MAD-1652882","geometry":{"type":"Point","coordinates":[-3.6983667,40.4108572]},"properties":{"source":"madrid","assetnum":"1652882","district":"CENTRO","barrio":"EMBAJADORES","species_code":"AJU","species":"ALBIZIA JULIBRISSIN","perimeter_cm":70.0,"height":11.0,"municipal_x":440746.205,"municipal_y":4473594.078}},{"type":"Feature","id":"MAD-1630059","geometry":{"type":"Point","coordinates":[-3.7035501,40.4084255]},"properties":{"source":"madrid","assetnum":"1630059","district":"CENTRO","barrio":"EMBAJADORES","species_code":"ANE","species":"ACER NEGUNDO","perimeter_cm":42.0,"height":7.0,"municipal_x":440304.262,"municipal_y":4473327.651}},{"type":"Feature","id":"MAD-1680640","geometry":{"type":"Point","coordinates":[-3.698532,40.4113865]},"properties":{"source":"madrid","assetnum":"1680640","district":"CENTRO","barrio":"EMBAJADORES","species_code":"LJA","species":"LIGUSTRUM JAPONICUM","perimeter_cm":53.0,"height":6.0,"municipal_x":440732.644,"municipal_y":4473652.944}},{"type":"Feature","id":"MAD-9348168","geometry":{"type":"Point","coordinates":[-3.7059263,40.4118904]},"properties":{"source":"madrid","assetnum":"9348168","district":"CENTRO","barrio":"EMBAJADORES","species_code":"MEA","species":"MELIA AZEDARACH","perimeter_cm":12.0,"height":3.6,"municipal_x":440105.708,"municipal_y":4473713.862}},{"type":"Feature","id":"MAD-8365725","geometry":{"type":"Point","coordinates":[-3.7023486,40.4106296]},"properties":{"source":"madrid","assetnum":"8365725","district":"CENTRO","barrio":"EMBAJADORES","species_code":"MEA","species":"MELIA AZEDARACH","perimeter_cm":26.0,"height":5.0,"municipal_x":440408.147,"municipal_y":4473571.49}},{"type":"Feature","id":"MAD-6747281","geometry":{"type":"Point","coordinates":[-3.7056907,40.4061389]},"properties":{"source":"madrid","assetnum":"6747281","district":"CENTRO","barrio":"EMBAJADORES","species_code":"PAR","species":"PYRUS CALLERYANA 'CHANTICLEER'","perimeter_cm":25.0,"height":4.5,"municipal_x":440120.602,"municipal_y":4473075.282}},{"type":"Feature","id":"MAD-1643416","geometry":{"type":"Point","coordinates":[-3.7040584,40.4068343]},"properties":{"source":"madrid","assetnum":"1643416","district":"CENTRO","barrio":"EMBAJADORES","species_code":"MEA","species":"MELIA AZEDARACH","perimeter_cm":57.0,"height":7.0,"municipal_x":440259.724,"municipal_y":4473151.373}},{"type":"Feature","id":"MAD-5174560","geometry":{"type":"Point","coordinates":[-3.6968397,40.4098158]},"properties":{"source":"madrid","assetnum":"5174560","district":"CENTRO","barrio":"EMBAJADORES","species_code":"AJU","species":"ALBIZIA JULIBRISSIN","perimeter_cm":14.0,"height":3.6,"municipal_x":440874.856,"municipal_y":4473477.46}},{"type":"Feature","id":"MAD-1642729","geometry":{"type":"Point","coordinates":[-3.7102838,40.4068184]},"properties":{"source":"madrid","assetnum":"1642729","district":"CENTRO","barrio":"EMBAJADORES","species_code":"ANE","species":"ACER NEGUNDO","perimeter_cm":82.0,"height":8.0,"municipal_x":439731.467,"municipal_y":4473153.835}},{"type":"Feature","id":"MAD-1656902","geometry":{"type":"Point","coordinates":[-3.6938627,40.4096959]},"properties":{"source":"madrid","assetnum":"1656902","district":"CENTRO","barrio":"EMBAJADORES","species_code":"LJV","species":"LIGUSTRUM JAPONICUM 'VARIEGATUM'","perimeter_cm":35.0,"height":5.5,"municipal_x":441127.343,"municipal_y":4473462.168}},{"type":"Feature","id":"MAD-1674572","geometry":{"type":"Point","coordinates":[-3.7088775,40.4067161]},"properties":{"source":"madrid","assetnum":"1674572","district":"CENTRO","barrio":"EMBAJADORES","species_code":"LJA","species":"LIGUSTRUM JAPONICUM","perimeter_cm":52.0,"height":5.0,"municipal_x":439850.709,"municipal_y":4473141.521}},{"type":"Feature","id":"MAD-10150210","geometry":{"type":"Point","coordinates":[-3.7037394,40.4067553]},"properties":{"source":"madrid","assetnum":"10150210","district":"CENTRO","barrio":"EMBAJADORES","species_code":"ACPF","species":"ACER PECTINATUM SUBSP. FORRESTII","perimeter_cm":16.0,"height":4.0,"municipal_x":440286.72,"municipal_y":4473142.385}},{"type":"Feature","id":"MAD-1656831","geometry":{"type":"Point","coordinates":[-3.6983459,40.4081127]},"properties":{"source":"madrid","assetnum":"1656831","district":"CENTRO","barrio":"EMBAJADORES","species_code":"SJA","species":"STYPHNOLOBIUM JAPONICUM","perimeter_cm":44.0,"height":7.0,"municipal_x":440745.563,"municipal_y":4473289.43}},{"type":"Feature","id":"MAD-1682990","geometry":{"type":"Point","coordinates":[-3.7032322,40.4062689]},"properties":{"source":"madrid","assetnum":"1682990","district":"CENTRO","barrio":"EMBAJADORES","species_code":"SJA","species":"STYPHNOLOBIUM JAPONICUM","perimeter_cm":72.0,"height":12.0,"municipal_x":440329.33,"municipal_y":4473088.047}},{"type":"Feature","id":"MAD-9925378","geometry":{"type":"Point","coordinates":[-3.702337,40.4107354]},"properties":{"source":"madrid","assetnum":"9925378","district":"CENTRO","barrio":"EMBAJADORES","species_code":"MGR","species":"MAGNOLIA GRANDIFLORA","perimeter_cm":16.0,"height":3.0,"municipal_x":440409.23,"municipal_y":4473583.231}},{"type":"Feature","id":"MAD-1683988","geometry":{"type":"Point","coordinates":[-3.6972769,40.4079409]},"properties":{"source":"madrid","assetnum":"1683988","district":"CENTRO","barrio":"EMBAJADORES","species_code":"RPS","species":"ROBINIA PSEUDOACACIA","perimeter_cm":74.0,"height":9.0,"municipal_x":440836.112,"municipal_y":4473269.638}},{"type":"Feature","id":"MAD-1656451","geometry":{"type":"Point","coordinates":[-3.7040626,40.4070116]},"properties":{"source":"madrid","assetnum":"1656451","district":"CENTRO","barrio":"EMBAJADORES","species_code":"UPU","species":"ULMUS PUMILA","perimeter_cm":37.0,"height":8.0,"municipal_x":440259.523,"municipal_y":4473171.057}},{"type":"Feature","id":"MAD-1671949","geometry":{"type":"Point","coordinates":[-3.7036825,40.4073215]},"properties":{"source":"madrid","assetnum":"1671949","district":"CENTRO","barrio":"EMBAJADORES","species_code":"SJA","species":"STYPHNOLOBIUM JAPONICUM","perimeter_cm":66.0,"height":8.0,"municipal_x":440292.05,"municipal_y":4473205.196}}]}